cik,name,sic,sic2,major_group,division,state
2178,"ADAMS RESOURCES & ENERGY, INC.",5172,51,,Wholesale Trade,TX
2488,ADVANCED MICRO DEVICES INC,3674,36,Electronic & Electrical Equipment,Manufacturing,CA
2969,"AIR PRODUCTS & CHEMICALS, INC.",2810,28,Chemicals & Pharmaceuticals,Manufacturing,PA
3499,ALEXANDERS INC,6798,67,Holding & Investment Offices,"Finance, Insurance & Real Estate",NJ
3545,"ALICO, INC.",100,01,,"Agriculture, Forestry & Fishing",FL
3570,CHENIERE ENERGY INC,4924,49,"Electric, Gas & Sanitary Services","Transportation, Communications & Utilities",TX
4127,SKYWORKS SOLUTIONS INC,3674,36,Electronic & Electrical Equipment,Manufacturing,CA
4281,HOWMET AEROSPACE INC.,3350,33,,Manufacturing,PA
4904,AMERICAN ELECTRIC POWER CO INC,4911,49,"Electric, Gas & Sanitary Services","Transportation, Communications & Utilities",OH
4962,AMERICAN EXPRESS CO,6199,61,,"Finance, Insurance & Real Estate",NY
4977,AFLAC INC,6321,63,Insurance Carriers,"Finance, Insurance & Real Estate",GA
5272,"AMERICAN INTERNATIONAL GROUP, INC.",6331,63,Insurance Carriers,"Finance, Insurance & Real Estate",NY
5513,UNUM GROUP,6321,63,Insurance Carriers,"Finance, Insurance & Real Estate",TN
6201,AMERICAN AIRLINES GROUP INC.,4512,45,,"Transportation, Communications & Utilities",TX
6281,ANALOG DEVICES INC,3674,36,Electronic & Electrical Equipment,Manufacturing,MA
6845,"APOGEE ENTERPRISES, INC.",3231,32,,Manufacturing,MN
6951,APPLIED MATERIALS INC /DE,3674,36,Electronic & Electrical Equipment,Manufacturing,CA
7084,ARCHER-DANIELS-MIDLAND CO,2070,20,Food & Kindred Products,Manufacturing,IL
7332,SOUTHWESTERN ENERGY CO,1311,13,Oil & Gas Extraction,Mining,TX
7789,ASSOCIATED BANC-CORP,6022,60,Depository Institutions,"Finance, Insurance & Real Estate",WI
8063,ASTRONICS CORP,3728,37,Transportation Equipment,Manufacturing,NY
8670,AUTOMATIC DATA PROCESSING INC,7374,73,Business Services & Software,Services,NJ
8818,AVERY DENNISON CORP,2670,26,,Manufacturing,OH
8858,AVNET INC,5065,50,Wholesale — Durable Goods,Wholesale Trade,AZ
8947,AZZ INC,3470,34,,Manufacturing,TX
9984,BARNES GROUP INC,3490,34,,Manufacturing,CT
10048,BARNWELL INDUSTRIES INC,1311,13,Oil & Gas Extraction,Mining,HI
10795,BECTON DICKINSON & CO,3841,38,Instruments & Medical Devices,Manufacturing,NJ
11544,BERKLEY W R CORP,6331,63,Insurance Carriers,"Finance, Insurance & Real Estate",CT
12208,"BIO-RAD LABORATORIES, INC.",3826,38,Instruments & Medical Devices,Manufacturing,CA
12927,BOEING CO,3721,37,Transportation Equipment,Manufacturing,VA
14272,BRISTOL MYERS SQUIBB CO,2834,28,Chemicals & Pharmaceuticals,Manufacturing,NJ
14693,BROWN FORMAN CORP,2080,20,Food & Kindred Products,Manufacturing,KY
14707,CALERES INC,3140,31,,Manufacturing,MO
14846,BRT APARTMENTS CORP.,6798,67,Holding & Investment Offices,"Finance, Insurance & Real Estate",NY
14930,BRUNSWICK CORP,3510,35,Industrial Machinery & Computer Equipment,Manufacturing,IL
15615,MASTEC INC,1623,16,,Construction,FL
16058,CACI INTERNATIONAL INC /DE/,7373,73,Business Services & Software,Services,VA
16732,CAMPBELL'S CO,2000,20,Food & Kindred Products,Manufacturing,NJ
16875,CANADIAN PACIFIC KANSAS CITY LTD/CN,4011,40,,"Transportation, Communications & Utilities",AB
16918,"CONSTELLATION BRANDS, INC.",2080,20,Food & Kindred Products,Manufacturing,NY
17843,CARPENTER TECHNOLOGY CORP,3312,33,,Manufacturing,PA
18230,CATERPILLAR INC,3531,35,Industrial Machinery & Computer Equipment,Manufacturing,TX
18349,SYNOVUS FINANCIAL CORP,6021,60,Depository Institutions,"Finance, Insurance & Real Estate",GA
18926,"LUMEN TECHNOLOGIES, INC.",4813,48,Communications,"Transportation, Communications & Utilities",LA
19617,JPMORGAN CHASE & CO,6021,60,Depository Institutions,"Finance, Insurance & Real Estate",NY
20212,CHURCHILL DOWNS INC,7948,79,,Services,KY
20286,CINCINNATI FINANCIAL CORP,6331,63,Insurance Carriers,"Finance, Insurance & Real Estate",OH
21076,CLOROX CO /DE/,2842,28,Chemicals & Pharmaceuticals,Manufacturing,CA
21175,CNA FINANCIAL CORP,6331,63,Insurance Carriers,"Finance, Insurance & Real Estate",IL
21344,COCA COLA CO,2080,20,Food & Kindred Products,Manufacturing,GA
21665,COLGATE PALMOLIVE CO,2844,28,Chemicals & Pharmaceuticals,Manufacturing,NY
22356,COMMERCE BANCSHARES INC /MO/,6022,60,Depository Institutions,"Finance, Insurance & Real Estate",MO
22701,PINEAPPLE ENERGY INC.,3661,36,Electronic & Electrical Equipment,Manufacturing,MN
24090,"CITIZENS, INC.",6311,63,Insurance Carriers,"Finance, Insurance & Real Estate",TX
24545,MOLSON COORS BEVERAGE CO,2082,20,Food & Kindred Products,Manufacturing,CO
25232,COUSINS PROPERTIES INC,6798,67,Holding & Investment Offices,"Finance, Insurance & Real Estate",GA
26172,CUMMINS INC,3510,35,Industrial Machinery & Computer Equipment,Manufacturing,IN
26324,CURTISS WRIGHT CORP,3590,35,Industrial Machinery & Computer Equipment,Manufacturing,NC
27419,TARGET CORP,5331,53,,Retail Trade,MN
27904,"DELTA AIR LINES, INC.",4512,45,,"Transportation, Communications & Utilities",GA
27996,DELUXE CORP,2780,27,,Manufacturing,MN
28412,COMERICA INC /NEW/,6021,60,Depository Institutions,"Finance, Insurance & Real Estate",TX
28823,"DIEBOLD NIXDORF, INC",3578,35,Industrial Machinery & Computer Equipment,Manufacturing,OH
28917,"DILLARD'S, INC.",5311,53,,Retail Trade,AR
29332,DIXIE GROUP INC,2273,22,,Manufacturing,GA
29644,DONALDSON CO INC,3564,35,Industrial Machinery & Computer Equipment,Manufacturing,MN
29905,DOVER CORP,3530,35,Industrial Machinery & Computer Equipment,Manufacturing,IL
100790,UNION CARBIDE CORP /NEW/,2860,28,Chemicals & Pharmaceuticals,Manufacturing,TX
29989,OMNICOM GROUP INC.,7311,73,Business Services & Software,Services,NY
30625,FLOWSERVE CORP,3561,35,Industrial Machinery & Computer Equipment,Manufacturing,TX
30697,WENDY'S CO,5810,58,Eating & Drinking Places,Retail Trade,OH
31791,"REVVITY, INC.",3826,38,Instruments & Medical Devices,Manufacturing,MA
32604,EMERSON ELECTRIC CO,3600,36,Electronic & Electrical Equipment,Manufacturing,MO
33185,EQUIFAX INC,7320,73,Business Services & Software,Services,GA
33213,EQT CORP,1311,13,Oil & Gas Extraction,Mining,PA
34067,DMC GLOBAL INC.,3390,33,,Manufacturing,CO
34088,EXXON MOBIL CORP,2911,29,,Manufacturing,TX
34563,FARMER BROTHERS CO,2090,20,Food & Kindred Products,Manufacturing,TX
34782,1ST SOURCE CORP,6022,60,Depository Institutions,"Finance, Insurance & Real Estate",IN
34903,FEDERAL REALTY INVESTMENT TRUST,6798,67,Holding & Investment Offices,"Finance, Insurance & Real Estate",MD
35527,FIFTH THIRD BANCORP,6022,60,Depository Institutions,"Finance, Insurance & Real Estate",OH
36104,US BANCORP DE,6021,60,Depository Institutions,"Finance, Insurance & Real Estate",MN
36966,FIRST HORIZON CORP,6021,60,Depository Institutions,"Finance, Insurance & Real Estate",TN
37785,FMC CORP,2800,28,Chemicals & Pharmaceuticals,Manufacturing,PA
37808,FNB CORP/PA/,6021,60,Depository Institutions,"Finance, Insurance & Real Estate",PA
37996,FORD MOTOR CO,3711,37,Transportation Equipment,Manufacturing,MI
38009,FORD MOTOR CREDIT CO LLC,6159,61,,"Finance, Insurance & Real Estate",MI
38723,1ST FRANKLIN FINANCIAL CORP,6141,61,,"Finance, Insurance & Real Estate",GA
38725,FRANKLIN ELECTRIC CO INC,3621,36,Electronic & Electrical Equipment,Manufacturing,IN
38777,FRANKLIN RESOURCES INC,6282,62,,"Finance, Insurance & Real Estate",CA
39263,"CULLEN/FROST BANKERS, INC.",6021,60,Depository Institutions,"Finance, Insurance & Real Estate",TX
39311,INDEPENDENT BANK CORP /MI/,6022,60,Depository Institutions,"Finance, Insurance & Real Estate",MI
39911,GAP INC,5651,56,,Retail Trade,CA
40211,GATX CORP,4700,47,,"Transportation, Communications & Utilities",IL
40533,GENERAL DYNAMICS CORP,3730,37,Transportation Equipment,Manufacturing,VA
40545,GENERAL ELECTRIC CO,3600,36,Electronic & Electrical Equipment,Manufacturing,OH
40729,ALLY FINANCIAL INC.,6022,60,Depository Institutions,"Finance, Insurance & Real Estate",MI
40987,GENUINE PARTS CO,5013,50,Wholesale — Durable Goods,Wholesale Trade,GA
41719,MAGNERA CORP,2621,26,,Manufacturing,NC
42888,GRACO INC,3561,35,Industrial Machinery & Computer Equipment,Manufacturing,MN
43920,"GREIF, INC",3412,34,,Manufacturing,OH
45012,HALLIBURTON CO,1389,13,Oil & Gas Extraction,Mining,TX
45876,ENVIRI CORP,8900,89,,Services,PA
45919,HARTE HANKS INC,7331,73,Business Services & Software,Services,MA
46080,"HASBRO, INC.",3944,39,,Manufacturing,RI
46250,HAWKINS INC,5160,51,,Wholesale Trade,MN
46619,HEICO CORP,3724,37,Transportation Equipment,Manufacturing,FL
46765,"HELMERICH & PAYNE, INC.",1381,13,Oil & Gas Extraction,Mining,OK
47111,HERSHEY CO,2060,20,Food & Kindred Products,Manufacturing,PA
47217,HP INC,3570,35,Industrial Machinery & Computer Equipment,Manufacturing,CA
48287,HNI CORP,2522,25,,Manufacturing,IA
48465,HORMEL FOODS CORP /DE/,2011,20,Food & Kindred Products,Manufacturing,MN
49071,HUMANA INC,6324,63,Insurance Carriers,"Finance, Insurance & Real Estate",KY
49196,HUNTINGTON BANCSHARES INC /MD/,6021,60,Depository Institutions,"Finance, Insurance & Real Estate",OH
49600,EASTGROUP PROPERTIES INC,6798,67,Holding & Investment Offices,"Finance, Insurance & Real Estate",MS
49826,ILLINOIS TOOL WORKS INC,3560,35,Industrial Machinery & Computer Equipment,Manufacturing,IL
49938,IMPERIAL OIL LTD,2911,29,,Manufacturing,AB
50493,INGLES MARKETS INC,5411,54,,Retail Trade,NC
50725,GRIFFON CORP,3442,34,,Manufacturing,NY
50863,INTEL CORP,3674,36,Electronic & Electrical Equipment,Manufacturing,CA
51143,INTERNATIONAL BUSINESS MACHINES CORP,3570,35,Industrial Machinery & Computer Equipment,Manufacturing,NY
51253,INTERNATIONAL FLAVORS & FRAGRANCES INC,2860,28,Chemicals & Pharmaceuticals,Manufacturing,NY
51434,INTERNATIONAL PAPER CO /NEW/,2621,26,,Manufacturing,TN
51644,"INTERPUBLIC GROUP OF COMPANIES, INC.",7311,73,Business Services & Software,Services,NY
52827,RAYONIER INC,6798,67,Holding & Investment Offices,"Finance, Insurance & Real Estate",FL
52988,JACOBS SOLUTIONS INC.,1600,16,,Construction,TX
55135,KELLY SERVICES INC,7363,73,Business Services & Software,Services,MI
55242,KENNAMETAL INC,3541,35,Industrial Machinery & Computer Equipment,Manufacturing,PA
55529,KEWAUNEE SCIENTIFIC CORP /DE/,3821,38,Instruments & Medical Devices,Manufacturing,NC
55785,KIMBERLY CLARK CORP,2670,26,,Manufacturing,TX
56701,KOSS CORP,3651,36,Electronic & Electrical Equipment,Manufacturing,WI
56978,KULICKE & SOFFA INDUSTRIES INC,3674,36,Electronic & Electrical Equipment,Manufacturing,
57131,LA-Z-BOY INC,2510,25,,Manufacturing,MI
57515,LANCASTER COLONY CORP,2030,20,Food & Kindred Products,Manufacturing,OH
58492,LEGGETT & PLATT INC,2510,25,,Manufacturing,MO
59440,VECTOR GROUP LTD,2111,21,,Manufacturing,FL
59478,ELI LILLY & CO,2834,28,Chemicals & Pharmaceuticals,Manufacturing,IN
59527,LINCOLN ELECTRIC HOLDINGS INC,3540,35,Industrial Machinery & Computer Equipment,Manufacturing,OH
59558,LINCOLN NATIONAL CORP,6311,63,Insurance Carriers,"Finance, Insurance & Real Estate",PA
60086,LOEWS CORP,6331,63,Insurance Carriers,"Finance, Insurance & Real Estate",NY
60667,LOWES COMPANIES INC,5211,52,,Retail Trade,NC
61398,TELLURIAN INC. /DE/,1311,13,Oil & Gas Extraction,Mining,TX
62234,MARCUS CORP,7830,78,,Services,WI
62709,"MARSH & MCLENNAN COMPANIES, INC.",6411,64,,"Finance, Insurance & Real Estate",NY
62996,MASCO CORP /DE/,3430,34,,Manufacturing,MI
63296,MATTHEWS INTERNATIONAL CORP,3360,33,,Manufacturing,PA
63908,MCDONALDS CORP,5812,58,Eating & Drinking Places,Retail Trade,IL
64040,S&P GLOBAL INC.,7320,73,Business Services & Software,Services,NY
64803,CVS HEALTH CORP,5912,59,Miscellaneous Retail,Retail Trade,RI
64996,MERCURY GENERAL CORP,6331,63,Insurance Carriers,"Finance, Insurance & Real Estate",CA
65984,ENTERGY CORP /DE/,4911,49,"Electric, Gas & Sanitary Services","Transportation, Communications & Utilities",LA
66382,"MILLERKNOLL, INC.",2520,25,,Manufacturing,MI
66570,MSA SAFETY INC,3842,38,Instruments & Medical Devices,Manufacturing,PA
66740,3M CO,3841,38,Instruments & Medical Devices,Manufacturing,MN
66756,ALLETE INC,4931,49,"Electric, Gas & Sanitary Services","Transportation, Communications & Utilities",MN
67088,MITSUBISHI UFJ FINANCIAL GROUP INC,6029,60,Depository Institutions,"Finance, Insurance & Real Estate",
67215,DYCOM INDUSTRIES INC,1623,16,,Construction,FL
67716,MDU RESOURCES GROUP INC,1400,14,,Mining,ND
67887,MOOG INC.,3590,35,Industrial Machinery & Computer Equipment,Manufacturing,NY
68505,"MOTOROLA SOLUTIONS, INC.",3663,36,Electronic & Electrical Equipment,Manufacturing,IL
68622,QWEST CORP,4813,48,Communications,"Transportation, Communications & Utilities",LA
70145,NATIONAL FUEL GAS CO,4924,49,"Electric, Gas & Sanitary Services","Transportation, Communications & Utilities",NY
70318,TENET HEALTHCARE CORP,8062,80,Health Services,Services,TX
70502,NATIONAL RURAL UTILITIES COOPERATIVE FINANCE CORP /DC/,6159,61,,"Finance, Insurance & Real Estate",VA
70858,BANK OF AMERICA CORP /DE/,6021,60,Depository Institutions,"Finance, Insurance & Real Estate",NC
70866,NCR VOYIX CORP,3578,35,Industrial Machinery & Computer Equipment,Manufacturing,GA
71691,NEW YORK TIMES CO,2711,27,,Manufacturing,NY
71829,NPK INTERNATIONAL INC.,3533,35,Industrial Machinery & Computer Equipment,Manufacturing,TX
72331,NORDSON CORP,3569,35,Industrial Machinery & Computer Equipment,Manufacturing,OH
72333,NORDSTROM INC,5651,56,,Retail Trade,WA
72741,EVERSOURCE ENERGY,4911,49,"Electric, Gas & Sanitary Services","Transportation, Communications & Utilities",MA
72903,XCEL ENERGY INC,4931,49,"Electric, Gas & Sanitary Services","Transportation, Communications & Utilities",MN
72909,NORTHERN STATES POWER CO /WI/,4931,49,"Electric, Gas & Sanitary Services","Transportation, Communications & Utilities",WI
72971,WELLS FARGO & COMPANY/MN,6021,60,Depository Institutions,"Finance, Insurance & Real Estate",CA
73124,NORTHERN TRUST CORP,6022,60,Depository Institutions,"Finance, Insurance & Real Estate",IL
73756,OCEANEERING INTERNATIONAL INC,1389,13,Oil & Gas Extraction,Mining,TX
74208,"UDR, INC.",6798,67,Holding & Investment Offices,"Finance, Insurance & Real Estate",CO
74260,OLD REPUBLIC INTERNATIONAL CORP,6351,63,Insurance Carriers,"Finance, Insurance & Real Estate",IL
74303,OLIN CORP,2800,28,Chemicals & Pharmaceuticals,Manufacturing,MO
75288,OXFORD INDUSTRIES INC,2320,23,,Manufacturing,GA
76282,PARK OHIO HOLDINGS CORP,3460,34,,Manufacturing,OH
76334,PARKER-HANNIFIN CORP,3490,34,,Manufacturing,OH
76605,PATRICK INDUSTRIES INC,3714,37,Transportation Equipment,Manufacturing,IN
77360,PENTAIR PLC,3550,35,Industrial Machinery & Computer Equipment,Manufacturing,
77476,PEPSICO INC,2080,20,Food & Kindred Products,Manufacturing,NY
77543,TUTOR PERINI CORP,1540,15,,Construction,CA
78003,PFIZER INC,2834,28,Chemicals & Pharmaceuticals,Manufacturing,NY
78239,PVH CORP. /DE/,2320,23,,Manufacturing,NY
78814,PITNEY BOWES INC /DE/,3579,35,Industrial Machinery & Computer Equipment,Manufacturing,CT
78890,BRINKS CO,4731,47,,"Transportation, Communications & Utilities",VA
79879,PPG INDUSTRIES INC,2851,28,Chemicals & Pharmaceuticals,Manufacturing,PA
80420,POWELL INDUSTRIES INC,3613,36,Electronic & Electrical Equipment,Manufacturing,TX
80424,PROCTER & GAMBLE CO,2840,28,Chemicals & Pharmaceuticals,Manufacturing,OH
80661,PROGRESSIVE CORP/OH/,6331,63,Insurance Carriers,"Finance, Insurance & Real Estate",OH
81018,PUBLIC SERVICE CO OF COLORADO,4931,49,"Electric, Gas & Sanitary Services","Transportation, Communications & Utilities",CO
81061,PUBLIX SUPER MARKETS INC,5411,54,,Retail Trade,FL
81362,QUAKER CHEMICAL CORP,2990,29,,Manufacturing,PA
82811,REGAL REXNORD CORP,3569,35,Industrial Machinery & Computer Equipment,Manufacturing,WI
83246,HSBC USA INC /MD/,6021,60,Depository Institutions,"Finance, Insurance & Real Estate",NY
83350,RESERVE PETROLEUM CO,1311,13,Oil & Gas Extraction,Mining,OK
84748,ROGERS CORP,2821,28,Chemicals & Pharmaceuticals,Manufacturing,AZ
84839,ROLLINS INC,7340,73,Business Services & Software,Services,GA
85535,ROYAL GOLD INC,6795,67,Holding & Investment Offices,"Finance, Insurance & Real Estate",CO
85961,RYDER SYSTEM INC,7510,75,,Services,FL
86312,"TRAVELERS COMPANIES, INC.",6331,63,Insurance Carriers,"Finance, Insurance & Real Estate",MN
88121,SEABOARD CORP /DE/,5150,51,,Wholesale Trade,KS
88205,"SPX TECHNOLOGIES, INC.",3540,35,Industrial Machinery & Computer Equipment,Manufacturing,NC
88941,SEMTECH CORP,3674,36,Electronic & Electrical Equipment,Manufacturing,CA
89089,SERVICE CORP INTERNATIONAL,7200,72,,Services,TX
89439,MUELLER INDUSTRIES INC,3350,33,,Manufacturing,TN
89800,SHERWIN WILLIAMS CO,5200,52,,Retail Trade,OH
90168,SIFCO INDUSTRIES INC,3724,37,Transportation Equipment,Manufacturing,OH
91142,SMITH A O CORP,3630,36,Electronic & Electrical Equipment,Manufacturing,WI
91419,J M SMUCKER CO,2033,20,Food & Kindred Products,Manufacturing,OH
91440,SNAP-ON INC,3420,34,,Manufacturing,WI
91767,SONOCO PRODUCTS CO,2650,26,,Manufacturing,SC
92122,SOUTHERN CO,4911,49,"Electric, Gas & Sanitary Services","Transportation, Communications & Utilities",GA
92230,TRUIST FINANCIAL CORP,6021,60,Depository Institutions,"Finance, Insurance & Real Estate",NC
92380,SOUTHWEST AIRLINES CO,4512,45,,"Transportation, Communications & Utilities",TX
92521,SOUTHWESTERN PUBLIC SERVICE CO,4931,49,"Electric, Gas & Sanitary Services","Transportation, Communications & Utilities",TX
93410,CHEVRON CORP,2911,29,,Manufacturing,TX
93556,"STANLEY BLACK & DECKER, INC.",3420,34,,Manufacturing,CT
93751,STATE STREET CORP,6022,60,Depository Institutions,"Finance, Insurance & Real Estate",MA
94344,STEWART INFORMATION SERVICES CORP,6361,63,Insurance Carriers,"Finance, Insurance & Real Estate",TX
95953,ASCENT INDUSTRIES CO.,3317,33,,Manufacturing,IL
96021,SYSCO CORP,5140,51,,Wholesale Trade,TX
96223,JEFFERIES FINANCIAL GROUP INC.,6211,62,,"Finance, Insurance & Real Estate",NY
96869,TEJON RANCH CO,6500,65,,"Finance, Insurance & Real Estate",CA
96943,TELEFLEX INC,3841,38,Instruments & Medical Devices,Manufacturing,PA
97134,TENNANT CO,3580,35,Industrial Machinery & Computer Equipment,Manufacturing,MN
97216,TEREX CORP,3537,35,Industrial Machinery & Computer Equipment,Manufacturing,CT
97476,TEXAS INSTRUMENTS INC,3674,36,Electronic & Electrical Equipment,Manufacturing,TX
97745,THERMO FISHER SCIENTIFIC INC.,3829,38,Instruments & Medical Devices,Manufacturing,MA
98362,TIMKEN CO,3562,35,Industrial Machinery & Computer Equipment,Manufacturing,OH
99250,"TRANSCONTINENTAL GAS PIPE LINE COMPANY, LLC",4922,49,"Electric, Gas & Sanitary Services","Transportation, Communications & Utilities",TX
99780,TRINITY INDUSTRIES INC,3743,37,Transportation Equipment,Manufacturing,TX
100122,TUCSON ELECTRIC POWER CO,4911,49,"Electric, Gas & Sanitary Services","Transportation, Communications & Utilities",AZ
100493,"TYSON FOODS, INC.",2015,20,Food & Kindred Products,Manufacturing,AR
100517,"UNITED AIRLINES HOLDINGS, INC.",4512,45,,"Transportation, Communications & Utilities",IL
101199,UNITED FIRE GROUP INC,6331,63,Insurance Carriers,"Finance, Insurance & Real Estate",IA
101778,MARATHON OIL CORP,1311,13,Oil & Gas Extraction,Mining,TX
101829,RTX CORP,3724,37,Transportation Equipment,Manufacturing,VA
101984,UNIVERSAL ELECTRONICS INC,3651,36,Electronic & Electrical Equipment,Manufacturing,AZ
102037,UNIVERSAL CORP /VA/,5150,51,,Wholesale Trade,VA
102212,UNIVEST FINANCIAL CORP,6022,60,Depository Institutions,"Finance, Insurance & Real Estate",PA
102729,VALMONT INDUSTRIES INC,3440,34,,Manufacturing,NE
102752,VSE CORP,8711,87,"Engineering, Accounting & Management Services",Services,FL
103379,V F CORP,2320,23,,Manufacturing,CO
103730,VISHAY INTERTECHNOLOGY INC,3670,36,Electronic & Electrical Equipment,Manufacturing,PA
104169,WALMART INC.,5331,53,,Retail Trade,AR
104889,GRAHAM HOLDINGS CO,8200,82,,Services,VA
104894,ELME COMMUNITIES,6798,67,Holding & Investment Offices,"Finance, Insurance & Real Estate",MD
105132,WD 40 CO,2890,28,Chemicals & Pharmaceuticals,Manufacturing,CA
105418,WEIS MARKETS INC,5411,54,,Retail Trade,PA
105634,"EMCOR GROUP, INC.",1731,17,,Construction,CT
105770,WEST PHARMACEUTICAL SERVICES INC,3841,38,Instruments & Medical Devices,Manufacturing,PA
106040,WESTERN DIGITAL CORP,3572,35,Industrial Machinery & Computer Equipment,Manufacturing,CA
106640,WHIRLPOOL CORP /DE/,3630,36,Electronic & Electrical Equipment,Manufacturing,MI
107140,"JOHN WILEY & SONS, INC.",2731,27,,Manufacturing,NJ
107263,"WILLIAMS COMPANIES, INC.",4922,49,"Electric, Gas & Sanitary Services","Transportation, Communications & Utilities",OK
783325,"WEC ENERGY GROUP, INC.",4931,49,"Electric, Gas & Sanitary Services","Transportation, Communications & Utilities",WI
107815,WISCONSIN ELECTRIC POWER CO,4911,49,"Electric, Gas & Sanitary Services","Transportation, Communications & Utilities",WI
107833,WISCONSIN PUBLIC SERVICE CORP,4931,49,"Electric, Gas & Sanitary Services","Transportation, Communications & Utilities",WI
108385,WORLD ACCEPTANCE CORP,6141,61,,"Finance, Insurance & Real Estate",SC
108985,YORK WATER CO,4941,49,"Electric, Gas & Sanitary Services","Transportation, Communications & Utilities",PA
109177,"SPECTRUM BRANDS HOLDINGS, INC.",3690,36,Electronic & Electrical Equipment,Manufacturing,WI
109198,TJX COMPANIES INC /DE/,5651,56,,Retail Trade,MA
109380,"ZIONS BANCORPORATION, NATIONAL ASSOCIATION /UT/",6021,60,Depository Institutions,"Finance, Insurance & Real Estate",UT
109563,APPLIED INDUSTRIAL TECHNOLOGIES INC,5080,50,Wholesale — Durable Goods,Wholesale Trade,OH
110019,NORTHWEST PIPELINE LLC,4922,49,"Electric, Gas & Sanitary Services","Transportation, Communications & Utilities",UT
110471,WOLVERINE WORLD WIDE INC /DE/,3140,31,,Manufacturing,MI
200406,JOHNSON & JOHNSON,2834,28,Chemicals & Pharmaceuticals,Manufacturing,NJ
202058,"L3HARRIS TECHNOLOGIES, INC. /DE/",3812,38,Instruments & Medical Devices,Manufacturing,FL
205402,GRAYBAR ELECTRIC CO INC,5063,50,Wholesale — Durable Goods,Wholesale Trade,MO
215466,"COEUR MINING, INC.",1040,10,,Mining,IL
216228,ITT INC.,3561,35,Industrial Machinery & Computer Equipment,Manufacturing,CT
217346,TEXTRON INC,3720,37,Transportation Equipment,Manufacturing,RI
217410,UNILEVER PLC,2840,28,Chemicals & Pharmaceuticals,Manufacturing,
230557,SELECTIVE INSURANCE GROUP INC,6331,63,Insurance Carriers,"Finance, Insurance & Real Estate",NJ
277135,"W.W. GRAINGER, INC.",5000,50,Wholesale — Durable Goods,Wholesale Trade,IL
277509,FEDERAL SIGNAL CORP /DE/,3711,37,Transportation Equipment,Manufacturing,IL
277638,DAVEY TREE EXPERT CO,700,07,,"Agriculture, Forestry & Fishing",OH
277948,CSX CORP,4011,40,,"Transportation, Communications & Utilities",FL
278166,CAVCO INDUSTRIES INC.,2451,24,,Manufacturing,AZ
310522,FEDERAL NATIONAL MORTGAGE ASSOCIATION FANNIE MAE,6111,61,,"Finance, Insurance & Real Estate",DC
310764,STRYKER CORP,3841,38,Instruments & Medical Devices,Manufacturing,MI
312069,BARCLAYS PLC,6029,60,Depository Institutions,"Finance, Insurance & Real Estate",
312070,BARCLAYS BANK PLC,6029,60,Depository Institutions,"Finance, Insurance & Real Estate",
313143,HAEMONETICS CORP,3841,38,Instruments & Medical Devices,Manufacturing,MA
313616,DANAHER CORP /DE/,3823,38,Instruments & Medical Devices,Manufacturing,DC
313807,BP PLC,2911,29,,Manufacturing,
314489,FIRST BUSEY CORP /NV/,6022,60,Depository Institutions,"Finance, Insurance & Real Estate",IL
314808,VALARIS LTD,1381,13,Oil & Gas Extraction,Mining,
315213,ROBERT HALF INC.,7363,73,Business Services & Software,Services,CA
316709,SCHWAB CHARLES CORP,6211,62,,"Finance, Insurance & Real Estate",TX
317540,"COCA-COLA CONSOLIDATED, INC.",2086,20,Food & Kindred Products,Manufacturing,NC
318154,AMGEN INC,2836,28,Chemicals & Pharmaceuticals,Manufacturing,CA
318300,PEOPLES BANCORP INC,6022,60,Depository Institutions,"Finance, Insurance & Real Estate",OH
318833,TEAM INC,7600,76,,Services,TX
319201,KLA CORP,3827,38,Instruments & Medical Devices,Manufacturing,CA
320017,"LISATA THERAPEUTICS, INC.",2834,28,Chemicals & Pharmaceuticals,Manufacturing,NJ
320121,TELOS CORP,7373,73,Business Services & Software,Services,VA
320187,"NIKE, INC.",3021,30,,Manufacturing,OR
320193,APPLE INC,3571,35,Industrial Machinery & Computer Equipment,Manufacturing,CA
320335,GLOBE LIFE INC.,6311,63,Insurance Carriers,"Finance, Insurance & Real Estate",TX
350698,"AUTONATION, INC.",5500,55,,Retail Trade,FL
350868,"ITERIS, INC.",3669,36,Electronic & Electrical Equipment,Manufacturing,TX
350894,SEI INVESTMENTS CO,6211,62,,"Finance, Insurance & Real Estate",PA
351569,AMERIS BANCORP,6022,60,Depository Institutions,"Finance, Insurance & Real Estate",GA
352541,ALLIANT ENERGY CORP,4931,49,"Electric, Gas & Sanitary Services","Transportation, Communications & Utilities",WI
352825,FOSTER L B CO,5051,50,Wholesale — Durable Goods,Wholesale Trade,PA
353184,AIR T INC,4513,45,,"Transportation, Communications & Utilities",NC
354707,HAWAIIAN ELECTRIC INDUSTRIES INC,4911,49,"Electric, Gas & Sanitary Services","Transportation, Communications & Utilities",HI
354950,"HOME DEPOT, INC.",5211,52,,Retail Trade,GA
355019,FONAR CORP,3845,38,Instruments & Medical Devices,Manufacturing,NY
355811,GENTEX CORP,3714,37,Transportation Equipment,Manufacturing,MI
356037,CSP INC /MA/,7373,73,Business Services & Software,Services,MA
356171,TRICO BANCSHARES /,6022,60,Depository Institutions,"Finance, Insurance & Real Estate",CA
356309,NEW JERSEY RESOURCES CORP,4924,49,"Electric, Gas & Sanitary Services","Transportation, Communications & Utilities",NJ
357173,OLD SECOND BANCORP INC,6022,60,Depository Institutions,"Finance, Insurance & Real Estate",IL
700564,FULTON FINANCIAL CORP,6021,60,Depository Institutions,"Finance, Insurance & Real Estate",PA
700923,MYR GROUP INC.,1623,16,,Construction,CO
701347,CENTRAL PACIFIC FINANCIAL CORP,6022,60,Depository Institutions,"Finance, Insurance & Real Estate",HI
701985,"BATH & BODY WORKS, INC.",5990,59,Miscellaneous Retail,Retail Trade,OH
702165,NORFOLK SOUTHERN CORP,4011,40,,"Transportation, Communications & Utilities",GA
703351,"BRINKER INTERNATIONAL, INC",5812,58,Eating & Drinking Places,Retail Trade,TX
703604,"DISTRIBUTION SOLUTIONS GROUP, INC.",5080,50,Wholesale — Durable Goods,Wholesale Trade,TX
705432,SOUTHSIDE BANCSHARES INC,6022,60,Depository Institutions,"Finance, Insurance & Real Estate",TX
706129,HORIZON BANCORP INC /IN/,6022,60,Depository Institutions,"Finance, Insurance & Real Estate",IN
706863,UNION BANKSHARES INC,6022,60,Depository Institutions,"Finance, Insurance & Real Estate",VT
707179,OLD NATIONAL BANCORP /IN/,6021,60,Depository Institutions,"Finance, Insurance & Real Estate",IN
707388,"STAR EQUITY HOLDINGS, INC.",3845,38,Instruments & Medical Devices,Manufacturing,CT
707549,LAM RESEARCH CORP,3559,35,Industrial Machinery & Computer Equipment,Manufacturing,CA
708781,CASS INFORMATION SYSTEMS INC,7389,73,Business Services & Software,Services,MO
708821,PAR TECHNOLOGY CORP,3578,35,Industrial Machinery & Computer Equipment,Manufacturing,NY
708955,FIRST FINANCIAL BANCORP /OH/,6021,60,Depository Institutions,"Finance, Insurance & Real Estate",OH
709283,QUANTUM CORP /DE/,3572,35,Industrial Machinery & Computer Equipment,Manufacturing,CA
711404,"COOPER COMPANIES, INC.",3851,38,Instruments & Medical Devices,Manufacturing,CA
711669,COLONY BANKCORP INC,6022,60,Depository Institutions,"Finance, Insurance & Real Estate",GA
712515,ELECTRONIC ARTS INC.,7372,73,Business Services & Software,Services,CA
712534,FIRST MERCHANTS CORP,6021,60,Depository Institutions,"Finance, Insurance & Real Estate",IN
712537,FIRST COMMONWEALTH FINANCIAL CORP /PA/,6021,60,Depository Institutions,"Finance, Insurance & Real Estate",PA
713676,"PNC FINANCIAL SERVICES GROUP, INC.",6021,60,Depository Institutions,"Finance, Insurance & Real Estate",PA
714310,VALLEY NATIONAL BANCORP,6021,60,Depository Institutions,"Finance, Insurance & Real Estate",NY
714395,"GERMAN AMERICAN BANCORP, INC.",6022,60,Depository Institutions,"Finance, Insurance & Real Estate",IN
714562,FIRST FINANCIAL CORP /IN/,6022,60,Depository Institutions,"Finance, Insurance & Real Estate",IN
715072,RENASANT CORP,6022,60,Depository Institutions,"Finance, Insurance & Real Estate",MS
715579,ACNB CORP,6022,60,Depository Institutions,"Finance, Insurance & Real Estate",PA
715787,INTERFACE INC,2273,22,,Manufacturing,GA
716605,PENNS WOODS BANCORP INC,6022,60,Depository Institutions,"Finance, Insurance & Real Estate",PA
716634,READING INTERNATIONAL INC,7830,78,,Services,CA
716643,REGIS CORP,7200,72,,Services,MN
717423,MURPHY OIL CORP,1311,13,Oil & Gas Extraction,Mining,TX
717538,ARROW FINANCIAL CORP,6021,60,Depository Institutions,"Finance, Insurance & Real Estate",NY
718940,BCE INC,4813,48,Communications,"Transportation, Communications & Utilities",QC
719135,APYX MEDICAL CORP,3841,38,Instruments & Medical Devices,Manufacturing,FL
719220,S&T BANCORP INC,6022,60,Depository Institutions,"Finance, Insurance & Real Estate",PA
720005,RAYMOND JAMES FINANCIAL INC,6211,62,,"Finance, Insurance & Real Estate",FL
720858,INVESTORS TITLE CO,6361,63,Insurance Carriers,"Finance, Insurance & Real Estate",NC
721371,CARDINAL HEALTH INC,5122,51,,Wholesale Trade,OH
721994,LAKELAND FINANCIAL CORP,6022,60,Depository Institutions,"Finance, Insurance & Real Estate",IN
723254,CINTAS CORP,2320,23,,Manufacturing,OH
723612,"AVIS BUDGET GROUP, INC.",7510,75,,Services,NJ
723646,FRANKLIN FINANCIAL SERVICES CORP /PA/,6022,60,Depository Institutions,"Finance, Insurance & Real Estate",PA
723733,"MULTI SOLUTIONS II, INC",6770,67,Holding & Investment Offices,"Finance, Insurance & Real Estate",FL
726601,CAPITAL CITY BANK GROUP INC,6022,60,Depository Institutions,"Finance, Insurance & Real Estate",FL
726728,REALTY INCOME CORP,6798,67,Holding & Investment Offices,"Finance, Insurance & Real Estate",CA
726854,CITY HOLDING CO,6021,60,Depository Institutions,"Finance, Insurance & Real Estate",WV
726865,LINCOLN NATIONAL LIFE INSURANCE CO /IN/,6311,63,Insurance Carriers,"Finance, Insurance & Real Estate",IN
726958,CASEYS GENERAL STORES INC,5500,55,,Retail Trade,IA
727920,EQUITABLE FINANCIAL LIFE INSURANCE CO,6411,64,,"Finance, Insurance & Real Estate",NY
728391,"IPALCO ENTERPRISES, INC.",4911,49,"Electric, Gas & Sanitary Services","Transportation, Communications & Utilities",IN
730263,THOR INDUSTRIES INC,3716,37,Transportation Equipment,Manufacturing,IN
730708,SEACOAST BANKING CORP OF FLORIDA,6022,60,Depository Institutions,"Finance, Insurance & Real Estate",FL
731012,HEALTHCARE SERVICES GROUP INC,8050,80,Health Services,Services,PA
731766,UNITEDHEALTH GROUP INC,6324,63,Insurance Carriers,"Finance, Insurance & Real Estate",MN
731802,ATMOS ENERGY CORP,4924,49,"Electric, Gas & Sanitary Services","Transportation, Communications & Utilities",TX
732417,HILLS BANCORPORATION,6022,60,Depository Institutions,"Finance, Insurance & Real Estate",IA
732712,VERIZON COMMUNICATIONS INC,4813,48,Communications,"Transportation, Communications & Utilities",NY
732717,AT&T INC.,4813,48,Communications,"Transportation, Communications & Utilities",TX
733076,BRIGHTHOUSE LIFE INSURANCE CO,6311,63,Insurance Carriers,"Finance, Insurance & Real Estate",NC
733269,"LIVERAMP HOLDINGS, INC.",7374,73,Business Services & Software,Services,CA
733590,TRANSCONTINENTAL REALTY INVESTORS INC,6798,67,Holding & Investment Offices,"Finance, Insurance & Real Estate",TX
736772,CNB FINANCIAL CORP/PA,6022,60,Depository Institutions,"Finance, Insurance & Real Estate",PA
737468,WASHINGTON TRUST BANCORP INC,6022,60,Depository Institutions,"Finance, Insurance & Real Estate",RI
737875,FIRST KEYSTONE CORP,6022,60,Depository Institutions,"Finance, Insurance & Real Estate",PA
740260,"VENTAS, INC.",6798,67,Holding & Investment Offices,"Finance, Insurance & Real Estate",IL
745732,"ROSS STORES, INC.",5651,56,,Retail Trade,CA
746598,BRADY CORP,3990,39,,Manufacturing,WI
746838,UNISYS CORP,7373,73,Business Services & Software,Services,PA
748790,"GLOBAL CLEAN ENERGY HOLDINGS, INC.",2860,28,Chemicals & Pharmaceuticals,Manufacturing,CA
749251,GARTNER INC,8741,87,"Engineering, Accounting & Management Services",Services,CT
750004,"LIGHT & WONDER, INC.",7373,73,Business Services & Software,Services,NV
750686,CAMDEN NATIONAL CORP,6021,60,Depository Institutions,"Finance, Insurance & Real Estate",ME
753308,NEXTERA ENERGY INC,4911,49,"Electric, Gas & Sanitary Services","Transportation, Communications & Utilities",FL
759944,CITIZENS FINANCIAL GROUP INC/RI,6022,60,Depository Institutions,"Finance, Insurance & Real Estate",RI
761648,"CEDAR REALTY TRUST, INC.",6798,67,Holding & Investment Offices,"Finance, Insurance & Real Estate",VA
763563,CHEMUNG FINANCIAL CORP,6022,60,Depository Institutions,"Finance, Insurance & Real Estate",NY
763744,LCI INDUSTRIES,3714,37,Transportation Equipment,Manufacturing,IN
764065,CLEVELAND-CLIFFS INC.,1000,10,,Mining,OH
764180,"ALTRIA GROUP, INC.",2111,21,,Manufacturing,VA
764478,BEST BUY CO INC,5731,57,,Retail Trade,MN
764622,PINNACLE WEST CAPITAL CORP,4911,49,"Electric, Gas & Sanitary Services","Transportation, Communications & Utilities",AZ
764764,CATERPILLAR FINANCIAL SERVICES CORP,6159,61,,"Finance, Insurance & Real Estate",TN
765207,"FIRST BANCORP, INC /ME/",6021,60,Depository Institutions,"Finance, Insurance & Real Estate",ME
766421,"ALASKA AIR GROUP, INC.",4512,45,,"Transportation, Communications & Utilities",WA
766704,WELLTOWER INC.,6798,67,Holding & Investment Offices,"Finance, Insurance & Real Estate",OH
766829,SJW GROUP,4941,49,"Electric, Gas & Sanitary Services","Transportation, Communications & Utilities",CA
768835,BIG LOTS INC,5331,53,,Retail Trade,OH
768899,"TRUEBLUE, INC.",7363,73,Business Services & Software,Services,WA
769397,"AUTODESK, INC.",7372,73,Business Services & Software,Services,CA
769520,MIDDLEBY CORP,3580,35,Industrial Machinery & Computer Equipment,Manufacturing,IL
771497,ABM INDUSTRIES INC /DE/,7340,73,Business Services & Software,Services,NY
772406,"CIRRUS LOGIC, INC.",3674,36,Electronic & Electrical Equipment,Manufacturing,TX
773141,"M.D.C. HOLDINGS, INC.",1531,15,,Construction,CO
773840,HONEYWELL INTERNATIONAL INC,3724,37,Transportation Equipment,Manufacturing,NC
776867,WHITE MOUNTAINS INSURANCE GROUP LTD,6331,63,Insurance Carriers,"Finance, Insurance & Real Estate",NH
776901,INDEPENDENT BANK CORP,6022,60,Depository Institutions,"Finance, Insurance & Real Estate",MA
777917,PRUCO LIFE INSURANCE CO,6311,63,Insurance Carriers,"Finance, Insurance & Real Estate",NJ
779152,JACK HENRY & ASSOCIATES INC,7373,73,Business Services & Software,Services,MO
779544,ARK RESTAURANTS CORP,5812,58,Eating & Drinking Places,Retail Trade,NY
780571,"ITRON, INC.",3825,38,Instruments & Medical Devices,Manufacturing,WA
783324,VISTA GOLD CORP,1040,10,,Mining,CO
784199,"ARTIVION, INC.",3841,38,Instruments & Medical Devices,Manufacturing,GA
784977,PORTLAND GENERAL ELECTRIC CO /OR/,4911,49,"Electric, Gas & Sanitary Services","Transportation, Communications & Utilities",OR
785161,ENCOMPASS HEALTH CORP,8060,80,Health Services,Services,AL
785557,DLH HOLDINGS CORP.,7363,73,Business Services & Software,Services,GA
785786,PLEXUS CORP,3672,36,Electronic & Electrical Equipment,Manufacturing,WI
787250,DPL INC,4931,49,"Electric, Gas & Sanitary Services","Transportation, Communications & Utilities",OH
789570,MGM RESORTS INTERNATIONAL,7011,70,,Services,NV
789933,NACCO INDUSTRIES INC,1221,12,,Mining,OH
790051,CARLISLE COMPANIES INC,3060,30,,Manufacturing,AZ
790816,BRANDYWINE REALTY TRUST,6798,67,Holding & Investment Offices,"Finance, Insurance & Real Estate",PA
791963,OPPENHEIMER HOLDINGS INC,6211,62,,"Finance, Insurance & Real Estate",NY
792987,ASTEC INDUSTRIES INC,3531,35,Industrial Machinery & Computer Equipment,Manufacturing,TN
793074,WERNER ENTERPRISES INC,4213,42,,"Transportation, Communications & Utilities",NE
793952,"HARLEY-DAVIDSON, INC.",3751,37,Transportation Equipment,Manufacturing,WI
794170,"TOLL BROTHERS, INC.",1531,15,,Construction,PA
794323,"LEVEL 3 PARENT, LLC",4813,48,Communications,"Transportation, Communications & Utilities",CO
794619,AMERICAN WOODMARK CORP,2430,24,,Manufacturing,VA
795266,KB HOME,1531,15,,Construction,CA
796343,ADOBE INC.,7372,73,Business Services & Software,Services,CA
797468,OCCIDENTAL PETROLEUM CORP /DE/,1311,13,Oil & Gas Extraction,Mining,TX
798354,FISERV INC,7389,73,Business Services & Software,Services,WI
798359,CENTERSPACE,6798,67,Holding & Investment Offices,"Finance, Insurance & Real Estate",ND
798941,FIRST CITIZENS BANCSHARES INC /DE/,6022,60,Depository Institutions,"Finance, Insurance & Real Estate",NC
799233,HEARTLAND EXPRESS INC,4213,42,,"Transportation, Communications & Utilities",IA
799292,"M/I HOMES, INC.",1531,15,,Construction,OH
801337,WEBSTER FINANCIAL CORP,6021,60,Depository Institutions,"Finance, Insurance & Real Estate",CT
802481,PILGRIMS PRIDE CORP,2015,20,Food & Kindred Products,Manufacturing,CO
803649,EQUITY COMMONWEALTH,6798,67,Holding & Investment Offices,"Finance, Insurance & Real Estate",IL
804269,"GENERAL MOTORS FINANCIAL COMPANY, INC.",6199,61,,"Finance, Insurance & Real Estate",TX
804328,QUALCOMM INC/DE,3663,36,Electronic & Electrical Equipment,Manufacturing,CA
805676,PARK NATIONAL CORP /OH/,6021,60,Depository Institutions,"Finance, Insurance & Real Estate",OH
805928,"AXOGEN, INC.",3845,38,Instruments & Medical Devices,Manufacturing,FL
807863,MITEK SYSTEMS INC,3577,35,Industrial Machinery & Computer Equipment,Manufacturing,CA
807882,JACK IN THE BOX INC,5812,58,Eating & Drinking Places,Retail Trade,CA
808326,EMCORE CORP,3674,36,Electronic & Electrical Equipment,Manufacturing,CA
811156,CMS ENERGY CORP,4931,49,"Electric, Gas & Sanitary Services","Transportation, Communications & Utilities",MI
811589,FIRST BANCORP /NC/,6022,60,Depository Institutions,"Finance, Insurance & Real Estate",NC
811830,"SANTANDER HOLDINGS USA, INC.",6021,60,Depository Institutions,"Finance, Insurance & Real Estate",MA
812011,VAIL RESORTS INC,7990,79,,Services,CO
813672,CADENCE DESIGN SYSTEMS INC,7372,73,Business Services & Software,Services,CA
813828,PARAMOUNT GLOBAL,4833,48,Communications,"Transportation, Communications & Utilities",NY
814453,NEWELL BRANDS INC.,3089,30,,Manufacturing,GA
814547,FAIR ISAAC CORP,7389,73,Business Services & Software,Services,MT
815097,CARNIVAL CORP,4400,44,,"Transportation, Communications & Utilities",FL
815556,FASTENAL CO,5200,52,,Retail Trade,MN
816761,TERADATA CORP /DE/,7372,73,Business Services & Software,Services,CA
816956,CONMED CORP,3845,38,Instruments & Medical Devices,Manufacturing,FL
818479,DENTSPLY SIRONA INC.,3843,38,Instruments & Medical Devices,Manufacturing,NC
819793,ALBANY INTERNATIONAL CORP /DE/,2221,22,,Manufacturing,NH
727892,RIVERSOURCE LIFE INSURANCE CO,6311,63,Insurance Carriers,"Finance, Insurance & Real Estate",MN
820027,AMERIPRISE FINANCIAL INC,6282,62,,"Finance, Insurance & Real Estate",MN
820318,COHERENT CORP.,3827,38,Instruments & Medical Devices,Manufacturing,PA
821026,"ANDERSONS, INC.",5150,51,,Wholesale Trade,OH
821130,UNITED STATES CELLULAR CORP,4812,48,Communications,"Transportation, Communications & Utilities",IL
821189,EOG RESOURCES INC,1311,13,Oil & Gas Extraction,Mining,TX
821483,"PAR PACIFIC HOLDINGS, INC.",1311,13,Oil & Gas Extraction,Mining,TX
822416,PULTEGROUP INC/MI/,1531,15,,Construction,GA
822818,CLEAN HARBORS INC,4955,49,"Electric, Gas & Sanitary Services","Transportation, Communications & Utilities",MA
823277,CHS INC,5150,51,,Wholesale Trade,MN
824142,"AAON, INC.",3585,35,Industrial Machinery & Computer Equipment,Manufacturing,OK
824410,SANDY SPRING BANCORP INC,6021,60,Depository Institutions,"Finance, Insurance & Real Estate",MD
825313,ALLIANCEBERNSTEIN HOLDING L.P.,6282,62,,"Finance, Insurance & Real Estate",TN
826154,ORRSTOWN FINANCIAL SERVICES INC,6022,60,Depository Institutions,"Finance, Insurance & Real Estate",PA
826675,DYNEX CAPITAL INC,6798,67,Holding & Investment Offices,"Finance, Insurance & Real Estate",VA
827052,EDISON INTERNATIONAL,4911,49,"Electric, Gas & Sanitary Services","Transportation, Communications & Utilities",CA
827054,MICROCHIP TECHNOLOGY INC,3674,36,Electronic & Electrical Equipment,Manufacturing,AZ
827187,SLEEP NUMBER CORP,2510,25,,Manufacturing,MN
829224,STARBUCKS CORP,5810,58,Eating & Drinking Places,Retail Trade,WA
831001,CITIGROUP INC,6021,60,Depository Institutions,"Finance, Insurance & Real Estate",NY
831259,FREEPORT-MCMORAN INC,1000,10,,Mining,AZ
831641,TETRA TECH INC,8711,87,"Engineering, Accounting & Management Services",Services,CA
832101,IDEX CORP /DE/,3561,35,Industrial Machinery & Computer Equipment,Manufacturing,IL
832428,E.W. SCRIPPS CO,4833,48,Communications,"Transportation, Communications & Utilities",OH
832480,UTG INC,6311,63,Insurance Carriers,"Finance, Insurance & Real Estate",KY
832988,SIGNET JEWELERS LTD,5944,59,Miscellaneous Retail,Retail Trade,
833079,MERITAGE HOMES CORP,1531,15,,Construction,AZ
833444,JOHNSON CONTROLS INTERNATIONAL PLC,3585,35,Industrial Machinery & Computer Equipment,Manufacturing,
833640,POWER INTEGRATIONS INC,3674,36,Electronic & Electrical Equipment,Manufacturing,CA
835357,EQUITABLE FINANCIAL LIFE INSURANCE CO OF AMERICA,6311,63,Insurance Carriers,"Finance, Insurance & Real Estate",NC
835403,DIAGEO PLC,2080,20,Food & Kindred Products,Manufacturing,
837010,VOYA RETIREMENT INSURANCE & ANNUITY CO,6311,63,Insurance Carriers,"Finance, Insurance & Real Estate",CT
837465,TOPGOLF CALLAWAY BRANDS CORP.,3949,39,,Manufacturing,CA
840489,"FIRSTCASH HOLDINGS, INC.",5900,59,Miscellaneous Retail,Retail Trade,TX
842162,LEAR CORP,3714,37,Transportation Equipment,Manufacturing,MI
842180,"BANCO BILBAO VIZCAYA ARGENTARIA, S.A.",6029,60,Depository Institutions,"Finance, Insurance & Real Estate",
842517,ISABELLA BANK CORP,6022,60,Depository Institutions,"Finance, Insurance & Real Estate",MI
842518,EVANS BANCORP INC,6021,60,Depository Institutions,"Finance, Insurance & Real Estate",NY
842633,TRIMAS CORP,3460,34,,Manufacturing,MI
844059,"FRP HOLDINGS, INC.",6500,65,,"Finance, Insurance & Real Estate",FL
844965,TETRA TECHNOLOGIES INC,1311,13,Oil & Gas Extraction,Mining,TX
845877,FEDERAL AGRICULTURAL MORTGAGE CORP,6111,61,,"Finance, Insurance & Real Estate",DC
846617,"DIME COMMUNITY BANCSHARES, INC. /NY/",6021,60,Depository Institutions,"Finance, Insurance & Real Estate",NY
849146,LIFEVANTAGE CORP,2834,28,Chemicals & Pharmaceuticals,Manufacturing,UT
849399,GEN DIGITAL INC.,7372,73,Business Services & Software,Services,AZ
849869,SILGAN HOLDINGS INC,3411,34,,Manufacturing,CT
850429,TREDEGAR CORP,3350,33,,Manufacturing,VA
851205,COGNEX CORP,3823,38,Instruments & Medical Devices,Manufacturing,MA
851310,HARMONIC INC,3663,36,Electronic & Electrical Equipment,Manufacturing,CA
851968,MOHAWK INDUSTRIES INC,2273,22,,Manufacturing,GA
852772,DENNY'S CORP,5812,58,Eating & Drinking Places,Retail Trade,SC
854775,DIGI INTERNATIONAL INC,3576,35,Industrial Machinery & Computer Equipment,Manufacturing,MN
856982,MERIT MEDICAL SYSTEMS INC,3841,38,Instruments & Medical Devices,Manufacturing,UT
857855,UNITED COMMUNITY BANKS INC,6022,60,Depository Institutions,"Finance, Insurance & Real Estate",SC
858470,COTERRA ENERGY INC.,1311,13,Oil & Gas Extraction,Mining,TX
858877,"CISCO SYSTEMS, INC.",3576,35,Industrial Machinery & Computer Equipment,Manufacturing,CA
859737,HOLOGIC INC,3844,38,Instruments & Medical Devices,Manufacturing,MA
860413,FIRST INTERSTATE BANCSYSTEM INC,6022,60,Depository Institutions,"Finance, Insurance & Real Estate",MT
860546,COPT DEFENSE PROPERTIES,6798,67,Holding & Investment Offices,"Finance, Insurance & Real Estate",MD
860731,TYLER TECHNOLOGIES INC,7372,73,Business Services & Software,Services,TX
860748,KEMPER CORP,6331,63,Insurance Carriers,"Finance, Insurance & Real Estate",IL
861459,GRANITE CONSTRUCTION INC,1600,16,,Construction,CA
862668,ESCALON MEDICAL CORP,3845,38,Instruments & Medical Devices,Manufacturing,PA
863110,ARTESIAN RESOURCES CORP,4941,49,"Electric, Gas & Sanitary Services","Transportation, Communications & Utilities",DE
864270,AMERICAN HONDA FINANCE CORP,6141,61,,"Finance, Insurance & Real Estate",CA
866273,MATRIX SERVICE CO,1700,17,,Construction,OK
866374,FLEX LTD.,3672,36,Electronic & Electrical Equipment,Manufacturing,
866729,SCHOLASTIC CORP,2731,27,,Manufacturing,NY
866829,HELIX ENERGY SOLUTIONS GROUP INC,1389,13,Oil & Gas Extraction,Mining,TX
868278,"PROPHASE LABS, INC.",2834,28,Chemicals & Pharmaceuticals,Manufacturing,NY
868671,"GLACIER BANCORP, INC.",6022,60,Depository Institutions,"Finance, Insurance & Real Estate",MT
868780,"DORMAN PRODUCTS, INC.",3714,37,Transportation Equipment,Manufacturing,PA
874015,IONIS PHARMACEUTICALS INC,2834,28,Chemicals & Pharmaceuticals,Manufacturing,CA
874238,"STERLING INFRASTRUCTURE, INC.",1600,16,,Construction,TX
874501,AMBAC FINANCIAL GROUP INC,6351,63,Insurance Carriers,"Finance, Insurance & Real Estate",NY
874716,IDEXX LABORATORIES INC /DE,2835,28,Chemicals & Pharmaceuticals,Manufacturing,ME
874761,AES CORP,4991,49,"Electric, Gas & Sanitary Services","Transportation, Communications & Utilities",VA
874766,"HARTFORD INSURANCE GROUP, INC.",6331,63,Insurance Carriers,"Finance, Insurance & Real Estate",CT
875045,BIOGEN INC.,2836,28,Chemicals & Pharmaceuticals,Manufacturing,MA
875320,VERTEX PHARMACEUTICALS INC / MA,2834,28,Chemicals & Pharmaceuticals,Manufacturing,MA
875357,BOK FINANCIAL CORP,6021,60,Depository Institutions,"Finance, Insurance & Real Estate",OK
876167,PROGRESS SOFTWARE CORP /MA,7372,73,Business Services & Software,Services,MA
876437,MGIC INVESTMENT CORP,6351,63,Insurance Carriers,"Finance, Insurance & Real Estate",WI
876523,EZCORP INC,5900,59,Miscellaneous Retail,Retail Trade,TX
876883,STAGWELL INC,7311,73,Business Services & Software,Services,NY
877212,ZEBRA TECHNOLOGIES CORP,3560,35,Industrial Machinery & Computer Equipment,Manufacturing,IL
877860,NATIONAL HEALTH INVESTORS INC,6798,67,Holding & Investment Offices,"Finance, Insurance & Real Estate",TN
879169,INCYTE CORP,8731,87,"Engineering, Accounting & Management Services",Services,DE
879526,WABASH NATIONAL CORP,3715,37,Transportation Equipment,Manufacturing,IN
879635,MID PENN BANCORP INC,6022,60,Depository Institutions,"Finance, Insurance & Real Estate",PA
880266,AGCO CORP /DE,3523,35,Industrial Machinery & Computer Equipment,Manufacturing,GA
881453,FORTITUDE LIFE INSURANCE & ANNUITY CO,6399,63,Insurance Carriers,"Finance, Insurance & Real Estate",NJ
882095,"GILEAD SCIENCES, INC.",2836,28,Chemicals & Pharmaceuticals,Manufacturing,CA
882184,HORTON D R INC /DE/,1531,15,,Construction,TX
882835,ROPER TECHNOLOGIES INC,3823,38,Instruments & Medical Devices,Manufacturing,FL
883237,"VIRTUS INVESTMENT PARTNERS, INC.",6282,62,,"Finance, Insurance & Real Estate",CT
883241,SYNOPSYS INC,7372,73,Business Services & Software,Services,CA
883569,"FOSSIL GROUP, INC.",3873,38,Instruments & Medical Devices,Manufacturing,TX
883902,"CORNERSTONE BUILDING BRANDS, INC.",3448,34,,Manufacturing,NC
883948,ATLANTIC UNION BANKSHARES CORP,6022,60,Depository Institutions,"Finance, Insurance & Real Estate",VA
883984,ICU MEDICAL INC/DE,3841,38,Instruments & Medical Devices,Manufacturing,CA
884144,ASURE SOFTWARE INC,7373,73,Business Services & Software,Services,TX
884614,UGI CORP /PA/,4932,49,"Electric, Gas & Sanitary Services","Transportation, Communications & Utilities",PA
884713,PRIMO WATER CORP /CN/,2086,20,Food & Kindred Products,Manufacturing,FL
884887,ROYAL CARIBBEAN CRUISES LTD,4400,44,,"Transportation, Communications & Utilities",FL
885245,BUCKLE INC,5651,56,,Retail Trade,NE
885508,STRATUS PROPERTIES INC,6552,65,,"Finance, Insurance & Real Estate",TX
885550,CREDIT ACCEPTANCE CORP,6141,61,,"Finance, Insurance & Real Estate",MI
885590,BAUSCH HEALTH COMPANIES INC.,2834,28,Chemicals & Pharmaceuticals,Manufacturing,QC
885725,BOSTON SCIENTIFIC CORP,3841,38,Instruments & Medical Devices,Manufacturing,MA
886163,LIGAND PHARMACEUTICALS INC,2834,28,Chemicals & Pharmaceuticals,Manufacturing,CA
886206,FRANKLIN COVEY CO,8741,87,"Engineering, Accounting & Management Services",Services,UT
886346,KADANT INC,3550,35,Industrial Machinery & Computer Equipment,Manufacturing,MA
886982,GOLDMAN SACHS GROUP INC,6211,62,,"Finance, Insurance & Real Estate",NY
887343,"COLUMBIA BANKING SYSTEM, INC.",6022,60,Depository Institutions,"Finance, Insurance & Real Estate",WA
887733,CENTRAL GARDEN & PET CO,5190,51,,Wholesale Trade,CA
887936,"FTI CONSULTING, INC",8742,87,"Engineering, Accounting & Management Services",Services,DC
888471,NESTOR PARTNERS,6221,62,,"Finance, Insurance & Real Estate",CT
888491,OMEGA HEALTHCARE INVESTORS INC,6798,67,Holding & Investment Offices,"Finance, Insurance & Real Estate",MD
889331,LITTELFUSE INC /DE,3613,36,Electronic & Electrical Equipment,Manufacturing,IL
890564,ASGN INC,7363,73,Business Services & Software,Services,VA
890926,RADIAN GROUP INC,6351,63,Insurance Carriers,"Finance, Insurance & Real Estate",PA
891014,MINERALS TECHNOLOGIES INC,2810,28,Chemicals & Pharmaceuticals,Manufacturing,NY
891024,"PATTERSON COMPANIES, INC.",5047,50,Wholesale — Durable Goods,Wholesale Trade,MN
891103,"MATCH GROUP, INC.",7370,73,Business Services & Software,Services,TX
891166,"UNIVERSAL INSURANCE HOLDINGS, INC.",6331,63,Insurance Carriers,"Finance, Insurance & Real Estate",FL
891478,"BANCO SANTANDER, S.A.",6029,60,Depository Institutions,"Finance, Insurance & Real Estate",
891482,FULL HOUSE RESORTS INC,7011,70,,Services,NV
892553,CHART INDUSTRIES INC,3443,34,,Manufacturing,GA
1230058,KAANAPALI LAND LLC,6552,65,,"Finance, Insurance & Real Estate",IL
893538,SM ENERGY CO,1311,13,Oil & Gas Extraction,Mining,CO
893847,"HAWTHORN BANCSHARES, INC.",6021,60,Depository Institutions,"Finance, Insurance & Real Estate",MO
894671,OHIO VALLEY BANC CORP,6022,60,Depository Institutions,"Finance, Insurance & Real Estate",OH
895126,EXPAND ENERGY CORP,1311,13,Oil & Gas Extraction,Mining,OK
895417,EQUITY LIFESTYLE PROPERTIES INC,6798,67,Holding & Investment Offices,"Finance, Insurance & Real Estate",IL
895419,"WOLFSPEED, INC.",3674,36,Electronic & Electrical Equipment,Manufacturing,NC
895421,MORGAN STANLEY,6211,62,,"Finance, Insurance & Real Estate",NY
895728,ENBRIDGE INC,4610,46,,"Transportation, Communications & Utilities",AB
896159,CHUBB LTD,6331,63,Insurance Carriers,"Finance, Insurance & Real Estate",
896262,AMEDISYS INC,8082,80,Health Services,Services,LA
896264,USANA HEALTH SCIENCES INC,2833,28,Chemicals & Pharmaceuticals,Manufacturing,UT
896622,"APTARGROUP, INC.",3089,30,,Manufacturing,IL
896878,INTUIT INC.,7372,73,Business Services & Software,Services,CA
897077,ALAMO GROUP INC,3523,35,Industrial Machinery & Computer Equipment,Manufacturing,TX
351789,ELECTRO SENSORS INC,3823,38,Instruments & Medical Devices,Manufacturing,MN
1488917,"ELECTROMED, INC.",3845,38,Instruments & Medical Devices,Manufacturing,MN
897723,SANMINA CORP,3672,36,Electronic & Electrical Equipment,Manufacturing,CA
898173,O REILLY AUTOMOTIVE INC,5531,55,,Retail Trade,MO
898174,REINSURANCE GROUP OF AMERICA INC,6311,63,Insurance Carriers,"Finance, Insurance & Real Estate",MO
899051,ALLSTATE CORP,6331,63,Insurance Carriers,"Finance, Insurance & Real Estate",IL
899689,VORNADO REALTY TRUST,6798,67,Holding & Investment Offices,"Finance, Insurance & Real Estate",NY
899715,TANGER INC.,6798,67,Holding & Investment Offices,"Finance, Insurance & Real Estate",NC
899751,TITAN INTERNATIONAL INC,3312,33,,Manufacturing,IL
899923,MYRIAD GENETICS INC,2835,28,Chemicals & Pharmaceuticals,Manufacturing,UT
900075,COPART INC,5500,55,,Retail Trade,TX
906163,NVR INC,1531,15,,Construction,VA
906345,CAMDEN PROPERTY TRUST,6798,67,Holding & Investment Offices,"Finance, Insurance & Real Estate",TX
907254,"SAUL CENTERS, INC.",6798,67,Holding & Investment Offices,"Finance, Insurance & Real Estate",MD
907471,"PATHWARD FINANCIAL, INC.",6021,60,Depository Institutions,"Finance, Insurance & Real Estate",SD
908255,BORGWARNER INC,3714,37,Transportation Equipment,Manufacturing,MI
908311,CREATIVE MEDIA & COMMUNITY TRUST CORP,6798,67,Holding & Investment Offices,"Finance, Insurance & Real Estate",TX
908315,WINMARK CORP,5900,59,Miscellaneous Retail,Retail Trade,MN
908937,SIRIUS XM HOLDINGS INC.,4832,48,Communications,"Transportation, Communications & Utilities",NY
909108,DIAMOND HILL INVESTMENT GROUP INC,6282,62,,"Finance, Insurance & Real Estate",OH
910073,"FLAGSTAR FINANCIAL, INC.",6036,60,Depository Institutions,"Finance, Insurance & Real Estate",NY
910521,DECKERS OUTDOOR CORP,3021,30,,Manufacturing,CA
910638,3D SYSTEMS CORP,7372,73,Business Services & Software,Services,SC
911147,CENTURY CASINOS INC /CO/,7011,70,,Services,CO
911177,CASELLA WASTE SYSTEMS INC,4953,49,"Electric, Gas & Sanitary Services","Transportation, Communications & Utilities",VT
912093,VIAVI SOLUTIONS INC.,3674,36,Electronic & Electrical Equipment,Manufacturing,AZ
912242,MACERICH CO,6798,67,Holding & Investment Offices,"Finance, Insurance & Real Estate",CA
912463,GUESS INC,2340,23,,Manufacturing,CA
912562,"GIBRALTAR INDUSTRIES, INC.",3310,33,,Manufacturing,NY
912593,SUN COMMUNITIES INC,6798,67,Holding & Investment Offices,"Finance, Insurance & Real Estate",MI
913142,BELDEN INC.,3357,33,,Manufacturing,MO
913144,RENAISSANCERE HOLDINGS LTD,6331,63,Insurance Carriers,"Finance, Insurance & Real Estate",
913290,FRONTLINE PLC,4412,44,,"Transportation, Communications & Utilities",
913341,C & F FINANCIAL CORP,6022,60,Depository Institutions,"Finance, Insurance & Real Estate",VA
913760,STONEX GROUP INC.,6200,62,,"Finance, Insurance & Real Estate",NY
914208,INVESCO LTD.,6282,62,,"Finance, Insurance & Real Estate",GA
914475,NEUROCRINE BIOSCIENCES INC,2836,28,Chemicals & Pharmaceuticals,Manufacturing,CA
914748,EVEREST REINSURANCE HOLDINGS INC,6331,63,Insurance Carriers,"Finance, Insurance & Real Estate",NJ
915358,SIGMATRON INTERNATIONAL INC,3672,36,Electronic & Electrical Equipment,Manufacturing,IL
915389,EASTMAN CHEMICAL CO,2821,28,Chemicals & Pharmaceuticals,Manufacturing,TN
915779,DAKTRONICS INC /SD/,3990,39,,Manufacturing,SD
915840,BEAZER HOMES USA INC,1531,15,,Construction,GA
915912,AVALONBAY COMMUNITIES INC,6798,67,Holding & Investment Offices,"Finance, Insurance & Real Estate",VA
915913,ALBEMARLE CORP,2821,28,Chemicals & Pharmaceuticals,Manufacturing,NC
916365,TRACTOR SUPPLY CO /DE/,5200,52,,Retail Trade,TN
916540,DARLING INGREDIENTS INC.,2070,20,Food & Kindred Products,Manufacturing,TX
916789,HELEN OF TROY LTD,3634,36,Electronic & Electrical Equipment,Manufacturing,
917273,RAMBUS INC,3674,36,Electronic & Electrical Equipment,Manufacturing,CA
917520,INTEGRA LIFESCIENCES HOLDINGS CORP,3841,38,Instruments & Medical Devices,Manufacturing,NJ
918541,NN INC,3540,35,Industrial Machinery & Computer Equipment,Manufacturing,NC
918965,"SCANSOURCE, INC.",5045,50,Wholesale — Durable Goods,Wholesale Trade,SC
920112,HEARTLAND FINANCIAL USA INC,6022,60,Depository Institutions,"Finance, Insurance & Real Estate",CO
920148,LABCORP HOLDINGS INC.,8071,80,Health Services,Services,NC
920371,"SIMPSON MANUFACTURING CO., INC.",3420,34,,Manufacturing,CA
920427,UNITY BANCORP INC /NJ/,6022,60,Depository Institutions,"Finance, Insurance & Real Estate",NJ
920522,"ESSEX PROPERTY TRUST, INC.",6798,67,Holding & Investment Offices,"Finance, Insurance & Real Estate",CA
921082,"HIGHWOODS PROPERTIES, INC.",6798,67,Holding & Investment Offices,"Finance, Insurance & Real Estate",NC
921582,IMAX CORP,3861,38,Instruments & Medical Devices,Manufacturing,ON
921638,SSR MINING INC.,6795,67,Holding & Investment Offices,"Finance, Insurance & Real Estate",CO
921738,"PENN ENTERTAINMENT, INC.",7011,70,,Services,PA
921825,FIRST INDUSTRIAL REALTY TRUST INC,6798,67,Holding & Investment Offices,"Finance, Insurance & Real Estate",IL
922224,PPL CORP,4911,49,"Electric, Gas & Sanitary Services","Transportation, Communications & Utilities",PA
922621,ERIE INDEMNITY CO,6411,64,,"Finance, Insurance & Real Estate",PA
924805,FREEDOM HOLDING CORP.,6211,62,,"Finance, Insurance & Real Estate",NY
924901,"VERIS RESIDENTIAL, INC.",6798,67,Holding & Investment Offices,"Finance, Insurance & Real Estate",NJ
926326,"OMNICELL, INC.",3571,35,Industrial Machinery & Computer Equipment,Manufacturing,TX
927066,DAVITA INC.,8090,80,Health Services,Services,CO
1391933,"QUAINT OAK BANCORP, INC.",6036,60,Depository Institutions,"Finance, Insurance & Real Estate",PA
927628,CAPITAL ONE FINANCIAL CORP,6021,60,Depository Institutions,"Finance, Insurance & Real Estate",VA
927653,MCKESSON CORP,5122,51,,Wholesale Trade,TX
928054,FLOTEK INDUSTRIES INC/CN/,2890,28,Chemicals & Pharmaceuticals,Manufacturing,TX
929008,WESCO INTERNATIONAL INC,5063,50,Wholesale — Durable Goods,Wholesale Trade,PA
929351,LIONS GATE ENTERTAINMENT CORP /CN/,7812,78,,Services,CA
930236,REDWOOD TRUST INC,6798,67,Holding & Investment Offices,"Finance, Insurance & Real Estate",CA
1838028,VANECK BITCOIN ETF,6221,62,,"Finance, Insurance & Real Estate",NY
744187,REX AMERICAN RESOURCES CORP,2860,28,Chemicals & Pharmaceuticals,Manufacturing,OH
1860788,VANECK ETHEREUM ETF,6221,62,,"Finance, Insurance & Real Estate",NY
930420,KFORCE INC,7363,73,Business Services & Software,Services,FL
931148,GRAFTECH INTERNATIONAL LTD,3620,36,Electronic & Electrical Equipment,Manufacturing,OH
931755,AEI INCOME & GROWTH FUND XXI LTD PARTNERSHIP,6500,65,,"Finance, Insurance & Real Estate",MN
932782,MEXICAN PETROLEUM,1311,13,Oil & Gas Extraction,Mining,
933036,"UPBOUND GROUP, INC.",7359,73,Business Services & Software,Services,TX
933136,MR. COOPER GROUP INC.,6199,61,,"Finance, Insurance & Real Estate",TX
934549,ACACIA RESEARCH CORP,6794,67,Holding & Investment Offices,"Finance, Insurance & Real Estate",NY
934612,"BURLINGTON NORTHERN SANTA FE, LLC",4011,40,,"Transportation, Communications & Utilities",TX
935036,"ACI WORLDWIDE, INC.",7372,73,Business Services & Software,Services,NE
935703,"DOLLAR TREE, INC.",5331,53,,Retail Trade,VA
936340,DTE ENERGY CO,4911,49,"Electric, Gas & Sanitary Services","Transportation, Communications & Utilities",MI
936395,CIENA CORP,3661,36,Electronic & Electrical Equipment,Manufacturing,MD
936468,LOCKHEED MARTIN CORP,3760,37,Transportation Equipment,Manufacturing,MD
936528,WAFD INC,6021,60,Depository Institutions,"Finance, Insurance & Real Estate",WA
937098,"TRINET GROUP, INC.",7389,73,Business Services & Software,Services,CA
937556,MASIMO CORP,3845,38,Instruments & Medical Devices,Manufacturing,CA
937834,METROPOLITAN LIFE INSURANCE CO,6311,63,Insurance Carriers,"Finance, Insurance & Real Estate",NY
1046050,TIMBERLAND BANCORP INC,6036,60,Depository Institutions,"Finance, Insurance & Real Estate",WA
1041368,RIVERVIEW BANCORP INC,6035,60,Depository Institutions,"Finance, Insurance & Real Estate",WA
1401564,"FIRST FINANCIAL NORTHWEST, INC.",6022,60,Depository Institutions,"Finance, Insurance & Real Estate",WA
1010470,PROVIDENT FINANCIAL HOLDINGS INC,6035,60,Depository Institutions,"Finance, Insurance & Real Estate",CA
939767,"EXELIXIS, INC.",2836,28,Chemicals & Pharmaceuticals,Manufacturing,CA
939930,"PYXUS INTERNATIONAL, INC.",5150,51,,Wholesale Trade,NC
940944,DARDEN RESTAURANTS INC,5812,58,Eating & Drinking Places,Retail Trade,FL
943819,RESMED INC,3841,38,Instruments & Medical Devices,Manufacturing,CA
944075,"SOCKET MOBILE, INC.",3571,35,Industrial Machinery & Computer Equipment,Manufacturing,CA
944130,"MINISTRY PARTNERS INVESTMENT COMPANY, LLC",6199,61,,"Finance, Insurance & Real Estate",CA
945114,GLOBAL INDUSTRIAL CO,5084,50,Wholesale — Durable Goods,Wholesale Trade,NY
945394,SERVICE PROPERTIES TRUST,6798,67,Holding & Investment Offices,"Finance, Insurance & Real Estate",MA
945841,POOL CORP,5090,50,Wholesale — Durable Goods,Wholesale Trade,LA
946673,BANNER CORP,6022,60,Depository Institutions,"Finance, Insurance & Real Estate",WA
947484,ARCH CAPITAL GROUP LTD.,6331,63,Insurance Carriers,"Finance, Insurance & Real Estate",
947559,FIRST BANCSHARES INC /MS/,6021,60,Depository Institutions,"Finance, Insurance & Real Estate",MS
948708,"SMITH MICRO SOFTWARE, INC.",7372,73,Business Services & Software,Services,PA
949157,CENTURY ALUMINUM CO,3334,33,,Manufacturing,IL
1386716,STAR BULK CARRIERS CORP.,4412,44,,"Transportation, Communications & Utilities",
1868640,ROADZEN INC.,6411,64,,"Finance, Insurance & Real Estate",CA
1000045,OLD MARKET CAPITAL CORP,6153,61,,"Finance, Insurance & Real Estate",NE
1173204,CINEVERSE CORP.,7841,78,,Services,NY
1495153,MAKEMYTRIP LTD,4700,47,,"Transportation, Communications & Utilities",
912603,"RADIUS RECYCLING, INC.",5090,50,Wholesale — Durable Goods,Wholesale Trade,OR
822370,"EMMAUS LIFE SCIENCES, INC.",2834,28,Chemicals & Pharmaceuticals,Manufacturing,CA
72205,NOBILITY HOMES INC,2451,24,,Manufacturing,FL
717954,UNIFIRST CORP,7200,72,,Services,MA
923120,GREENBRIER COMPANIES INC,3743,37,Transportation Equipment,Manufacturing,OR
1042893,"INNOVEX INTERNATIONAL, INC.",3533,35,Industrial Machinery & Computer Equipment,Manufacturing,TX
1772177,"KURA SUSHI USA, INC.",5812,58,Eating & Drinking Places,Retail Trade,CA
807707,VOXX INTERNATIONAL CORP,5065,50,Wholesale — Durable Goods,Wholesale Trade,NY
1800347,"E2OPEN PARENT HOLDINGS, INC.",7374,73,Business Services & Software,Services,TX
65270,METHODE ELECTRONICS INC,3678,36,Electronic & Electrical Equipment,Manufacturing,IL
1333822,SEMILEDS CORP,3674,36,Electronic & Electrical Equipment,Manufacturing,
723531,PAYCHEX INC,8700,87,"Engineering, Accounting & Management Services",Services,NY
1348911,"KALVISTA PHARMACEUTICALS, INC.",2834,28,Chemicals & Pharmaceuticals,Manufacturing,MA
723603,CULP INC,2211,22,,Manufacturing,NC
1048911,FEDEX CORP,4513,45,,"Transportation, Communications & Utilities",TN
1883788,"DIH HOLDING US, INC.",3841,38,Instruments & Medical Devices,Manufacturing,MA
862692,CRYO CELL INTERNATIONAL INC,8090,80,Health Services,Services,FL
1616262,"ROCKY MOUNTAIN CHOCOLATE FACTORY, INC.",2060,20,Food & Kindred Products,Manufacturing,CO
1286681,DOMINOS PIZZA INC,5140,51,,Wholesale Trade,MI
717605,HEXCEL CORP /DE/,2821,28,Chemicals & Pharmaceuticals,Manufacturing,CT
1743971,MOGU INC.,7389,73,Business Services & Software,Services,
1034670,AUTOLIV INC,3714,37,Transportation Equipment,Manufacturing,UT
9092,BADGER METER INC,3824,38,Instruments & Medical Devices,Manufacturing,WI
79282,"BROWN & BROWN, INC.",6411,64,,"Finance, Insurance & Real Estate",FL
46195,BANK OF HAWAII CORP,6022,60,Depository Institutions,"Finance, Insurance & Real Estate",HI
315852,RANGE RESOURCES CORP,1311,13,Oil & Gas Extraction,Mining,TX
1520262,ALKERMES PLC.,2834,28,Chemicals & Pharmaceuticals,Manufacturing,
87347,SCHLUMBERGER LIMITED/NV,1389,13,Oil & Gas Extraction,Mining,TX
1529864,"ENOVA INTERNATIONAL, INC.",6141,61,,"Finance, Insurance & Real Estate",IL
1711570,URANIUM ROYALTY CORP.,6221,62,,"Finance, Insurance & Real Estate",BC
1593538,NAVIENT CORP,6211,62,,"Finance, Insurance & Real Estate",VA
1114995,IMPINJ INC,3679,36,Electronic & Electrical Equipment,Manufacturing,WA
1607678,"VIKING THERAPEUTICS, INC.",2834,28,Chemicals & Pharmaceuticals,Manufacturing,CA
1596967,MOELIS & CO,6282,62,,"Finance, Insurance & Real Estate",NY
1140536,WILLIS TOWERS WATSON PLC,6411,64,,"Finance, Insurance & Real Estate",
110621,RPM INTERNATIONAL INC/DE/,2851,28,Chemicals & Pharmaceuticals,Manufacturing,OH
1057060,MARINEMAX INC,5531,55,,Retail Trade,FL
752714,MCGRATH RENTCORP,7359,73,Business Services & Software,Services,CA
1108109,COMMUNITY HEALTH SYSTEMS INC,8062,80,Health Services,Services,TN
949870,BOSTON BEER CO INC,2082,20,Food & Kindred Products,Manufacturing,MA
1052752,GETTY REALTY CORP /MD/,6500,65,,"Finance, Insurance & Real Estate",NY
1958086,CORE LABORATORIES INC. /DE/,1389,13,Oil & Gas Extraction,Mining,TX
1472787,FIRST AMERICAN FINANCIAL CORP,6361,63,Insurance Carriers,"Finance, Insurance & Real Estate",CA
811596,KAISER ALUMINUM CORP,3350,33,,Manufacturing,TN
1411207,ALLISON TRANSMISSION HOLDINGS INC,3714,37,Transportation Equipment,Manufacturing,IN
1056696,MANHATTAN ASSOCIATES INC,7372,73,Business Services & Software,Services,GA
1177702,SAIA INC,4213,42,,"Transportation, Communications & Utilities",GA
78749,AGILYSYS INC,7373,73,Business Services & Software,Services,GA
1045609,"PROLOGIS, INC.",6798,67,Holding & Investment Offices,"Finance, Insurance & Real Estate",CA
1811414,QUANTUMSCAPE CORP,3690,36,Electronic & Electrical Equipment,Manufacturing,CA
106535,WEYERHAEUSER CO,6798,67,Holding & Investment Offices,"Finance, Insurance & Real Estate",WA
1519751,"FORTUNE BRANDS INNOVATIONS, INC.",2430,24,,Manufacturing,IL
1521951,"FIRST BUSINESS FINANCIAL SERVICES, INC.",6022,60,Depository Institutions,"Finance, Insurance & Real Estate",WI
354190,ARTHUR J. GALLAGHER & CO.,6411,64,,"Finance, Insurance & Real Estate",IL
1715925,IMMUNOPRECISE ANTIBODIES LTD.,2834,28,Chemicals & Pharmaceuticals,Manufacturing,TX
1021860,NOV INC.,3533,35,Industrial Machinery & Computer Equipment,Manufacturing,TX
1468492,HEARTSCIENCES INC.,3842,38,Instruments & Medical Devices,Manufacturing,TX
860730,"HCA HEALTHCARE, INC.",8062,80,Health Services,Services,TN
7431,ARMSTRONG WORLD INDUSTRIES INC,3089,30,,Manufacturing,PA
711377,NEOGEN CORP,2835,28,Chemicals & Pharmaceuticals,Manufacturing,MI
26058,CTS CORP,3672,36,Electronic & Electrical Equipment,Manufacturing,IL
1339605,"H&E EQUIPMENT SERVICES, INC.",7350,73,Business Services & Software,Services,LA
789019,MICROSOFT CORP,7372,73,Business Services & Software,Services,WA
1018979,AMERISAFE INC,6331,63,Insurance Carriers,"Finance, Insurance & Real Estate",LA
3197,CECO ENVIRONMENTAL CORP,3564,35,Industrial Machinery & Computer Equipment,Manufacturing,TX
1365135,WESTERN UNION CO,7389,73,Business Services & Software,Services,CO
1481582,RYERSON HOLDING CORP,5051,50,Wholesale — Durable Goods,Wholesale Trade,IL
1752828,CELULARITY INC,2834,28,Chemicals & Pharmaceuticals,Manufacturing,NJ
1848763,RENEW ENERGY GLOBAL PLC,4911,49,"Electric, Gas & Sanitary Services","Transportation, Communications & Utilities",
918646,EAGLE MATERIALS INC,3241,32,,Manufacturing,TX
730272,REPLIGEN CORP,2836,28,Chemicals & Pharmaceuticals,Manufacturing,MA
108516,"WORTHINGTON ENTERPRISES, INC.",3310,33,,Manufacturing,OH
1792580,OVINTIV INC.,1311,13,Oil & Gas Extraction,Mining,CO
1818201,CCC INTELLIGENT SOLUTIONS HOLDINGS INC.,7372,73,Business Services & Software,Services,IL
275880,PARSONS CORP,7373,73,Business Services & Software,Services,VA
1556263,"SYROS PHARMACEUTICALS, INC.",2834,28,Chemicals & Pharmaceuticals,Manufacturing,MA
1121788,GARMIN LTD,3812,38,Instruments & Medical Devices,Manufacturing,
897448,AMARIN CORP PLCUK,2834,28,Chemicals & Pharmaceuticals,Manufacturing,
1725057,"DAYFORCE, INC.",7372,73,Business Services & Software,Services,MN
1680581,"FULCRUM THERAPEUTICS, INC.",2834,28,Chemicals & Pharmaceuticals,Manufacturing,MA
1622194,"EASTERLY GOVERNMENT PROPERTIES, INC.",6798,67,Holding & Investment Offices,"Finance, Insurance & Real Estate",DC
924717,SURMODICS INC,3841,38,Instruments & Medical Devices,Manufacturing,MN
1156388,BIG 5 SPORTING GOODS CORP,5940,59,Miscellaneous Retail,Retail Trade,CA
775158,OSHKOSH CORP,3711,37,Transportation Equipment,Manufacturing,WI
903129,GENTHERM INC,3714,37,Transportation Equipment,Manufacturing,MI
36029,FIRST FINANCIAL BANKSHARES INC,6022,60,Depository Institutions,"Finance, Insurance & Real Estate",TX
1424182,"BROADSTONE NET LEASE, INC.",6798,67,Holding & Investment Offices,"Finance, Insurance & Real Estate",NY
1669811,"DONNELLEY FINANCIAL SOLUTIONS, INC.",7380,73,Business Services & Software,Services,PA
894315,SITE CENTERS CORP.,6798,67,Holding & Investment Offices,"Finance, Insurance & Real Estate",OH
75362,PACCAR INC,3711,37,Transportation Equipment,Manufacturing,WA
731288,PACCAR FINANCIAL CORP,6153,61,,"Finance, Insurance & Real Estate",WA
1840439,"BIOMEA FUSION, INC.",2834,28,Chemicals & Pharmaceuticals,Manufacturing,CA
1734713,"BRIGHTVIEW HOLDINGS, INC.",700,07,,"Agriculture, Forestry & Fishing",PA
751978,VICOR CORP,3679,36,Electronic & Electrical Equipment,Manufacturing,MA
1002590,"STAR GROUP, L.P.",5990,59,Miscellaneous Retail,Retail Trade,CT
1597553,"SAGE THERAPEUTICS, INC.",2834,28,Chemicals & Pharmaceuticals,Manufacturing,MA
899629,ACADIA REALTY TRUST,6798,67,Holding & Investment Offices,"Finance, Insurance & Real Estate",NY
1046568,PERDOCEO EDUCATION CORP,8200,82,,Services,IL
1180262,HERBALIFE LTD.,5122,51,,Wholesale Trade,
1891856,"GEN RESTAURANT GROUP, INC.",5812,58,Eating & Drinking Places,Retail Trade,CA
1393584,AMERICAN WELL CORP,7389,73,Business Services & Software,Services,MA
1605607,"PARAMOUNT GROUP, INC.",6798,67,Holding & Investment Offices,"Finance, Insurance & Real Estate",NY
1699838,"CONFLUENT, INC.",7372,73,Business Services & Software,Services,CA
1080014,"INNOVIVA, INC.",2834,28,Chemicals & Pharmaceuticals,Manufacturing,CA
1350653,"ALPHATEC HOLDINGS, INC.",3841,38,Instruments & Medical Devices,Manufacturing,CA
1690334,SEACOR MARINE HOLDINGS INC.,4412,44,,"Transportation, Communications & Utilities",TX
1527508,PACTIV EVERGREEN INC.,2673,26,,Manufacturing,IL
863436,BENCHMARK ELECTRONICS INC,3672,36,Electronic & Electrical Equipment,Manufacturing,AZ
1492422,"APELLIS PHARMACEUTICALS, INC.",2834,28,Chemicals & Pharmaceuticals,Manufacturing,MA
1620393,"NEXPOINT RESIDENTIAL TRUST, INC.",6798,67,Holding & Investment Offices,"Finance, Insurance & Real Estate",TX
105319,"WW INTERNATIONAL, INC.",7200,72,,Services,NY
1626450,"BIGCOMMERCE HOLDINGS, INC.",7372,73,Business Services & Software,Services,TX
1357874,PRECISION BIOSCIENCES INC,2836,28,Chemicals & Pharmaceuticals,Manufacturing,NC
1851003,ZETA GLOBAL HOLDINGS CORP.,7372,73,Business Services & Software,Services,NY
1402436,SS&C TECHNOLOGIES HOLDINGS INC,7372,73,Business Services & Software,Services,CT
751364,"NNN REIT, INC.",6798,67,Holding & Investment Offices,"Finance, Insurance & Real Estate",FL
101382,UMB FINANCIAL CORP,6021,60,Depository Institutions,"Finance, Insurance & Real Estate",MO
42582,GOODYEAR TIRE & RUBBER CO /OH/,3011,30,,Manufacturing,OH
715957,"DOMINION ENERGY, INC",4911,49,"Electric, Gas & Sanitary Services","Transportation, Communications & Utilities",VA
91882,"DOMINION ENERGY SOUTH CAROLINA, INC.",4931,49,"Electric, Gas & Sanitary Services","Transportation, Communications & Utilities",SC
1130464,BLACK HILLS CORP /SD/,4911,49,"Electric, Gas & Sanitary Services","Transportation, Communications & Utilities",SD
80035,PREFORMED LINE PRODUCTS CO,1623,16,,Construction,OH
23194,COMSTOCK RESOURCES INC,1311,13,Oil & Gas Extraction,Mining,TX
1389170,TARGA RESOURCES CORP.,4922,49,"Electric, Gas & Sanitary Services","Transportation, Communications & Utilities",TX
834071,TOYOTA MOTOR CREDIT CORP,6141,61,,"Finance, Insurance & Real Estate",TX
944695,"HANOVER INSURANCE GROUP, INC.",6331,63,Insurance Carriers,"Finance, Insurance & Real Estate",MA
1341235,"ALDEYRA THERAPEUTICS, INC.",2834,28,Chemicals & Pharmaceuticals,Manufacturing,MA
1395937,SYNDAX PHARMACEUTICALS INC,2834,28,Chemicals & Pharmaceuticals,Manufacturing,NY
88000,HORIZON KINETICS HOLDING CORP,6282,62,,"Finance, Insurance & Real Estate",NY
907654,"ORUKA THERAPEUTICS, INC.",2834,28,Chemicals & Pharmaceuticals,Manufacturing,CA
1727263,"FRONTDOOR, INC.",7340,73,Business Services & Software,Services,TN
1520697,"ACADIA HEALTHCARE COMPANY, INC.",8093,80,Health Services,Services,TN
1651311,MERUS N.V.,2834,28,Chemicals & Pharmaceuticals,Manufacturing,
1464423,PENNYMAC MORTGAGE INVESTMENT TRUST,6798,67,Holding & Investment Offices,"Finance, Insurance & Real Estate",CA
69488,MYERS INDUSTRIES INC,3089,30,,Manufacturing,OH
1005284,UNIVERSAL DISPLAY CORP PA,3670,36,Electronic & Electrical Equipment,Manufacturing,NJ
1758488,ONESPAWORLD HOLDINGS LTD,7997,79,,Services,
60714,"LSB INDUSTRIES, INC.",2810,28,Chemicals & Pharmaceuticals,Manufacturing,OK
1549966,SILVERCREST ASSET MANAGEMENT GROUP INC.,6282,62,,"Finance, Insurance & Real Estate",NY
906107,EQUITY RESIDENTIAL,6798,67,Holding & Investment Offices,"Finance, Insurance & Real Estate",IL
1876588,ZIMVIE INC.,3843,38,Instruments & Medical Devices,Manufacturing,FL
1620463,"ATHIRA PHARMA, INC.",2836,28,Chemicals & Pharmaceuticals,Manufacturing,WA
912595,MID AMERICA APARTMENT COMMUNITIES INC.,6798,67,Holding & Investment Offices,"Finance, Insurance & Real Estate",TN
1756262,"TRANSMEDICS GROUP, INC.",3845,38,Instruments & Medical Devices,Manufacturing,MA
1832168,"LONGBOARD PHARMACEUTICALS, INC.",2834,28,Chemicals & Pharmaceuticals,Manufacturing,CA
1590877,REGENXBIO INC.,2836,28,Chemicals & Pharmaceuticals,Manufacturing,MD
1590955,"PAYCOM SOFTWARE, INC.",7372,73,Business Services & Software,Services,OK
1743881,"BRIDGEBIO PHARMA, INC.",2834,28,Chemicals & Pharmaceuticals,Manufacturing,CA
1389002,MARIN SOFTWARE INC,7374,73,Business Services & Software,Services,CA
874866,CORVEL CORP,6411,64,,"Finance, Insurance & Real Estate",CA
1478320,ADAPTIVE BIOTECHNOLOGIES CORP,2836,28,Chemicals & Pharmaceuticals,Manufacturing,WA
1381531,DOMTAR CORP,2621,26,,Manufacturing,SC
203596,WESBANCO INC,6021,60,Depository Institutions,"Finance, Insurance & Real Estate",WV
1701732,ALTAIR ENGINEERING INC.,7372,73,Business Services & Software,Services,MI
1743759,"CORSAIR GAMING, INC.",3577,35,Industrial Machinery & Computer Equipment,Manufacturing,CA
1020214,CERUS CORP,3841,38,Instruments & Medical Devices,Manufacturing,CA
1650132,"FOUR CORNERS PROPERTY TRUST, INC.",6798,67,Holding & Investment Offices,"Finance, Insurance & Real Estate",CA
1627223,CHEMOURS CO,2800,28,Chemicals & Pharmaceuticals,Manufacturing,DE
1515673,ULTRAGENYX PHARMACEUTICAL INC.,2834,28,Chemicals & Pharmaceuticals,Manufacturing,CA
1692376,"VELOCITY FINANCIAL, INC.",6199,61,,"Finance, Insurance & Real Estate",CA
1362004,"ICF INTERNATIONAL, INC.",8742,87,"Engineering, Accounting & Management Services",Services,VA
1853513,"MISTER CAR WASH, INC.",7500,75,,Services,AZ
1385280,"CINEMARK HOLDINGS, INC.",7830,78,,Services,TX
1674930,"FULGENT GENETICS, INC.",8071,80,Health Services,Services,CA
1849253,"RYAN SPECIALTY HOLDINGS, INC.",6411,64,,"Finance, Insurance & Real Estate",IL
866291,"ALLEGRO MICROSYSTEMS, INC.",3674,36,Electronic & Electrical Equipment,Manufacturing,NH
1588489,GRAYSCALE BITCOIN TRUST ETF,6221,62,,"Finance, Insurance & Real Estate",CT
1705181,GRAYSCALE ETHEREUM CLASSIC TRUST (ETC),6221,62,,"Finance, Insurance & Real Estate",CT
1725210,GRAYSCALE ETHEREUM TRUST ETF,6221,62,,"Finance, Insurance & Real Estate",CT
1761325,GRAYSCALE STELLAR LUMENS TRUST (XLM),6221,62,,"Finance, Insurance & Real Estate",CT
1720265,GRAYSCALE ZCASH TRUST (ZEC),6221,62,,"Finance, Insurance & Real Estate",CT
1865782,"BRIGHTSPRING HEALTH SERVICES, INC.",8082,80,Health Services,Services,KY
202947,CAPITAL PROPERTIES INC /RI/,6519,65,,"Finance, Insurance & Real Estate",RI
1748945,GRAYSCALE HORIZEN TRUST (ZEN),6221,62,,"Finance, Insurance & Real Estate",CT
910606,REGENCY CENTERS CORP,6798,67,Holding & Investment Offices,"Finance, Insurance & Real Estate",FL
712034,ACCO BRANDS CORP,2780,27,,Manufacturing,IL
1338749,POTLATCHDELTIC CORP,6798,67,Holding & Investment Offices,"Finance, Insurance & Real Estate",WA
1538990,STORE CAPITAL LLC,6798,67,Holding & Investment Offices,"Finance, Insurance & Real Estate",AZ
879101,KIMCO REALTY CORP,6798,67,Holding & Investment Offices,"Finance, Insurance & Real Estate",NY
108312,"WOODWARD, INC.",3620,36,Electronic & Electrical Equipment,Manufacturing,CO
1771514,EXCHANGERIGHT INCOME FUND,6798,67,Holding & Investment Offices,"Finance, Insurance & Real Estate",CA
97210,"TERADYNE, INC",3825,38,Instruments & Medical Devices,Manufacturing,MA
851520,EXPONENT INC,8742,87,"Engineering, Accounting & Management Services",Services,CA
1122904,"NETGEAR, INC.",3661,36,Electronic & Electrical Equipment,Manufacturing,CA
1845337,"DAY ONE BIOPHARMACEUTICALS, INC.",2834,28,Chemicals & Pharmaceuticals,Manufacturing,CA
1841804,"INSTRUCTURE HOLDINGS, INC.",7372,73,Business Services & Software,Services,UT
1858257,"AVIDXCHANGE HOLDINGS, INC.",7372,73,Business Services & Software,Services,NC
940942,"HUB GROUP, INC.",4731,47,,"Transportation, Communications & Utilities",IL
857005,PTC INC.,7372,73,Business Services & Software,Services,MA
1065837,SKECHERS USA INC,3140,31,,Manufacturing,CA
1531177,"SIGHT SCIENCES, INC.",3841,38,Instruments & Medical Devices,Manufacturing,CA
871763,MANPOWERGROUP INC.,7363,73,Business Services & Software,Services,WI
1519401,REGIONAL MANAGEMENT CORP.,6141,61,,"Finance, Insurance & Real Estate",SC
1626115,PJT PARTNERS INC.,6282,62,,"Finance, Insurance & Real Estate",NY
1968487,"WORTHINGTON STEEL, INC.",3310,33,,Manufacturing,OH
1675149,ALCOA CORP,3334,33,,Manufacturing,PA
313927,CHURCH & DWIGHT CO INC /DE/,2840,28,Chemicals & Pharmaceuticals,Manufacturing,NJ
1802156,"XPONENTIAL FITNESS, INC.",7990,79,,Services,CA
1067983,BERKSHIRE HATHAWAY INC,6331,63,Insurance Carriers,"Finance, Insurance & Real Estate",NE
1807120,"DESIGN THERAPEUTICS, INC.",2834,28,Chemicals & Pharmaceuticals,Manufacturing,CA
1811063,NUVATION BIO INC.,2834,28,Chemicals & Pharmaceuticals,Manufacturing,CA
1023313,"FORRESTER RESEARCH, INC.",8700,87,"Engineering, Accounting & Management Services",Services,MA
355948,"RICHARDSON ELECTRONICS, LTD.",5065,50,Wholesale — Durable Goods,Wholesale Trade,IL
1497253,"ORGANOVO HOLDINGS, INC.",2836,28,Chemicals & Pharmaceuticals,Manufacturing,CA
862831,FINANCIAL INSTITUTIONS INC,6021,60,Depository Institutions,"Finance, Insurance & Real Estate",NY
1666291,"CLAROS MORTGAGE TRUST, INC.",6500,65,,"Finance, Insurance & Real Estate",NY
1674416,CRISPR THERAPEUTICS AG,2836,28,Chemicals & Pharmaceuticals,Manufacturing,
1661460,"POSEIDA THERAPEUTICS, INC.",2836,28,Chemicals & Pharmaceuticals,Manufacturing,CA
1111485,"RXSIGHT, INC.",3851,38,Instruments & Medical Devices,Manufacturing,CA
1418121,"APPLE HOSPITALITY REIT, INC.",6798,67,Holding & Investment Offices,"Finance, Insurance & Real Estate",VA
1377630,"NATIONAL CINEMEDIA, INC.",7310,73,Business Services & Software,Services,CO
1701108,"SPERO THERAPEUTICS, INC.",2834,28,Chemicals & Pharmaceuticals,Manufacturing,MA
1861795,DEFINITIVE HEALTHCARE CORP.,7372,73,Business Services & Software,Services,MA
1089872,"GAIA, INC",7812,78,,Services,CO
1579428,"AXSOME THERAPEUTICS, INC.",2834,28,Chemicals & Pharmaceuticals,Manufacturing,NY
25475,CRAWFORD & CO,6411,64,,"Finance, Insurance & Real Estate",GA
1785173,"89BIO, INC.",2834,28,Chemicals & Pharmaceuticals,Manufacturing,CA
878927,"OLD DOMINION FREIGHT LINE, INC.",4213,42,,"Transportation, Communications & Utilities",NC
1702750,"BYLINE BANCORP, INC.",6022,60,Depository Institutions,"Finance, Insurance & Real Estate",
1768224,ARCTURUS THERAPEUTICS HOLDINGS INC.,2834,28,Chemicals & Pharmaceuticals,Manufacturing,CA
1831363,"TERNS PHARMACEUTICALS, INC.",2834,28,Chemicals & Pharmaceuticals,Manufacturing,CA
732834,"CONTINENTAL RESOURCES, INC",1311,13,Oil & Gas Extraction,Mining,OK
1825024,OFFERPAD SOLUTIONS INC.,6531,65,,"Finance, Insurance & Real Estate",AZ
1013488,BJS RESTAURANTS INC,5812,58,Eating & Drinking Places,Retail Trade,CA
1834645,"PEAK BIO, INC.",2836,28,Chemicals & Pharmaceuticals,Manufacturing,CA
1795139,GREEN THUMB INDUSTRIES INC.,100,01,,"Agriculture, Forestry & Fishing",IL
893949,"PEDIATRIX MEDICAL GROUP, INC.",8060,80,Health Services,Services,FL
755001,UNITIL CORP,4931,49,"Electric, Gas & Sanitary Services","Transportation, Communications & Utilities",NH
1598646,"MINERVA NEUROSCIENCES, INC.",2834,28,Chemicals & Pharmaceuticals,Manufacturing,MA
1850838,"OMEGA THERAPEUTICS, INC.",2836,28,Chemicals & Pharmaceuticals,Manufacturing,MA
884624,ORTHOFIX MEDICAL INC.,3841,38,Instruments & Medical Devices,Manufacturing,TX
1856031,VIVID SEATS INC.,7990,79,,Services,IL
1503802,KARYOPHARM THERAPEUTICS INC.,2834,28,Chemicals & Pharmaceuticals,Manufacturing,MA
1622229,"COGENT BIOSCIENCES, INC.",2834,28,Chemicals & Pharmaceuticals,Manufacturing,MA
1693011,"INOZYME PHARMA, INC.",2834,28,Chemicals & Pharmaceuticals,Manufacturing,MA
1745999,BEAM THERAPEUTICS INC.,2836,28,Chemicals & Pharmaceuticals,Manufacturing,MA
1807846,MONEYLION INC.,6199,61,,"Finance, Insurance & Real Estate",NY
1076930,NOVANTA INC,3690,36,Electronic & Electrical Equipment,Manufacturing,MA
760498,BANCFIRST CORP /OK/,6021,60,Depository Institutions,"Finance, Insurance & Real Estate",OK
1109242,HANMI FINANCIAL CORP,6021,60,Depository Institutions,"Finance, Insurance & Real Estate",CA
1895582,"PERSHING SQUARE SPARC HOLDINGS, LTD./DE",6770,67,Holding & Investment Offices,"Finance, Insurance & Real Estate",NY
898171,UWHARRIE CAPITAL CORP,6022,60,Depository Institutions,"Finance, Insurance & Real Estate",NC
1641601,RIVER FINANCIAL CORP,6022,60,Depository Institutions,"Finance, Insurance & Real Estate",AL
16040,CABOT CORP,2890,28,Chemicals & Pharmaceuticals,Manufacturing,MA
1364742,BLACKROCK INC.,6211,62,,"Finance, Insurance & Real Estate",NY
1332551,ACRES COMMERCIAL REALTY CORP.,6798,67,Holding & Investment Offices,"Finance, Insurance & Real Estate",NY
1372020,GREAT LAKES DREDGE & DOCK CORP,1600,16,,Construction,TX
1823794,ARKO CORP.,5412,54,,Retail Trade,VA
1885522,"NEUMORA THERAPEUTICS, INC.",2836,28,Chemicals & Pharmaceuticals,Manufacturing,MA
1640428,"EVERQUOTE, INC.",7370,73,Business Services & Software,Services,MA
1468328,ADDUS HOMECARE CORP,8082,80,Health Services,Services,TX
818033,"HERON THERAPEUTICS, INC. /DE/",2834,28,Chemicals & Pharmaceuticals,Manufacturing,CA
1855447,"TIGO ENERGY, INC.",3674,36,Electronic & Electrical Equipment,Manufacturing,CA
1526520,"TRIPADVISOR, INC.",7370,73,Business Services & Software,Services,MA
1116942,TTM TECHNOLOGIES INC,3672,36,Electronic & Electrical Equipment,Manufacturing,CA
1671858,"ARS PHARMACEUTICALS, INC.",2834,28,Chemicals & Pharmaceuticals,Manufacturing,CA
1050446,MICROSTRATEGY INC,6199,61,,"Finance, Insurance & Real Estate",VA
946647,PREMIER FINANCIAL CORP,6022,60,Depository Institutions,"Finance, Insurance & Real Estate",OH
1024795,"HELIOS TECHNOLOGIES, INC.",3490,34,,Manufacturing,FL
1630627,"TREACE MEDICAL CONCEPTS, INC.",3841,38,Instruments & Medical Devices,Manufacturing,FL
1316835,"BUILDERS FIRSTSOURCE, INC.",5211,52,,Retail Trade,TX
1856725,"RANI THERAPEUTICS HOLDINGS, INC.",2834,28,Chemicals & Pharmaceuticals,Manufacturing,CA
1029142,DYNAVAX TECHNOLOGIES CORP,2834,28,Chemicals & Pharmaceuticals,Manufacturing,CA
921299,FIBROGEN INC,2834,28,Chemicals & Pharmaceuticals,Manufacturing,CA
1444380,NEVRO CORP,3841,38,Instruments & Medical Devices,Manufacturing,CA
842717,"BLUE RIDGE BANKSHARES, INC.",6022,60,Depository Institutions,"Finance, Insurance & Real Estate",VA
1676725,"IDEAYA BIOSCIENCES, INC.",2834,28,Chemicals & Pharmaceuticals,Manufacturing,CA
1799448,"ALIGOS THERAPEUTICS, INC.",2836,28,Chemicals & Pharmaceuticals,Manufacturing,CA
1750284,"OLEMA PHARMACEUTICALS, INC.",2834,28,Chemicals & Pharmaceuticals,Manufacturing,CA
1812364,"RELAY THERAPEUTICS, INC.",2836,28,Chemicals & Pharmaceuticals,Manufacturing,MA
1281895,"ROCKET PHARMACEUTICALS, INC.",2834,28,Chemicals & Pharmaceuticals,Manufacturing,NY
1369290,"MYOMO, INC.",3842,38,Instruments & Medical Devices,Manufacturing,MA
1467760,"APOLLO COMMERCIAL REAL ESTATE FINANCE, INC.",6798,67,Holding & Investment Offices,"Finance, Insurance & Real Estate",NY
1808158,REPARE THERAPEUTICS INC.,2834,28,Chemicals & Pharmaceuticals,Manufacturing,QC
814585,MBIA INC,6351,63,Insurance Carriers,"Finance, Insurance & Real Estate",NY
1162194,STANDARD BIOTOOLS INC.,3826,38,Instruments & Medical Devices,Manufacturing,CA
1746618,"REVOLVE GROUP, INC.",5961,59,Miscellaneous Retail,Retail Trade,CA
1829802,"SENSEI BIOTHERAPEUTICS, INC.",2834,28,Chemicals & Pharmaceuticals,Manufacturing,MD
1841408,DAVE INC./DE,6199,61,,"Finance, Insurance & Real Estate",CA
36146,TRUSTMARK CORP,6021,60,Depository Institutions,"Finance, Insurance & Real Estate",MS
1463361,"UNITY BIOTECHNOLOGY, INC.",2834,28,Chemicals & Pharmaceuticals,Manufacturing,CA
1350102,"ASCENT SOLAR TECHNOLOGIES, INC.",3674,36,Electronic & Electrical Equipment,Manufacturing,CO
1595097,"CORBUS PHARMACEUTICALS HOLDINGS, INC.",2834,28,Chemicals & Pharmaceuticals,Manufacturing,MA
1984060,ATLAS ENERGY SOLUTIONS INC.,1311,13,Oil & Gas Extraction,Mining,TX
1826889,"BEACHBODY COMPANY, INC.",5960,59,Miscellaneous Retail,Retail Trade,CA
1580560,FLYWIRE CORP,7389,73,Business Services & Software,Services,MA
1069878,TREX CO INC,2400,24,,Manufacturing,VA
1278021,MARKETAXESS HOLDINGS INC,6211,62,,"Finance, Insurance & Real Estate",NY
1272842,AIRGAIN INC,3663,36,Electronic & Electrical Equipment,Manufacturing,CA
1031623,GULF ISLAND FABRICATION INC,3440,34,,Manufacturing,TX
1021635,OGE ENERGY CORP.,4911,49,"Electric, Gas & Sanitary Services","Transportation, Communications & Utilities",OK
1383149,INVESCO DB US DOLLAR INDEX BEARISH FUND,6221,62,,"Finance, Insurance & Real Estate",IL
1855781,INVESCO GALAXY BITCOIN ETF,6221,62,,"Finance, Insurance & Real Estate",NY
1383057,INVESCO DB PRECIOUS METALS FUND,6221,62,,"Finance, Insurance & Real Estate",IL
1353611,INVESCO CURRENCYSHARES BRITISH POUND STERLING TRUST,6221,62,,"Finance, Insurance & Real Estate",IL
1353614,INVESCO CURRENCYSHARES AUSTRALIAN DOLLAR TRUST,6221,62,,"Finance, Insurance & Real Estate",IL
1328598,INVESCO CURRENCYSHARES EURO TRUST,6221,62,,"Finance, Insurance & Real Estate",IL
1383058,INVESCO DB OIL FUND,6221,62,,"Finance, Insurance & Real Estate",IL
1328237,INVESCO DB COMMODITY INDEX TRACKING FUND,6221,62,,"Finance, Insurance & Real Estate",IL
1353612,INVESCO CURRENCYSHARES CANADIAN DOLLAR TRUST,6221,62,,"Finance, Insurance & Real Estate",IL
1383084,INVESCO DB BASE METALS FUND,6221,62,,"Finance, Insurance & Real Estate",IL
1383062,INVESCO DB ENERGY FUND,6221,62,,"Finance, Insurance & Real Estate",IL
1383151,INVESCO DB US DOLLAR INDEX BULLISH FUND,6221,62,,"Finance, Insurance & Real Estate",IL
1353613,INVESCO CURRENCYSHARES JAPANESE YEN TRUST,6221,62,,"Finance, Insurance & Real Estate",IL
1383082,INVESCO DB AGRICULTURE FUND,6221,62,,"Finance, Insurance & Real Estate",IL
1353615,INVESCO CURRENCYSHARES SWISS FRANC TRUST,6221,62,,"Finance, Insurance & Real Estate",IL
104918,AVISTA CORP,4931,49,"Electric, Gas & Sanitary Services","Transportation, Communications & Utilities",WA
1070494,ACADIA PHARMACEUTICALS INC,2834,28,Chemicals & Pharmaceuticals,Manufacturing,CA
1579214,"EMERALD HOLDING, INC.",7389,73,Business Services & Software,Services,CA
1755237,"CYCLERION THERAPEUTICS, INC.",2834,28,Chemicals & Pharmaceuticals,Manufacturing,MA
1867949,"CHICAGO ATLANTIC REAL ESTATE FINANCE, INC.",6798,67,Holding & Investment Offices,"Finance, Insurance & Real Estate",IL
1819133,"TANGO THERAPEUTICS, INC.",2834,28,Chemicals & Pharmaceuticals,Manufacturing,MA
1815442,"KYMERA THERAPEUTICS, INC.",2836,28,Chemicals & Pharmaceuticals,Manufacturing,MA
1058867,GUARANTY BANCSHARES INC /TX/,6021,60,Depository Institutions,"Finance, Insurance & Real Estate",TX
716314,GRAHAM CORP,3560,35,Industrial Machinery & Computer Equipment,Manufacturing,NY
1936258,NEWAMSTERDAM PHARMA CO N.V.,2834,28,Chemicals & Pharmaceuticals,Manufacturing,
899460,MANNKIND CORP,2834,28,Chemicals & Pharmaceuticals,Manufacturing,CT
1837014,"SMARTRENT, INC.",7373,73,Business Services & Software,Services,AZ
720672,STIFEL FINANCIAL CORP,6211,62,,"Finance, Insurance & Real Estate",MO
1059142,GREYSTONE HOUSING IMPACT INVESTORS LP,6199,61,,"Finance, Insurance & Real Estate",NE
1302028,"MANITEX INTERNATIONAL, INC.",3559,35,Industrial Machinery & Computer Equipment,Manufacturing,IL
700565,"FIRST MID BANCSHARES, INC.",6022,60,Depository Institutions,"Finance, Insurance & Real Estate",IL
1054905,INNOSPEC INC.,2800,28,Chemicals & Pharmaceuticals,Manufacturing,CO
1090012,DEVON ENERGY CORP/DE,1311,13,Oil & Gas Extraction,Mining,OK
1161728,MGE ENERGY INC,4900,49,"Electric, Gas & Sanitary Services","Transportation, Communications & Utilities",WI
719413,HECLA MINING CO/DE/,1400,14,,Mining,ID
73309,NUCOR CORP,3312,33,,Manufacturing,NC
1599617,DNOW INC.,3533,35,Industrial Machinery & Computer Equipment,Manufacturing,TX
1674862,ASHLAND INC.,5160,51,,Wholesale Trade,DE
792966,FARMERS & MERCHANTS BANCORP INC,6035,60,Depository Institutions,"Finance, Insurance & Real Estate",OH
949039,"DIAMOND OFFSHORE DRILLING, INC.",1381,13,Oil & Gas Extraction,Mining,TX
800240,ODP CORP,5940,59,Miscellaneous Retail,Retail Trade,FL
1484565,SOLENO THERAPEUTICS INC,3845,38,Instruments & Medical Devices,Manufacturing,CA
1177648,ENANTA PHARMACEUTICALS INC,2834,28,Chemicals & Pharmaceuticals,Manufacturing,MA
1643615,"MONTROSE ENVIRONMENTAL GROUP, INC.",8742,87,"Engineering, Accounting & Management Services",Services,CA
873303,"SAREPTA THERAPEUTICS, INC.",2834,28,Chemicals & Pharmaceuticals,Manufacturing,MA
1000209,MEDALLION FINANCIAL CORP,6199,61,,"Finance, Insurance & Real Estate",NY
1854139,ZEVIA PBC,2086,20,Food & Kindred Products,Manufacturing,CA
1537054,GOGO INC.,4899,48,Communications,"Transportation, Communications & Utilities",CO
1623526,"STOKE THERAPEUTICS, INC.",2834,28,Chemicals & Pharmaceuticals,Manufacturing,MA
1294133,INOGEN INC,3842,38,Instruments & Medical Devices,Manufacturing,CA
1803696,ADEIA INC.,4841,48,Communications,"Transportation, Communications & Utilities",CA
1369568,"CATALYST PHARMACEUTICALS, INC.",2834,28,Chemicals & Pharmaceuticals,Manufacturing,FL
1136869,"ZIMMER BIOMET HOLDINGS, INC.",3842,38,Instruments & Medical Devices,Manufacturing,IN
718937,STAAR SURGICAL CO,3851,38,Instruments & Medical Devices,Manufacturing,CA
1564824,ALLAKOS INC.,2834,28,Chemicals & Pharmaceuticals,Manufacturing,CA
1439725,BIODESIX INC,8071,80,Health Services,Services,CO
1863127,"TYRA BIOSCIENCES, INC.",2834,28,Chemicals & Pharmaceuticals,Manufacturing,CA
1824920,"IONQ, INC.",7373,73,Business Services & Software,Services,MD
1628171,"REVOLUTION MEDICINES, INC.",2836,28,Chemicals & Pharmaceuticals,Manufacturing,CA
1949543,SITIO ROYALTIES CORP.,1311,13,Oil & Gas Extraction,Mining,CO
1407973,"SONENDO, INC.",3843,38,Instruments & Medical Devices,Manufacturing,CA
90896,"CHAMPION HOMES, INC.",2451,24,,Manufacturing,MI
1653087,"ALECTOR, INC.",2836,28,Chemicals & Pharmaceuticals,Manufacturing,CA
720500,AMTECH SYSTEMS INC,3559,35,Industrial Machinery & Computer Equipment,Manufacturing,AZ
922864,APARTMENT INVESTMENT & MANAGEMENT CO,6798,67,Holding & Investment Offices,"Finance, Insurance & Real Estate",CO
315131,PHX MINERALS INC.,1311,13,Oil & Gas Extraction,Mining,TX
1404655,HUBSPOT INC,7372,73,Business Services & Software,Services,MA
39899,TEGNA INC,4833,48,Communications,"Transportation, Communications & Utilities",VA
4457,U-HAUL HOLDING CO /NV/,7510,75,,Services,NV
1817713,"JANUX THERAPEUTICS, INC.",2834,28,Chemicals & Pharmaceuticals,Manufacturing,CA
1979332,"CENTRAL PLAINS BANCSHARES, INC.",6035,60,Depository Institutions,"Finance, Insurance & Real Estate",NE
1759824,ALTA EQUIPMENT GROUP INC.,5084,50,Wholesale — Durable Goods,Wholesale Trade,MI
1826681,PALLADYNE AI CORP.,7372,73,Business Services & Software,Services,UT
1527753,"PERSONALIS, INC.",8071,80,Health Services,Services,CA
1409375,"ORION ENERGY SYSTEMS, INC.",3640,36,Electronic & Electrical Equipment,Manufacturing,WI
1593899,"ATEA PHARMACEUTICALS, INC.",2834,28,Chemicals & Pharmaceuticals,Manufacturing,MA
1057379,"HACKETT GROUP, INC.",8742,87,"Engineering, Accounting & Management Services",Services,FL
1720116,"RED VIOLET, INC.",7372,73,Business Services & Software,Services,FL
750577,HANCOCK WHITNEY CORP,6022,60,Depository Institutions,"Finance, Insurance & Real Estate",MS
1340476,DIRTT ENVIRONMENTAL SOLUTIONS LTD,7372,73,Business Services & Software,Services,AB
1068851,PROSPERITY BANCSHARES INC,6022,60,Depository Institutions,"Finance, Insurance & Real Estate",TX
884219,"PURSUIT ATTRACTIONS & HOSPITALITY, INC.",7990,79,,Services,CO
1517228,"COMMSCOPE HOLDING COMPANY, INC.",3663,36,Electronic & Electrical Equipment,Manufacturing,NC
1538849,CROSSAMERICA PARTNERS LP,5172,51,,Wholesale Trade,PA
1724965,TALOS ENERGY INC.,1311,13,Oil & Gas Extraction,Mining,TX
1995807,LANDBRIDGE CO LLC,6792,67,Holding & Investment Offices,"Finance, Insurance & Real Estate",TX
1484612,"OUTSET MEDICAL, INC.",3845,38,Instruments & Medical Devices,Manufacturing,CA
1821806,"LESLIE'S, INC.",5990,59,Miscellaneous Retail,Retail Trade,AZ
1991792,"CG ONCOLOGY, INC.",2836,28,Chemicals & Pharmaceuticals,Manufacturing,CA
1850079,TELESIS BIO INC.,3826,38,Instruments & Medical Devices,Manufacturing,CA
1832332,"AVEANNA HEALTHCARE HOLDINGS, INC.",8082,80,Health Services,Services,GA
1527599,"SYNLOGIC, INC.",2834,28,Chemicals & Pharmaceuticals,Manufacturing,MA
1861560,"NUVALENT, INC.",2834,28,Chemicals & Pharmaceuticals,Manufacturing,MA
1826457,"MONTE ROSA THERAPEUTICS, INC.",2836,28,Chemicals & Pharmaceuticals,Manufacturing,MA
1584549,"VILLAGE FARMS INTERNATIONAL, INC.",100,01,,"Agriculture, Forestry & Fishing",FL
1808865,"ITEOS THERAPEUTICS, INC.",2836,28,Chemicals & Pharmaceuticals,Manufacturing,MA
1661998,Q32 BIO INC.,2834,28,Chemicals & Pharmaceuticals,Manufacturing,MA
1501796,"AURA BIOSCIENCES, INC.",2836,28,Chemicals & Pharmaceuticals,Manufacturing,MA
1658551,"AMYLYX PHARMACEUTICALS, INC.",2834,28,Chemicals & Pharmaceuticals,Manufacturing,MA
1789972,"CULLINAN THERAPEUTICS, INC.",2836,28,Chemicals & Pharmaceuticals,Manufacturing,MA
1759138,"CABALETTA BIO, INC.",2836,28,Chemicals & Pharmaceuticals,Manufacturing,PA
1840574,"VERVE THERAPEUTICS, INC.",2834,28,Chemicals & Pharmaceuticals,Manufacturing,MA
1579733,"VITAL FARMS, INC.",2000,20,Food & Kindred Products,Manufacturing,TX
1564902,UNITED PARKS & RESORTS INC.,7990,79,,Services,FL
2012593,"RAPPORT THERAPEUTICS, INC.",2834,28,Chemicals & Pharmaceuticals,Manufacturing,MA
1313275,BRIGHTCOVE INC,7374,73,Business Services & Software,Services,MA
1631574,WAVE LIFE SCIENCES LTD.,2834,28,Chemicals & Pharmaceuticals,Manufacturing,
1699382,"PMV PHARMACEUTICALS, INC.",2834,28,Chemicals & Pharmaceuticals,Manufacturing,NJ
1923840,"THIRD HARMONIC BIO, INC.",2834,28,Chemicals & Pharmaceuticals,Manufacturing,CA
1835597,PEPGEN INC.,2834,28,Chemicals & Pharmaceuticals,Manufacturing,MA
1673772,"RAPT THERAPEUTICS, INC.",2834,28,Chemicals & Pharmaceuticals,Manufacturing,CA
1816736,"DISC MEDICINE, INC.",2834,28,Chemicals & Pharmaceuticals,Manufacturing,MA
1671584,APTEVO THERAPEUTICS INC.,2834,28,Chemicals & Pharmaceuticals,Manufacturing,WA
1766363,"ENDEAVOR GROUP HOLDINGS, INC.",7900,79,,Services,CA
885275,WILSON BANK HOLDING CO,6021,60,Depository Institutions,"Finance, Insurance & Real Estate",TN
1828161,"FTC SOLAR, INC.",3674,36,Electronic & Electrical Equipment,Manufacturing,TX
709337,FARMERS NATIONAL BANC CORP /OH/,6022,60,Depository Institutions,"Finance, Insurance & Real Estate",OH
750558,QNB CORP,6022,60,Depository Institutions,"Finance, Insurance & Real Estate",PA
75677,PACKAGING CORP OF AMERICA,2650,26,,Manufacturing,IL
1005757,CSG SYSTEMS INTERNATIONAL INC,7374,73,Business Services & Software,Services,CO
1050743,PEAPACK GLADSTONE FINANCIAL CORP,6029,60,Depository Institutions,"Finance, Insurance & Real Estate",NJ
354647,CVB FINANCIAL CORP,6022,60,Depository Institutions,"Finance, Insurance & Real Estate",CA
1235468,LIQUIDITY SERVICES INC,7389,73,Business Services & Software,Services,MD
746515,EXPEDITORS INTERNATIONAL OF WASHINGTON INC,4731,47,,"Transportation, Communications & Utilities",WA
1315257,KOPPERS HOLDINGS INC.,2400,24,,Manufacturing,PA
1070985,"CORECIVIC, INC.",6798,67,Holding & Investment Offices,"Finance, Insurance & Real Estate",TN
1005210,SUBURBAN PROPANE PARTNERS LP,5900,59,Miscellaneous Retail,Retail Trade,NJ
94049,STEPAN CO,2840,28,Chemicals & Pharmaceuticals,Manufacturing,IL
916076,MARTIN MARIETTA MATERIALS INC,1400,14,,Mining,NC
1723788,BITWISE 10 CRYPTO INDEX FUND,6221,62,,"Finance, Insurance & Real Estate",CA
2013744,BITWISE ETHEREUM ETF,6199,61,,"Finance, Insurance & Real Estate",CA
1763415,BITWISE BITCOIN ETF,6221,62,,"Finance, Insurance & Real Estate",CA
1049502,MKS INSTRUMENTS INC,3823,38,Instruments & Medical Devices,Manufacturing,MA
1494904,"GLOBAL INDEMNITY GROUP, LLC",6331,63,Insurance Carriers,"Finance, Insurance & Real Estate",PA
1374690,"LARIMAR THERAPEUTICS, INC.",2834,28,Chemicals & Pharmaceuticals,Manufacturing,PA
1776738,CANNABIST CO HOLDINGS INC.,100,01,,"Agriculture, Forestry & Fishing",MA
1475922,"PRIMERICA, INC.",6311,63,Insurance Carriers,"Finance, Insurance & Real Estate",GA
1142417,"NEXSTAR MEDIA GROUP, INC.",4833,48,Communications,"Transportation, Communications & Utilities",TX
1442236,QUEST RESOURCE HOLDING CORP,4953,49,"Electric, Gas & Sanitary Services","Transportation, Communications & Utilities",TX
849145,HERITAGE GLOBAL INC.,7389,73,Business Services & Software,Services,CA
1445283,"KINETA, INC./DE",2834,28,Chemicals & Pharmaceuticals,Manufacturing,WA
1314102,"EYEPOINT PHARMACEUTICALS, INC.",3826,38,Instruments & Medical Devices,Manufacturing,MA
1178253,SCYNEXIS INC,2834,28,Chemicals & Pharmaceuticals,Manufacturing,NJ
1817229,VOR BIOPHARMA INC.,2836,28,Chemicals & Pharmaceuticals,Manufacturing,MA
1320350,"LENSAR, INC.",3841,38,Instruments & Medical Devices,Manufacturing,FL
1293282,TECHTARGET INC,4822,48,Communications,"Transportation, Communications & Utilities",MA
1501989,"CYTOMX THERAPEUTICS, INC.",2834,28,Chemicals & Pharmaceuticals,Manufacturing,CA
1778129,TERRASCEND CORP.,100,01,,"Agriculture, Forestry & Fishing",ON
1394056,"ONE STOP SYSTEMS, INC.",3571,35,Industrial Machinery & Computer Equipment,Manufacturing,CA
798528,ODYSSEY MARINE EXPLORATION INC,4400,44,,"Transportation, Communications & Utilities",FL
1835579,"IKENA ONCOLOGY, INC.",2836,28,Chemicals & Pharmaceuticals,Manufacturing,MA
1783183,"PHATHOM PHARMACEUTICALS, INC.",2834,28,Chemicals & Pharmaceuticals,Manufacturing,NJ
95552,SUPERIOR INDUSTRIES INTERNATIONAL INC,3714,37,Transportation Equipment,Manufacturing,MI
1683606,CARS.COM INC.,7374,73,Business Services & Software,Services,IL
1830033,"PURECYCLE TECHNOLOGIES, INC.",2821,28,Chemicals & Pharmaceuticals,Manufacturing,FL
1531978,"PARAGON 28, INC.",3841,38,Instruments & Medical Devices,Manufacturing,CO
1652130,"INTELLIA THERAPEUTICS, INC.",2835,28,Chemicals & Pharmaceuticals,Manufacturing,MA
1830043,BUMBLE INC.,7370,73,Business Services & Software,Services,TX
923796,GEO GROUP INC,1520,15,,Construction,FL
1866692,"AMPLITUDE, INC.",7372,73,Business Services & Software,Services,CA
1752474,KLDISCOVERY INC.,7370,73,Business Services & Software,Services,MN
1098972,AGENUS INC,2836,28,Chemicals & Pharmaceuticals,Manufacturing,MA
1740279,"IN8BIO, INC.",2836,28,Chemicals & Pharmaceuticals,Manufacturing,NY
1690585,"DIANTHUS THERAPEUTICS, INC. /DE/",2834,28,Chemicals & Pharmaceuticals,Manufacturing,NY
1746466,"EQUILLIUM, INC.",2834,28,Chemicals & Pharmaceuticals,Manufacturing,CA
886744,GERON CORP,2834,28,Chemicals & Pharmaceuticals,Manufacturing,CA
1109116,ENTRAVISION COMMUNICATIONS CORP,4833,48,Communications,"Transportation, Communications & Utilities",CA
1494259,"CARGURUS, INC.",7374,73,Business Services & Software,Services,MA
1762303,"AVITA MEDICAL, INC.",3841,38,Instruments & Medical Devices,Manufacturing,CA
1658247,"CRINETICS PHARMACEUTICALS, INC.",2834,28,Chemicals & Pharmaceuticals,Manufacturing,CA
1800667,JFROG LTD,7372,73,Business Services & Software,Services,CA
1563880,"TREVI THERAPEUTICS, INC.",2834,28,Chemicals & Pharmaceuticals,Manufacturing,CT
1308208,"UNIVERSAL LOGISTICS HOLDINGS, INC.",4213,42,,"Transportation, Communications & Utilities",MI
1422143,"KURA ONCOLOGY, INC.",2834,28,Chemicals & Pharmaceuticals,Manufacturing,CA
1426800,"ASSEMBLY BIOSCIENCES, INC.",2834,28,Chemicals & Pharmaceuticals,Manufacturing,CA
1210677,FIRST ADVANTAGE CORP,7389,73,Business Services & Software,Services,GA
1788999,XPERI INC.,7372,73,Business Services & Software,Services,CA
1657573,"XOMETRY, INC.",7389,73,Business Services & Software,Services,MD
876343,"LINEAGE CELL THERAPEUTICS, INC.",2836,28,Chemicals & Pharmaceuticals,Manufacturing,CA
1145986,ASPEN AEROGELS INC,5030,50,Wholesale — Durable Goods,Wholesale Trade,MA
352915,UNIVERSAL HEALTH SERVICES INC,8062,80,Health Services,Services,PA
1851194,"VENTYX BIOSCIENCES, INC.",2834,28,Chemicals & Pharmaceuticals,Manufacturing,CA
1661181,ORGANOGENESIS HOLDINGS INC.,2834,28,Chemicals & Pharmaceuticals,Manufacturing,MA
1650648,"4D MOLECULAR THERAPEUTICS, INC.",2836,28,Chemicals & Pharmaceuticals,Manufacturing,CA
1781730,"THIRD COAST BANCSHARES, INC.",6036,60,Depository Institutions,"Finance, Insurance & Real Estate",TX
1789832,HESS MIDSTREAM LP,1311,13,Oil & Gas Extraction,Mining,TX
1822250,CONTEXTLOGIC INC.,5961,59,Miscellaneous Retail,Retail Trade,CA
1720592,REPAY HOLDINGS CORP,7389,73,Business Services & Software,Services,GA
61986,MANITOWOC CO INC,3531,35,Industrial Machinery & Computer Equipment,Manufacturing,WI
1580864,"VROOM, INC.",5500,55,,Retail Trade,TX
798783,UNIVERSAL HEALTH REALTY INCOME TRUST,6798,67,Holding & Investment Offices,"Finance, Insurance & Real Estate",PA
1874071,"PONCE FINANCIAL GROUP, INC.",6035,60,Depository Institutions,"Finance, Insurance & Real Estate",NY
2098,ACME UNITED CORP,3420,34,,Manufacturing,CT
1368458,"SALLY BEAUTY HOLDINGS, INC.",5990,59,Miscellaneous Retail,Retail Trade,TX
1770121,"SANA BIOTECHNOLOGY, INC.",2836,28,Chemicals & Pharmaceuticals,Manufacturing,WA
1598428,METALLUS INC.,3312,33,,Manufacturing,OH
1858848,"TENAYA THERAPEUTICS, INC.",2836,28,Chemicals & Pharmaceuticals,Manufacturing,CA
1726445,"SEER, INC.",3826,38,Instruments & Medical Devices,Manufacturing,CA
1260990,"ONCTERNAL THERAPEUTICS, INC.",2834,28,Chemicals & Pharmaceuticals,Manufacturing,CA
1847360,"1895 BANCORP OF WISCONSIN, INC. /MD/",6036,60,Depository Institutions,"Finance, Insurance & Real Estate",WI
1833214,"SAB BIOTHERAPEUTICS, INC.",2836,28,Chemicals & Pharmaceuticals,Manufacturing,FL
1803901,"TALKSPACE, INC.",8000,80,Health Services,Services,NY
811240,"BIOLASE, INC",3843,38,Instruments & Medical Devices,Manufacturing,CA
1006045,IRIDEX CORP,3845,38,Instruments & Medical Devices,Manufacturing,CA
1226616,MEDICINOVA INC,2834,28,Chemicals & Pharmaceuticals,Manufacturing,CA
1816613,MARKFORGED HOLDING CORP,3577,35,Industrial Machinery & Computer Equipment,Manufacturing,MA
1333274,MERCER INTERNATIONAL INC.,2611,26,,Manufacturing,BC
1845257,"LIFESTANCE HEALTH GROUP, INC.",8000,80,Health Services,Services,AZ
1455684,"TPI COMPOSITES, INC",3510,35,Industrial Machinery & Computer Equipment,Manufacturing,AZ
1831828,"VERA THERAPEUTICS, INC.",2834,28,Chemicals & Pharmaceuticals,Manufacturing,CA
1582313,XENON PHARMACEUTICALS INC.,2834,28,Chemicals & Pharmaceuticals,Manufacturing,BC
1786205,"ARCELLX, INC.",2836,28,Chemicals & Pharmaceuticals,Manufacturing,CA
1819994,"ROCKET LAB USA, INC.",3760,37,Transportation Equipment,Manufacturing,CA
1544227,"TEMPEST THERAPEUTICS, INC.",2834,28,Chemicals & Pharmaceuticals,Manufacturing,CA
1826600,"MONTAUK RENEWABLES, INC.",4932,49,"Electric, Gas & Sanitary Services","Transportation, Communications & Utilities",PA
1492674,"T2 BIOSYSTEMS, INC.",3841,38,Instruments & Medical Devices,Manufacturing,MA
1021162,TRIUMPH GROUP INC,3720,37,Transportation Equipment,Manufacturing,PA
1779020,"DANIMER SCIENTIFIC, INC.",2821,28,Chemicals & Pharmaceuticals,Manufacturing,GA
1493761,TURTLE BEACH CORP,3669,36,Electronic & Electrical Equipment,Manufacturing,NY
1826892,"BIOATLA, INC.",2836,28,Chemicals & Pharmaceuticals,Manufacturing,CA
1682745,VERRA MOBILITY CORP,4700,47,,"Transportation, Communications & Utilities",AZ
29002,DIODES INC /DEL/,3674,36,Electronic & Electrical Equipment,Manufacturing,TX
1823466,"FISCALNOTE HOLDINGS, INC.",7389,73,Business Services & Software,Services,DC
704532,ONTO INNOVATION INC.,3829,38,Instruments & Medical Devices,Manufacturing,MA
882361,APTOSE BIOSCIENCES INC.,2836,28,Chemicals & Pharmaceuticals,Manufacturing,ON
1789029,"AEVA TECHNOLOGIES, INC.",3714,37,Transportation Equipment,Manufacturing,CA
906709,NEKTAR THERAPEUTICS,2834,28,Chemicals & Pharmaceuticals,Manufacturing,CA
1841156,"PAYMENTUS HOLDINGS, INC.",7389,73,Business Services & Software,Services,NC
96271,TAMPA ELECTRIC CO,4911,49,"Electric, Gas & Sanitary Services","Transportation, Communications & Utilities",FL
1083446,"ASTRANA HEALTH, INC.",8742,87,"Engineering, Accounting & Management Services",Services,CA
1888012,"HILLEVAX, INC.",2836,28,Chemicals & Pharmaceuticals,Manufacturing,MA
1036044,"IDENTIV, INC.",3577,35,Industrial Machinery & Computer Equipment,Manufacturing,CA
1673358,"YUM CHINA HOLDINGS, INC.",5812,58,Eating & Drinking Places,Retail Trade,TX
1737927,CANOPY GROWTH CORP,2833,28,Chemicals & Pharmaceuticals,Manufacturing,ON
1744659,"AKERO THERAPEUTICS, INC.",2834,28,Chemicals & Pharmaceuticals,Manufacturing,CA
1444192,"GRACE THERAPEUTICS, INC.",2834,28,Chemicals & Pharmaceuticals,Manufacturing,NJ
1841968,"P10, INC.",6282,62,,"Finance, Insurance & Real Estate",TX
1943802,"FIRST SEACOAST BANCORP, INC.",6035,60,Depository Institutions,"Finance, Insurance & Real Estate",NH
1846510,SOHO HOUSE & CO INC.,7011,70,,Services,NY
815917,JONES FINANCIAL COMPANIES LLLP,6211,62,,"Finance, Insurance & Real Estate",MO
1754068,"ALLOVIR, INC.",2836,28,Chemicals & Pharmaceuticals,Manufacturing,MA
1570827,"VICTORY CAPITAL HOLDINGS, INC.",6282,62,,"Finance, Insurance & Real Estate",OH
910612,CBL & ASSOCIATES PROPERTIES INC,6798,67,Holding & Investment Offices,"Finance, Insurance & Real Estate",TN
1368757,"GTJ REIT, INC.",6798,67,Holding & Investment Offices,"Finance, Insurance & Real Estate",NY
717806,"FIRST US BANCSHARES, INC.",6022,60,Depository Institutions,"Finance, Insurance & Real Estate",AL
1914605,"ECB BANCORP, INC. /MD/",6036,60,Depository Institutions,"Finance, Insurance & Real Estate",MA
1698538,"STRATEGIC STUDENT & SENIOR HOUSING TRUST, INC.",6798,67,Holding & Investment Offices,"Finance, Insurance & Real Estate",CA
1819253,BIOTE CORP.,2833,28,Chemicals & Pharmaceuticals,Manufacturing,TX
1556898,"TECHPOINT, INC.",3674,36,Electronic & Electrical Equipment,Manufacturing,CA
1893262,"J.P. MORGAN REAL ESTATE INCOME TRUST, INC.",6798,67,Holding & Investment Offices,"Finance, Insurance & Real Estate",NY
1852317,FIDELITY WISE ORIGIN BITCOIN FUND,6221,62,,"Finance, Insurance & Real Estate",MA
797721,VIASAT INC,3663,36,Electronic & Electrical Equipment,Manufacturing,CA
926282,"ADTRAN HOLDINGS, INC.",3661,36,Electronic & Electrical Equipment,Manufacturing,AL
1888447,"EXCELERATE ENERGY, INC.",4924,49,"Electric, Gas & Sanitary Services","Transportation, Communications & Utilities",TX
56047,KIRBY CORP,4400,44,,"Transportation, Communications & Utilities",TX
1015739,AWARE INC /MA/,7372,73,Business Services & Software,Services,MA
1031235,"GLOBAL SELF STORAGE, INC.",6798,67,Holding & Investment Offices,"Finance, Insurance & Real Estate",NY
1400810,"HCI GROUP, INC.",6331,63,Insurance Carriers,"Finance, Insurance & Real Estate",FL
1833769,"HYPERFINE, INC.",3845,38,Instruments & Medical Devices,Manufacturing,CT
1810560,"REVELATION BIOSCIENCES, INC.",2834,28,Chemicals & Pharmaceuticals,Manufacturing,CA
1850270,PROKIDNEY CORP.,2836,28,Chemicals & Pharmaceuticals,Manufacturing,NC
944745,"CIVISTA BANCSHARES, INC.",6022,60,Depository Institutions,"Finance, Insurance & Real Estate",OH
1776661,ADVANTAGE SOLUTIONS INC.,7389,73,Business Services & Software,Services,MO
1738177,CAMBIUM NETWORKS CORP,3663,36,Electronic & Electrical Equipment,Manufacturing,
1061983,CYTOKINETICS INC,2834,28,Chemicals & Pharmaceuticals,Manufacturing,CA
1878313,"MAIA BIOTECHNOLOGY, INC.",2834,28,Chemicals & Pharmaceuticals,Manufacturing,IL
1690012,"INPOINT COMMERCIAL REAL ESTATE INCOME, INC.",6798,67,Holding & Investment Offices,"Finance, Insurance & Real Estate",IL
1823406,"AFFINITY BANCSHARES, INC.",6036,60,Depository Institutions,"Finance, Insurance & Real Estate",GA
1881487,PROFRAC HOLDING CORP.,1389,13,Oil & Gas Extraction,Mining,TX
1109354,BRUKER CORP,3826,38,Instruments & Medical Devices,Manufacturing,MA
1768267,CERENCE INC.,7372,73,Business Services & Software,Services,MA
1884516,DRILLING TOOLS INTERNATIONAL CORP,3533,35,Industrial Machinery & Computer Equipment,Manufacturing,TX
1227500,EQUITY BANCSHARES INC,6022,60,Depository Institutions,"Finance, Insurance & Real Estate",KS
5981,AMERICAN VANGUARD CORP,2870,28,Chemicals & Pharmaceuticals,Manufacturing,CA
1852575,"STRATEGIC STORAGE TRUST VI, INC.",6798,67,Holding & Investment Offices,"Finance, Insurance & Real Estate",CA
1287865,MEDICAL PROPERTIES TRUST INC,6798,67,Holding & Investment Offices,"Finance, Insurance & Real Estate",AL
827876,"CLEANSPARK, INC.",6199,61,,"Finance, Insurance & Real Estate",NV
1813914,"CAREMAX, INC.",8050,80,Health Services,Services,FL
13156,"GALAXY GAMING, INC.",7900,79,,Services,NV
1785592,"LEAFLY HOLDINGS, INC. /DE",7372,73,Business Services & Software,Services,WA
1986395,STARWOOD CREDIT REAL ESTATE INCOME TRUST,6798,67,Holding & Investment Offices,"Finance, Insurance & Real Estate",FL
1835512,TERRAN ORBITAL CORP,3760,37,Transportation Equipment,Manufacturing,FL
1974640,"APOGEE THERAPEUTICS, INC.",2836,28,Chemicals & Pharmaceuticals,Manufacturing,MA
1907108,"LEXEO THERAPEUTICS, INC.",2836,28,Chemicals & Pharmaceuticals,Manufacturing,NY
1678660,PRELUDE THERAPEUTICS INC,2834,28,Chemicals & Pharmaceuticals,Manufacturing,DE
1783328,"TSCAN THERAPEUTICS, INC.",2836,28,Chemicals & Pharmaceuticals,Manufacturing,MA
1835022,"COYA THERAPEUTICS, INC.",2834,28,Chemicals & Pharmaceuticals,Manufacturing,TX
1806310,"TAYSHA GENE THERAPIES, INC.",2836,28,Chemicals & Pharmaceuticals,Manufacturing,TX
1488039,"ATOSSA THERAPEUTICS, INC.",2834,28,Chemicals & Pharmaceuticals,Manufacturing,WA
885568,OLD DOMINION ELECTRIC COOPERATIVE,4911,49,"Electric, Gas & Sanitary Services","Transportation, Communications & Utilities",VA
880417,"CSB BANCORP, INC.",6022,60,Depository Institutions,"Finance, Insurance & Real Estate",OH
1052354,MAN AHL DIVERSIFIED I LP,6221,62,,"Finance, Insurance & Real Estate",IL
1474464,NEW YORK REIT LIQUIDATING LLC,6798,67,Holding & Investment Offices,"Finance, Insurance & Real Estate",MA
1800315,"GALECTO, INC.",2834,28,Chemicals & Pharmaceuticals,Manufacturing,MA
1810182,ALX ONCOLOGY HOLDINGS INC,2834,28,Chemicals & Pharmaceuticals,Manufacturing,CA
1528115,"ANNEXON, INC.",2834,28,Chemicals & Pharmaceuticals,Manufacturing,CA
1160308,SAVARA INC,2834,28,Chemicals & Pharmaceuticals,Manufacturing,TX
1782303,"BOUNDLESS BIO, INC.",2834,28,Chemicals & Pharmaceuticals,Manufacturing,CA
1966494,"CARGO THERAPEUTICS, INC.",2836,28,Chemicals & Pharmaceuticals,Manufacturing,CA
1357459,"PALISADE BIO, INC.",2836,28,Chemicals & Pharmaceuticals,Manufacturing,CA
1761918,"ERASCA, INC.",2834,28,Chemicals & Pharmaceuticals,Manufacturing,CA
1824893,"SURROZEN, INC./DE",2836,28,Chemicals & Pharmaceuticals,Manufacturing,CA
1683553,"SPRUCE BIOSCIENCES, INC.",2834,28,Chemicals & Pharmaceuticals,Manufacturing,CA
1994702,"KYVERNA THERAPEUTICS, INC.",2836,28,Chemicals & Pharmaceuticals,Manufacturing,CA
1796280,"ORIC PHARMACEUTICALS, INC.",2834,28,Chemicals & Pharmaceuticals,Manufacturing,CA
1320854,"FREIGHTCAR AMERICA, INC.",3743,37,Transportation Equipment,Manufacturing,IL
1997859,WEBTOON ENTERTAINMENT INC.,2741,27,,Manufacturing,CA
1539029,"CLEARSIDE BIOMEDICAL, INC.",2834,28,Chemicals & Pharmaceuticals,Manufacturing,GA
1534133,"CALCIMEDICA, INC.",2834,28,Chemicals & Pharmaceuticals,Manufacturing,CA
1580063,"BIORA THERAPEUTICS, INC.",2834,28,Chemicals & Pharmaceuticals,Manufacturing,CA
1756701,"LINKBANCORP, INC.",6022,60,Depository Institutions,"Finance, Insurance & Real Estate",PA
6176,AMPCO PITTSBURGH CORP,3561,35,Industrial Machinery & Computer Equipment,Manufacturing,PA
1821534,"EXODUS MOVEMENT, INC.",6199,61,,"Finance, Insurance & Real Estate",NE
1818794,"DYNE THERAPEUTICS, INC.",2834,28,Chemicals & Pharmaceuticals,Manufacturing,MA
1604464,"ATARA BIOTHERAPEUTICS, INC.",2836,28,Chemicals & Pharmaceuticals,Manufacturing,CA
1253176,VAPOTHERM INC,3841,38,Instruments & Medical Devices,Manufacturing,NH
1814215,"NUBURU, INC.",3690,36,Electronic & Electrical Equipment,Manufacturing,CO
1720580,"ADICET BIO, INC.",2834,28,Chemicals & Pharmaceuticals,Manufacturing,MA
1971543,MURAL ONCOLOGY PLC,2834,28,Chemicals & Pharmaceuticals,Manufacturing,
1813814,MIND MEDICINE (MINDMED) INC.,2833,28,Chemicals & Pharmaceuticals,Manufacturing,NY
1827087,"VIGIL NEUROSCIENCE, INC.",2836,28,Chemicals & Pharmaceuticals,Manufacturing,MA
1781174,"ACRIVON THERAPEUTICS, INC.",2834,28,Chemicals & Pharmaceuticals,Manufacturing,MA
1403708,EVOKE PHARMA INC,2834,28,Chemicals & Pharmaceuticals,Manufacturing,CA
1719714,MEREO BIOPHARMA GROUP PLC,2834,28,Chemicals & Pharmaceuticals,Manufacturing,
1841387,"CANDEL THERAPEUTICS, INC.",2836,28,Chemicals & Pharmaceuticals,Manufacturing,MA
1819989,CIPHER MINING INC.,6199,61,,"Finance, Insurance & Real Estate",NY
1302387,"BV FINANCIAL, INC.",6035,60,Depository Institutions,"Finance, Insurance & Real Estate",MD
1609809,"SERES THERAPEUTICS, INC.",2834,28,Chemicals & Pharmaceuticals,Manufacturing,MA
1528985,"INLAND REAL ESTATE INCOME TRUST, INC.",6798,67,Holding & Investment Offices,"Finance, Insurance & Real Estate",IL
1585389,"SMARTSTOP SELF STORAGE REIT, INC.",6798,67,Holding & Investment Offices,"Finance, Insurance & Real Estate",CA
1355790,INTERNATIONAL STEM CELL CORP,2834,28,Chemicals & Pharmaceuticals,Manufacturing,CA
1707502,SOLID BIOSCIENCES INC.,2836,28,Chemicals & Pharmaceuticals,Manufacturing,MA
1882850,"APOLLO REALTY INCOME SOLUTIONS, INC.",6798,67,Holding & Investment Offices,"Finance, Insurance & Real Estate",NY
1840229,"MINK THERAPEUTICS, INC.",2836,28,Chemicals & Pharmaceuticals,Manufacturing,NY
728387,"PERSPECTIVE THERAPEUTICS, INC.",3841,38,Instruments & Medical Devices,Manufacturing,WA
1124105,"GYRE THERAPEUTICS, INC.",2834,28,Chemicals & Pharmaceuticals,Manufacturing,CA
1603652,URGENT.LY INC.,7374,73,Business Services & Software,Services,VA
1865494,"IO BIOTECH, INC.",2834,28,Chemicals & Pharmaceuticals,Manufacturing,
1339970,ATYR PHARMA INC,2836,28,Chemicals & Pharmaceuticals,Manufacturing,CA
1787400,"NKARTA, INC.",2834,28,Chemicals & Pharmaceuticals,Manufacturing,CA
1434316,FATE THERAPEUTICS INC,2836,28,Chemicals & Pharmaceuticals,Manufacturing,CA
1703647,"KORRO BIO, INC.",2834,28,Chemicals & Pharmaceuticals,Manufacturing,MA
1833835,PAYSAFE LTD,7389,73,Business Services & Software,Services,
1850906,"SINGULAR GENOMICS SYSTEMS, INC.",3826,38,Instruments & Medical Devices,Manufacturing,CA
949858,"ACHIEVE LIFE SCIENCES, INC.",2835,28,Chemicals & Pharmaceuticals,Manufacturing,WA
1820190,SCILEX HOLDING CO,2836,28,Chemicals & Pharmaceuticals,Manufacturing,CA
1641281,"BOLT BIOTHERAPEUTICS, INC.",2834,28,Chemicals & Pharmaceuticals,Manufacturing,CA
1004724,"REGIONAL HEALTH PROPERTIES, INC",6519,65,,"Finance, Insurance & Real Estate",GA
1656634,"GRITSTONE BIO, INC.",2836,28,Chemicals & Pharmaceuticals,Manufacturing,CA
1645666,"KEZAR LIFE SCIENCES, INC.",2834,28,Chemicals & Pharmaceuticals,Manufacturing,CA
926617,ASPIRA WOMEN'S HEALTH INC.,2835,28,Chemicals & Pharmaceuticals,Manufacturing,TX
1224133,MARCHEX INC,7389,73,Business Services & Software,Services,WA
1672619,"ENLIVEN THERAPEUTICS, INC.",2834,28,Chemicals & Pharmaceuticals,Manufacturing,CO
1880438,"AN2 THERAPEUTICS, INC.",2834,28,Chemicals & Pharmaceuticals,Manufacturing,CA
1733257,"FINCH THERAPEUTICS GROUP, INC.",2836,28,Chemicals & Pharmaceuticals,Manufacturing,MA
1839608,"GETAROUND, INC",7510,75,,Services,CA
1502292,"CONIFER HOLDINGS, INC.",6331,63,Insurance Carriers,"Finance, Insurance & Real Estate",MI
1101680,DZS INC.,3661,36,Electronic & Electrical Equipment,Manufacturing,TX
1840904,ATAI LIFE SCIENCES N.V.,2834,28,Chemicals & Pharmaceuticals,Manufacturing,
1852061,GENERATION ASIA I ACQUISITION LTD,6770,67,Holding & Investment Offices,"Finance, Insurance & Real Estate",
1502377,"CONTANGO ORE, INC.",1040,10,,Mining,TX
1341318,"LAKE SHORE BANCORP, INC.",6035,60,Depository Institutions,"Finance, Insurance & Real Estate",NY
764897,"BROAD STREET REALTY, INC.",6500,65,,"Finance, Insurance & Real Estate",VA
1382101,"SUTRO BIOPHARMA, INC.",2836,28,Chemicals & Pharmaceuticals,Manufacturing,CA
2000178,LOAR HOLDINGS INC.,3728,37,Transportation Equipment,Manufacturing,NY
1831868,SEASTAR MEDICAL HOLDING CORP,3841,38,Instruments & Medical Devices,Manufacturing,CO
1640384,"LM FUNDING AMERICA, INC.",6199,61,,"Finance, Insurance & Real Estate",FL
1382230,"ESSA BANCORP, INC.",6036,60,Depository Institutions,"Finance, Insurance & Real Estate",PA
1854149,AGRICULTURE & NATURAL SOLUTIONS ACQUISITION CORP,6770,67,Holding & Investment Offices,"Finance, Insurance & Real Estate",NY
1510964,"CV SCIENCES, INC.",2834,28,Chemicals & Pharmaceuticals,Manufacturing,CA
1394319,"TRACON PHARMACEUTICALS, INC.",2836,28,Chemicals & Pharmaceuticals,Manufacturing,CA
1637715,"ONKURE THERAPEUTICS, INC.",2834,28,Chemicals & Pharmaceuticals,Manufacturing,CO
1469443,"ARCADIA BIOSCIENCES, INC.",1311,13,Oil & Gas Extraction,Mining,
1850902,"ALPHA TEKNOVA, INC.",2835,28,Chemicals & Pharmaceuticals,Manufacturing,CA
2000597,APOLLO ASSET BACKED CREDIT CO LLC,6199,61,,"Finance, Insurance & Real Estate",NY
1768446,"CLIMB BIO, INC.",2834,28,Chemicals & Pharmaceuticals,Manufacturing,MA
1496323,"IGM BIOSCIENCES, INC.",2834,28,Chemicals & Pharmaceuticals,Manufacturing,CA
1830487,PHARVARIS N.V.,2834,28,Chemicals & Pharmaceuticals,Manufacturing,
1659323,ITERUM THERAPEUTICS PLC,2834,28,Chemicals & Pharmaceuticals,Manufacturing,
1563577,"GALERA THERAPEUTICS, INC.",2834,28,Chemicals & Pharmaceuticals,Manufacturing,PA
1785279,"METAGENOMI, INC.",2836,28,Chemicals & Pharmaceuticals,Manufacturing,CA
1830749,ACHILLES THERAPEUTICS PLC,2836,28,Chemicals & Pharmaceuticals,Manufacturing,
1660334,VERRICA PHARMACEUTICALS INC.,2834,28,Chemicals & Pharmaceuticals,Manufacturing,PA
1832038,"INVIVYD, INC.",2836,28,Chemicals & Pharmaceuticals,Manufacturing,MA
886835,SUPERIOR ENERGY SERVICES INC,1389,13,Oil & Gas Extraction,Mining,TX
880641,EAGLE FINANCIAL SERVICES INC,6022,60,Depository Institutions,"Finance, Insurance & Real Estate",VA
1666244,"CANTOR FITZGERALD INCOME TRUST, INC.",6798,67,Holding & Investment Offices,"Finance, Insurance & Real Estate",NY
1856236,"EUROPEAN WAX CENTER, INC.",7200,72,,Services,TX
1448038,REDWOOD MORTGAGE INVESTORS IX,6500,65,,"Finance, Insurance & Real Estate",CA
1846084,GLOBAL CROSSING AIRLINES GROUP INC.,4512,45,,"Transportation, Communications & Utilities",FL
1959961,"IPC ALTERNATIVE REAL ESTATE INCOME TRUST, INC.",6798,67,Holding & Investment Offices,"Finance, Insurance & Real Estate",IL
1826011,"BANZAI INTERNATIONAL, INC.",7372,73,Business Services & Software,Services,WA
716133,CINCINNATI BELL INC,4813,48,Communications,"Transportation, Communications & Utilities",OH
1645460,"CUE BIOPHARMA, INC.",2834,28,Chemicals & Pharmaceuticals,Manufacturing,MA
1572616,"FRACTYL HEALTH, INC.",3841,38,Instruments & Medical Devices,Manufacturing,MA
1082038,DURECT CORP,2834,28,Chemicals & Pharmaceuticals,Manufacturing,CA
1615165,"VERITONE, INC.",7374,73,Business Services & Software,Services,CO
1061027,"VIRACTA THERAPEUTICS, INC.",2834,28,Chemicals & Pharmaceuticals,Manufacturing,CA
1419041,"FORTE BIOSCIENCES, INC.",2834,28,Chemicals & Pharmaceuticals,Manufacturing,TX
1604950,SCPHARMACEUTICALS INC.,2834,28,Chemicals & Pharmaceuticals,Manufacturing,MA
1468748,KODIAK SCIENCES INC.,2836,28,Chemicals & Pharmaceuticals,Manufacturing,CA
1750149,"INHIBIKASE THERAPEUTICS, INC.",2836,28,Chemicals & Pharmaceuticals,Manufacturing,GA
1609065,"PATHFINDER BANCORP, INC.",6022,60,Depository Institutions,"Finance, Insurance & Real Estate",NY
1099160,BEASLEY BROADCAST GROUP INC,4832,48,Communications,"Transportation, Communications & Utilities",FL
1618673,PERFORMANCE FOOD GROUP CO,5141,51,,Wholesale Trade,VA
1842939,"LONGEVITY HEALTH HOLDINGS, INC.",2840,28,Chemicals & Pharmaceuticals,Manufacturing,PA
1327273,"LYRA THERAPEUTICS, INC.",3841,38,Instruments & Medical Devices,Manufacturing,MA
1787740,"TIVIC HEALTH SYSTEMS, INC.",3845,38,Instruments & Medical Devices,Manufacturing,CA
1764974,TURNSTONE BIOLOGICS CORP.,2836,28,Chemicals & Pharmaceuticals,Manufacturing,CA
1643154,"IANTHUS CAPITAL HOLDINGS, INC.",100,01,,"Agriculture, Forestry & Fishing",BC
1572334,VIRGINIA NATIONAL BANKSHARES CORP,6021,60,Depository Institutions,"Finance, Insurance & Real Estate",VA
1782223,"PYXIS ONCOLOGY, INC.",2834,28,Chemicals & Pharmaceuticals,Manufacturing,MA
1628063,SERITAGE GROWTH PROPERTIES,6500,65,,"Finance, Insurance & Real Estate",NY
1964979,"ALLURION TECHNOLOGIES, INC.",3841,38,Instruments & Medical Devices,Manufacturing,MA
1095981,"PLUS THERAPEUTICS, INC.",3841,38,Instruments & Medical Devices,Manufacturing,TX
1780312,"AST SPACEMOBILE, INC.",4899,48,Communications,"Transportation, Communications & Utilities",TX
1691936,"STRYVE FOODS, INC.",2000,20,Food & Kindred Products,Manufacturing,TX
1828673,HCW BIOLOGICS INC.,2834,28,Chemicals & Pharmaceuticals,Manufacturing,FL
1107421,"ALAUNOS THERAPEUTICS, INC.",2834,28,Chemicals & Pharmaceuticals,Manufacturing,TX
1936224,SURF AIR MOBILITY INC.,4522,45,,"Transportation, Communications & Utilities",CA
1802450,"MSP RECOVERY, INC.",7374,73,Business Services & Software,Services,FL
1944885,APOLLOMICS INC.,2834,28,Chemicals & Pharmaceuticals,Manufacturing,CA
1830029,GRIID INFRASTRUCTURE INC.,6199,61,,"Finance, Insurance & Real Estate",OH
1490161,SOW GOOD INC.,2000,20,Food & Kindred Products,Manufacturing,TX
1420565,"AILERON THERAPEUTICS, INC.",2834,28,Chemicals & Pharmaceuticals,Manufacturing,TX
1825079,"VELO3D, INC.",3559,35,Industrial Machinery & Computer Equipment,Manufacturing,CA
1205922,"VACCINEX, INC.",2834,28,Chemicals & Pharmaceuticals,Manufacturing,NY
1843714,ZAPATA COMPUTING HOLDINGS INC.,7372,73,Business Services & Software,Services,MA
1785056,"INTERACTIVE STRENGTH, INC.",3600,36,Electronic & Electrical Equipment,Manufacturing,TX
1971381,APOLLO INFRASTRUCTURE CO LLC,4900,49,"Electric, Gas & Sanitary Services","Transportation, Communications & Utilities",NY
1711929,"STARWOOD REAL ESTATE INCOME TRUST, INC.",6798,67,Holding & Investment Offices,"Finance, Insurance & Real Estate",FL
1351636,"SOUNDTHINKING, INC.",7372,73,Business Services & Software,Services,CA
1651721,"GENERATION INCOME PROPERTIES, INC.",6798,67,Holding & Investment Offices,"Finance, Insurance & Real Estate",FL
877422,SPARTANNASH CO,5141,51,,Wholesale Trade,MI
1901799,BITCOIN DEPOT INC.,6199,61,,"Finance, Insurance & Real Estate",GA
1128928,FLOWERS FOODS INC,2000,20,Food & Kindred Products,Manufacturing,GA
1964021,NOCO-NOCO INC.,3690,36,Electronic & Electrical Equipment,Manufacturing,
1887944,SHIMMICK CORP,1600,16,,Construction,CA
1078271,EXTREME NETWORKS INC,3576,35,Industrial Machinery & Computer Equipment,Manufacturing,NC
1111741,"DYNARESOURCE, INC.",1000,10,,Mining,TX
1584751,TALIS BIOMEDICAL CORP,3826,38,Instruments & Medical Devices,Manufacturing,IL
1404281,"ELEDON PHARMACEUTICALS, INC.",2834,28,Chemicals & Pharmaceuticals,Manufacturing,CA
1541157,AKARI THERAPEUTICS PLC,2834,28,Chemicals & Pharmaceuticals,Manufacturing,MA
1851048,CYBER APP SOLUTIONS CORP.,2810,28,Chemicals & Pharmaceuticals,Manufacturing,TX
1885827,VIRAX BIOLABS GROUP LTD,2835,28,Chemicals & Pharmaceuticals,Manufacturing,
880117,SANFILIPPO JOHN B & SON INC,2060,20,Food & Kindred Products,Manufacturing,IL
1117297,"QUINSTREET, INC",7389,73,Business Services & Software,Services,CA
1855612,GRAB HOLDINGS LTD,7389,73,Business Services & Software,Services,
2000046,FIDELITY ETHEREUM FUND,6199,61,,"Finance, Insurance & Real Estate",MA
100726,UNIFI INC,2200,22,,Manufacturing,NC
817720,SYNAPTICS INC,3674,36,Electronic & Electrical Equipment,Manufacturing,CA
1565687,"INTAPP, INC.",7372,73,Business Services & Software,Services,CA
1859795,NOVONIX LTD,3690,36,Electronic & Electrical Equipment,Manufacturing,
1953530,OCULIS HOLDING AG,2834,28,Chemicals & Pharmaceuticals,Manufacturing,
910406,HAIN CELESTIAL GROUP INC,2000,20,Food & Kindred Products,Manufacturing,NJ
1002047,"NETAPP, INC.",3572,35,Industrial Machinery & Computer Equipment,Manufacturing,CA
1977102,BIRKENSTOCK HOLDING PLC,3140,31,,Manufacturing,
1995569,INVESCO GALAXY ETHEREUM ETF,6221,62,,"Finance, Insurance & Real Estate",IL
813298,"DESTINATION XL GROUP, INC.",5651,56,,Retail Trade,MA
1831096,"GREAT ELM GROUP, INC.",7372,73,Business Services & Software,Services,FL
1579298,"BURLINGTON STORES, INC.",5311,53,,Retail Trade,NJ
919012,AMERICAN EAGLE OUTFITTERS INC,5651,56,,Retail Trade,PA
1638290,"MASTERCRAFT BOAT HOLDINGS, INC.",3730,37,Transportation Equipment,Manufacturing,TN
2015034,GRAYSCALE BITCOIN MINI TRUST ETF,6221,62,,"Finance, Insurance & Real Estate",CT
2020455,GRAYSCALE ETHEREUM MINI TRUST ETF,6221,62,,"Finance, Insurance & Real Estate",CT
1815620,OPTHEA LTD,2836,28,Chemicals & Pharmaceuticals,Manufacturing,
1372612,BOX INC,7372,73,Business Services & Software,Services,CA
37472,FLEXSTEEL INDUSTRIES INC,2510,25,,Manufacturing,IA
1889956,"ONESTREAM, INC.",7372,73,Business Services & Software,Services,MI
1612042,ASCENDIS PHARMA A/S,2834,28,Chemicals & Pharmaceuticals,Manufacturing,
1687221,"REV GROUP, INC.",3711,37,Transportation Equipment,Manufacturing,WI
1132105,"SPORTSMAN'S WAREHOUSE HOLDINGS, INC.",5940,59,Miscellaneous Retail,Retail Trade,UT
1687932,"J.JILL, INC.",2330,23,,Manufacturing,MA
1280263,AMBARELLA INC,3674,36,Electronic & Electrical Equipment,Manufacturing,CA
72573,MOVADO GROUP INC,3873,38,Instruments & Medical Devices,Manufacturing,NJ
1318008,ZUMIEZ INC,5600,56,,Retail Trade,WA
1056285,"KIRKLAND'S, INC",5990,59,Miscellaneous Retail,Retail Trade,TN
885639,KOHLS CORP,5311,53,,Retail Trade,WI
1808997,"AMERICAN OUTDOOR BRANDS, INC.",3949,39,,Manufacturing,MO
1092796,"SMITH & WESSON BRANDS, INC.",3480,34,,Manufacturing,TN
799288,"LANDS' END, INC.",5651,56,,Retail Trade,WI
933034,STRATTEC SECURITY CORP,3714,37,Transportation Equipment,Manufacturing,WI
1732409,GRAYSCALE BITCOIN CASH TRUST (BCH),6221,62,,"Finance, Insurance & Real Estate",CT
1732406,GRAYSCALE LITECOIN TRUST (LTC),6221,62,,"Finance, Insurance & Real Estate",CT
1729997,GRAYSCALE DIGITAL LARGE CAP FUND LLC,6221,62,,"Finance, Insurance & Real Estate",CT
895447,SHOE CARNIVAL INC,5661,56,,Retail Trade,IN
1327688,OOMA INC,7374,73,Business Services & Software,Services,CA
1920294,REZOLVE AI LTD,7370,73,Business Services & Software,Services,
1888654,"5E ADVANCED MATERIALS, INC.",1400,14,,Mining,CA
912615,URBAN OUTFITTERS INC,5651,56,,Retail Trade,PA
1341439,ORACLE CORP,7372,73,Business Services & Software,Services,TX
1980845,ENGENE HOLDINGS INC.,2836,28,Chemicals & Pharmaceuticals,Manufacturing,QC
1826470,"PETCO HEALTH & WELLNESS COMPANY, INC.",5990,59,Miscellaneous Retail,Retail Trade,CA
1627281,CELLECTIS S.A.,2836,28,Chemicals & Pharmaceuticals,Manufacturing,
1415921,NAVIOS MARITIME PARTNERS L.P.,4412,44,,"Transportation, Communications & Utilities",
18498,GENESCO INC,5661,56,,Retail Trade,TN
1171155,"RADIANT LOGISTICS, INC",4731,47,,"Transportation, Communications & Utilities",WA
1591588,"A-MARK PRECIOUS METALS, INC.",5094,50,Wholesale — Durable Goods,Wholesale Trade,CA
1579157,VINCE HOLDING CORP.,5600,56,,Retail Trade,NY
8146,"ASTRONOVA, INC.",3577,35,Industrial Machinery & Computer Equipment,Manufacturing,RI
1879103,"CFSB BANCORP, INC. /MA/",6035,60,Depository Institutions,"Finance, Insurance & Real Estate",MA
1866501,WALLBOX N.V.,3790,37,Transportation Equipment,Manufacturing,
1138723,ACCURAY INC,3841,38,Instruments & Medical Devices,Manufacturing,WI
1618732,"NUTANIX, INC.",7372,73,Business Services & Software,Services,CA
1262104,"MEI PHARMA, INC.",2834,28,Chemicals & Pharmaceuticals,Manufacturing,CA
1629210,PARAMOUNT GOLD NEVADA CORP.,1000,10,,Mining,NV
1592058,PARTY CITY HOLDCO INC.,5900,59,Miscellaneous Retail,Retail Trade,NJ
96793,SUNLINK HEALTH SYSTEMS INC,8062,80,Health Services,Services,GA
1811115,RENALYTIX PLC,8071,80,Health Services,Services,
1000228,HENRY SCHEIN INC,5047,50,Wholesale — Durable Goods,Wholesale Trade,NY
1000623,"MATIV HOLDINGS, INC.",2621,26,,Manufacturing,GA
1000694,NOVAVAX INC,2836,28,Chemicals & Pharmaceuticals,Manufacturing,MD
1000753,"INSPERITY, INC.",7363,73,Business Services & Software,Services,TX
1001085,BROOKFIELD CORP /ON/,6512,65,,"Finance, Insurance & Real Estate",ON
1001250,ESTEE LAUDER COMPANIES INC,2844,28,Chemicals & Pharmaceuticals,Manufacturing,NY
1001614,"RILEY EXPLORATION PERMIAN, INC.",1311,13,Oil & Gas Extraction,Mining,OK
1002638,OPEN TEXT CORP,7373,73,Business Services & Software,Services,ON
1002910,AMEREN CORP,4931,49,"Electric, Gas & Sanitary Services","Transportation, Communications & Utilities",MO
1003078,MSC INDUSTRIAL DIRECT CO INC,5084,50,Wholesale — Durable Goods,Wholesale Trade,NY
1004434,"AFFILIATED MANAGERS GROUP, INC.",6282,62,,"Finance, Insurance & Real Estate",FL
1004702,OCEANFIRST FINANCIAL CORP,6021,60,Depository Institutions,"Finance, Insurance & Real Estate",NJ
1004980,PG&E CORP,4931,49,"Electric, Gas & Sanitary Services","Transportation, Communications & Utilities",CA
1005229,COLUMBUS MCKINNON CORP,3531,35,Industrial Machinery & Computer Equipment,Manufacturing,NC
1005286,"LIFECORE BIOMEDICAL, INC. DE",2834,28,Chemicals & Pharmaceuticals,Manufacturing,MN
1005817,TOMPKINS FINANCIAL CORP,6022,60,Depository Institutions,"Finance, Insurance & Real Estate",NY
1006837,INNOVATE CORP.,3440,34,,Manufacturing,NY
1007587,KVH INDUSTRIES INC DE,3663,36,Electronic & Electrical Equipment,Manufacturing,RI
1012477,AVADEL PHARMACEUTICALS PLC,2834,28,Chemicals & Pharmaceuticals,Manufacturing,
1013237,FACTSET RESEARCH SYSTEMS INC,7370,73,Business Services & Software,Services,CT
1013462,ANSYS INC,7372,73,Business Services & Software,Services,PA
1931717,CCSC TECHNOLOGY INTERNATIONAL HOLDINGS LTD,3640,36,Electronic & Electrical Equipment,Manufacturing,
2016420,CHENGHE ACQUISITION II CO.,6770,67,Holding & Investment Offices,"Finance, Insurance & Real Estate",
1641398,GD CULTURE GROUP LTD,5050,50,Wholesale — Durable Goods,Wholesale Trade,NY
1835972,"ILEARNINGENGINES, INC.",7372,73,Business Services & Software,Services,MD
826253,AURA SYSTEMS INC,3690,36,Electronic & Electrical Equipment,Manufacturing,CA
1831964,NORTHERN REVIVAL ACQUISITION CORP,6770,67,Holding & Investment Offices,"Finance, Insurance & Real Estate",DE
1676047,NUTRIBAND INC.,3842,38,Instruments & Medical Devices,Manufacturing,FL
1838987,"COMPLETE SOLARIA, INC.",3674,36,Electronic & Electrical Equipment,Manufacturing,
1894210,QOMOLANGMA ACQUISITION CORP.,6770,67,Holding & Investment Offices,"Finance, Insurance & Real Estate",NY
1842556,EON RESOURCES INC.,1311,13,Oil & Gas Extraction,Mining,TX
1889983,KEEN VISION ACQUISITION CORP.,6770,67,Holding & Investment Offices,"Finance, Insurance & Real Estate",NJ
1844507,ACHARI VENTURES HOLDINGS CORP. I,8000,80,Health Services,Services,NJ
1883984,"ALTERNUS CLEAN ENERGY, INC.",4931,49,"Electric, Gas & Sanitary Services","Transportation, Communications & Utilities",NY
1837821,JIN MEDICAL INTERNATIONAL LTD.,3842,38,Instruments & Medical Devices,Manufacturing,
1905956,TREASURE GLOBAL INC,7389,73,Business Services & Software,Services,NY
1173313,"ABVC BIOPHARMA, INC.",2834,28,Chemicals & Pharmaceuticals,Manufacturing,CA
1959224,"SOLOWIN HOLDINGS, LTD.",6211,62,,"Finance, Insurance & Real Estate",
1995116,RECTITUDE HOLDINGS LTD.,3420,34,,Manufacturing,
1787518,NUKKLEUS INC.,8742,87,"Engineering, Accounting & Management Services",Services,NJ
1948443,RAYTECH HOLDING LTD,3630,36,Electronic & Electrical Equipment,Manufacturing,
1892025,"OPTIMUS HEALTHCARE SERVICES, INC.",8731,87,"Engineering, Accounting & Management Services",Services,NY
1716770,WAH FU EDUCATION GROUP LTD,8200,82,,Services,
1856084,"CHINA JO-JO DRUGSTORES, INC.",5912,59,Miscellaneous Retail,Retail Trade,
1702318,AKSO HEALTH GROUP,7389,73,Business Services & Software,Services,
1789299,UTIME LTD,3600,36,Electronic & Electrical Equipment,Manufacturing,
1928340,GOLDEN HEAVEN GROUP HOLDINGS LTD.,7990,79,,Services,
1848275,TOP FINANCIAL GROUP LTD,6200,62,,"Finance, Insurance & Real Estate",
1843993,"THUNDER BRIDGE CAPITAL PARTNERS IV, INC.",6770,67,Holding & Investment Offices,"Finance, Insurance & Real Estate",VA
1862463,"ALPHA MODUS HOLDINGS, INC.",6794,67,Holding & Investment Offices,"Finance, Insurance & Real Estate",NC
1832483,SERVE ROBOTICS INC. /DE/,3790,37,Transportation Equipment,Manufacturing,CA
1738758,"CHEER HOLDING, INC.",7374,73,Business Services & Software,Services,
1954269,GARDEN STAGE LTD,6200,62,,"Finance, Insurance & Real Estate",
1951229,REITAR LOGTECH HOLDINGS LTD,6510,65,,"Finance, Insurance & Real Estate",
1807616,HI-GREAT GROUP HOLDING CO,7011,70,,Services,CA
1948436,J-LONG GROUP LTD,5600,56,,Retail Trade,
1013857,PEGASYSTEMS INC,7374,73,Business Services & Software,Services,MA
1013871,"NRG ENERGY, INC.",4911,49,"Electric, Gas & Sanitary Services","Transportation, Communications & Utilities",TX
1013934,"STRATEGIC EDUCATION, INC.",8200,82,,Services,VA
1014473,VERISIGN INC/CA,7371,73,Business Services & Software,Services,VA
1014739,"OPTION CARE HEALTH, INC.",8082,80,Health Services,Services,IL
1015328,WINTRUST FINANCIAL CORP,6022,60,Depository Institutions,"Finance, Insurance & Real Estate",IL
1016178,CARVER BANCORP INC,6035,60,Depository Institutions,"Finance, Insurance & Real Estate",NY
1016281,CARRIAGE SERVICES INC,7200,72,,Services,TX
1346655,"CMG HOLDINGS GROUP, INC.",7310,73,Business Services & Software,Services,IL
1532383,VANJIA CORP,1531,15,,Construction,TX
1703157,"SECURETECH INNOVATIONS, INC.",3714,37,Transportation Equipment,Manufacturing,MN
867038,SPINDLETOP OIL & GAS CO,1311,13,Oil & Gas Extraction,Mining,TX
1624140,"CORETAG, INC.",3100,31,,Manufacturing,NY
1018164,WILLIS LEASE FINANCE CORP,5080,50,Wholesale — Durable Goods,Wholesale Trade,FL
1018399,ENTERPRISE BANCORP INC /MA/,6022,60,Depository Institutions,"Finance, Insurance & Real Estate",MA
1018724,AMAZON COM INC,5961,59,Miscellaneous Retail,Retail Trade,WA
1018840,ABERCROMBIE & FITCH CO /DE/,5651,56,,Retail Trade,OH
1019849,"PENSKE AUTOMOTIVE GROUP, INC.",5500,55,,Retail Trade,MI
1020569,IRON MOUNTAIN INC,6798,67,Holding & Investment Offices,"Finance, Insurance & Real Estate",NH
1020710,DXP ENTERPRISES INC,5084,50,Wholesale — Durable Goods,Wholesale Trade,TX
1022079,QUEST DIAGNOSTICS INC,8071,80,Health Services,Services,NJ
1022321,GENESIS ENERGY LP,4610,46,,"Transportation, Communications & Utilities",TX
1022652,INSEEGO CORP.,3669,36,Electronic & Electrical Equipment,Manufacturing,CA
1023024,ANI PHARMACEUTICALS INC,2834,28,Chemicals & Pharmaceuticals,Manufacturing,MN
1023128,LITHIA MOTORS INC,5500,55,,Retail Trade,OR
1023458,AEI INCOME & GROWTH FUND XXII LTD PARTNERSHIP,6500,65,,"Finance, Insurance & Real Estate",MN
1023459,"SIMULATIONS PLUS, INC.",7373,73,Business Services & Software,Services,NC
1023731,8X8 INC /DE/,7374,73,Business Services & Software,Services,CA
1024305,COTY INC.,2844,28,Chemicals & Pharmaceuticals,Manufacturing,NY
1024478,"ROCKWELL AUTOMATION, INC",3829,38,Instruments & Medical Devices,Manufacturing,WI
1025378,W. P. CAREY INC.,6798,67,Holding & Investment Offices,"Finance, Insurance & Real Estate",NY
1025835,ENTERPRISE FINANCIAL SERVICES CORP,6022,60,Depository Institutions,"Finance, Insurance & Real Estate",MO
1025996,KILROY REALTY CORP,6798,67,Holding & Investment Offices,"Finance, Insurance & Real Estate",CA
1026214,FEDERAL HOME LOAN MORTGAGE CORP,6111,61,,"Finance, Insurance & Real Estate",VA
1026655,CORE MOLDING TECHNOLOGIES INC,3089,30,,Manufacturing,OH
1028918,PACIFIC PREMIER BANCORP INC,6022,60,Depository Institutions,"Finance, Insurance & Real Estate",CA
1029145,GOLDEN OCEAN GROUP LTD,4400,44,,"Transportation, Communications & Utilities",
1030469,OFG BANCORP,6022,60,Depository Institutions,"Finance, Insurance & Real Estate",
1031203,GROUP 1 AUTOMOTIVE INC,5500,55,,Retail Trade,TX
1031296,FIRSTENERGY CORP,4911,49,"Electric, Gas & Sanitary Services","Transportation, Communications & Utilities",OH
1031308,BENTLEY SYSTEMS INC,7372,73,Business Services & Software,Services,PA
1032208,SEMPRA,4932,49,"Electric, Gas & Sanitary Services","Transportation, Communications & Utilities",CA
1032220,"MAXIMUS, INC.",7389,73,Business Services & Software,Services,VA
1032975,LOGITECH INTERNATIONAL S.A.,3577,35,Industrial Machinery & Computer Equipment,Manufacturing,CA
1034054,SBA COMMUNICATIONS CORP,6798,67,Holding & Investment Offices,"Finance, Insurance & Real Estate",FL
1035002,VALERO ENERGY CORP/TX,2911,29,,Manufacturing,TX
1035201,CALIFORNIA WATER SERVICE GROUP,4941,49,"Electric, Gas & Sanitary Services","Transportation, Communications & Utilities",CA
1035267,INTUITIVE SURGICAL INC,3842,38,Instruments & Medical Devices,Manufacturing,CA
1035443,"ALEXANDRIA REAL ESTATE EQUITIES, INC.",6798,67,Holding & Investment Offices,"Finance, Insurance & Real Estate",CA
1037038,RALPH LAUREN CORP,2320,23,,Manufacturing,NY
1037646,METTLER TOLEDO INTERNATIONAL INC/,3826,38,Instruments & Medical Devices,Manufacturing,OH
1037868,AMETEK INC/,3823,38,Instruments & Medical Devices,Manufacturing,PA
1037976,JONES LANG LASALLE INC,6531,65,,"Finance, Insurance & Real Estate",IL
1038509,PRUCO LIFE INSURANCE OF NEW JERSEY,6311,63,Insurance Carriers,"Finance, Insurance & Real Estate",NJ
1039399,FORMFACTOR INC,3674,36,Electronic & Electrical Equipment,Manufacturing,CA
1039684,ONEOK INC /NEW/,4923,49,"Electric, Gas & Sanitary Services","Transportation, Communications & Utilities",OK
1039828,AMERICAN NATIONAL GROUP INC.,6311,63,Insurance Carriers,"Finance, Insurance & Real Estate",IA
1040130,PETMED EXPRESS INC,5912,59,Miscellaneous Retail,Retail Trade,FL
1040161,"PIXELWORKS, INC",3674,36,Electronic & Electrical Equipment,Manufacturing,OR
1040971,SL GREEN REALTY CORP,6798,67,Holding & Investment Offices,"Finance, Insurance & Real Estate",NY
1041061,YUM BRANDS INC,5812,58,Eating & Drinking Places,Retail Trade,KY
1041657,"URBAN ONE, INC.",4832,48,Communications,"Transportation, Communications & Utilities",MD
1041803,PRICESMART INC,5331,53,,Retail Trade,CA
1042046,AMERICAN FINANCIAL GROUP INC,6331,63,Insurance Carriers,"Finance, Insurance & Real Estate",OH
1042776,"PIEDMONT OFFICE REALTY TRUST, INC.",6512,65,,"Finance, Insurance & Real Estate",GA
1043277,"C. H. ROBINSON WORLDWIDE, INC.",4731,47,,"Transportation, Communications & Utilities",MN
1043337,STONERIDGE INC,3714,37,Transportation Equipment,Manufacturing,MI
1043509,SONIC AUTOMOTIVE INC,5500,55,,Retail Trade,NC
1043604,JUNIPER NETWORKS INC,3576,35,Industrial Machinery & Computer Equipment,Manufacturing,CA
1045450,EPR PROPERTIES,6798,67,Holding & Investment Offices,"Finance, Insurance & Real Estate",MO
1045810,NVIDIA CORP,3674,36,Electronic & Electrical Equipment,Manufacturing,CA
1046025,HERITAGE FINANCIAL CORP /WA/,6036,60,Depository Institutions,"Finance, Insurance & Real Estate",WA
1046257,INGREDION INC,2040,20,Food & Kindred Products,Manufacturing,IL
1046311,CHOICE HOTELS INTERNATIONAL INC /DE,7011,70,,Services,MD
1047127,"AMKOR TECHNOLOGY, INC.",3674,36,Electronic & Electrical Equipment,Manufacturing,AZ
1047340,FRESH DEL MONTE PRODUCE INC,100,01,,"Agriculture, Forestry & Fishing",FL
1047862,CONSOLIDATED EDISON INC,4931,49,"Electric, Gas & Sanitary Services","Transportation, Communications & Utilities",NY
1048268,"IES HOLDINGS, INC.",1731,17,,Construction,TX
1048477,BIOMARIN PHARMACEUTICAL INC,2834,28,Chemicals & Pharmaceuticals,Manufacturing,CA
1048695,"F5, INC.",3576,35,Industrial Machinery & Computer Equipment,Manufacturing,WA
1049521,MERCURY SYSTEMS INC,3670,36,Electronic & Electrical Equipment,Manufacturing,MA
1049782,BROOKLINE BANCORP INC,6035,60,Depository Institutions,"Finance, Insurance & Real Estate",MA
1050441,EAGLE BANCORP INC,6022,60,Depository Institutions,"Finance, Insurance & Real Estate",MD
1050797,COLUMBIA SPORTSWEAR CO,2300,23,,Manufacturing,OR
1050825,STEELCASE INC,2522,25,,Manufacturing,MI
1050915,"QUANTA SERVICES, INC.",1731,17,,Construction,TX
1051470,CROWN CASTLE INC.,6798,67,Holding & Investment Offices,"Finance, Insurance & Real Estate",TX
1051512,TELEPHONE & DATA SYSTEMS INC /DE/,4813,48,Communications,"Transportation, Communications & Utilities",IL
1053507,AMERICAN TOWER CORP /MA/,6798,67,Holding & Investment Offices,"Finance, Insurance & Real Estate",MA
1053706,"CRA INTERNATIONAL, INC.",8111,81,,Services,MA
1055160,"MFA FINANCIAL, INC.",6798,67,Holding & Investment Offices,"Finance, Insurance & Real Estate",NY
1055726,"INOVIO PHARMACEUTICALS, INC.",2834,28,Chemicals & Pharmaceuticals,Manufacturing,PA
1056288,"FEDERATED HERMES, INC.",6282,62,,"Finance, Insurance & Real Estate",PA
1056358,MANNATECH INC,2833,28,Chemicals & Pharmaceuticals,Manufacturing,TX
1057352,"COSTAR GROUP, INC.",7389,73,Business Services & Software,Services,DC
1057706,FIRST BANCORP /PR/,6022,60,Depository Institutions,"Finance, Insurance & Real Estate",
1057877,IDACORP INC,4911,49,"Electric, Gas & Sanitary Services","Transportation, Communications & Utilities",ID
1058090,CHIPOTLE MEXICAN GRILL INC,5812,58,Eating & Drinking Places,Retail Trade,CA
1058290,COGNIZANT TECHNOLOGY SOLUTIONS CORP,7371,73,Business Services & Software,Services,NJ
1058623,CUMULUS MEDIA INC,4832,48,Communications,"Transportation, Communications & Utilities",GA
1059556,MOODYS CORP /DE/,7320,73,Business Services & Software,Services,NY
1060391,"REPUBLIC SERVICES, INC.",4953,49,"Electric, Gas & Sanitary Services","Transportation, Communications & Utilities",AZ
1060822,CARTERS INC,2300,23,,Manufacturing,GA
1060955,ICON PLC,8731,87,"Engineering, Accounting & Management Services",Services,
1061219,ENTERPRISE PRODUCTS PARTNERS L.P.,4922,49,"Electric, Gas & Sanitary Services","Transportation, Communications & Utilities",TX
1061630,"BLACKSTONE MORTGAGE TRUST, INC.",6798,67,Holding & Investment Offices,"Finance, Insurance & Real Estate",NY
1062231,AMERICAN AXLE & MANUFACTURING HOLDINGS INC,3714,37,Transportation Equipment,Manufacturing,MI
1062822,"LEXICON PHARMACEUTICALS, INC.",2834,28,Chemicals & Pharmaceuticals,Manufacturing,TX
1584547,GREENPOWER MOTOR CO INC.,3713,37,Transportation Equipment,Manufacturing,BC
1346022,ENERTOPIA CORP.,1000,10,,Mining,BC
1099369,DESTINY MEDIA TECHNOLOGIES INC,7372,73,Business Services & Software,Services,BC
1796073,VIZSLA SILVER CORP.,1040,10,,Mining,BC
831609,C21 INVESTMENTS INC.,2833,28,Chemicals & Pharmaceuticals,Manufacturing,BC
351834,SUNOPTA INC.,2080,20,Food & Kindred Products,Manufacturing,MN
1456189,LEATT CORP,3751,37,Transportation Equipment,Manufacturing,
1790169,FLORA GROWTH CORP.,2834,28,Chemicals & Pharmaceuticals,Manufacturing,FL
1852353,DAKOTA GOLD CORP.,1000,10,,Mining,SD
216877,PISMO COAST VILLAGE INC,7000,70,,Services,CA
711034,THUNDER MOUNTAIN GOLD INC,1000,10,,Mining,ID
1339688,LION COPPER & GOLD CORP.,1000,10,,Mining,BC
1539680,HAMMER FIBER OPTICS HOLDINGS CORP,4899,48,Communications,"Transportation, Communications & Utilities",FL
720875,DYNATRONICS CORP,3841,38,Instruments & Medical Devices,Manufacturing,UT
1652539,SUSGLOBAL ENERGY CORP.,4953,49,"Electric, Gas & Sanitary Services","Transportation, Communications & Utilities",ON
1064728,PEABODY ENERGY CORP,1221,12,,Mining,MO
1065059,CENTRUS ENERGY CORP,1400,14,,Mining,MD
1065088,EBAY INC,7389,73,Business Services & Software,Services,CA
1065280,NETFLIX INC,7841,78,,Services,CA
1065696,LKQ CORP,5010,50,Wholesale — Durable Goods,Wholesale Trade,TN
1483646,"BLACKSTAR ENTERPRISE GROUP, INC.",6199,61,,"Finance, Insurance & Real Estate",CO
1093636,"SAXON CAPITAL GROUP, INC./DE",7374,73,Business Services & Software,Services,CO
1066605,HEIDRICK & STRUGGLES INTERNATIONAL INC,7361,73,Business Services & Software,Services,IL
1067701,"UNITED RENTALS, INC.",7359,73,Business Services & Software,Services,CT
1068148,PARK OHIO INDUSTRIES INC/OH,3460,34,,Manufacturing,OH
1069157,EAST WEST BANCORP INC,6022,60,Depository Institutions,"Finance, Insurance & Real Estate",CA
1069183,"AXON ENTERPRISE, INC.",3480,34,,Manufacturing,AZ
1069258,"KRATOS DEFENSE & SECURITY SOLUTIONS, INC.",3760,37,Transportation Equipment,Manufacturing,CA
1070081,"PTC THERAPEUTICS, INC.",2834,28,Chemicals & Pharmaceuticals,Manufacturing,NJ
1070235,BLACKBERRY LTD,7372,73,Business Services & Software,Services,ON
1070412,CNX RESOURCES CORP,1311,13,Oil & Gas Extraction,Mining,PA
1070423,PLAINS ALL AMERICAN PIPELINE LP,4610,46,,"Transportation, Communications & Utilities",TX
1070680,CF BANKSHARES INC.,6021,60,Depository Institutions,"Finance, Insurance & Real Estate",OH
1070750,"HOST HOTELS & RESORTS, INC.",6798,67,Holding & Investment Offices,"Finance, Insurance & Real Estate",MD
1071236,RED RIVER BANCSHARES INC,6022,60,Depository Institutions,"Finance, Insurance & Real Estate",LA
1071255,"GOLDEN ENTERTAINMENT, INC.",7990,79,,Services,NV
1071739,CENTENE CORP,6324,63,Insurance Carriers,"Finance, Insurance & Real Estate",MO
1065078,"NETWORK-1 TECHNOLOGIES, INC.",6794,67,Holding & Investment Offices,"Finance, Insurance & Real Estate",CT
887396,EMPIRE PETROLEUM CORP,1311,13,Oil & Gas Extraction,Mining,OK
1072725,GOLD RESERVE LTD,1040,10,,Mining,WA
1074902,LCNB CORP,6021,60,Depository Institutions,"Finance, Insurance & Real Estate",OH
1075415,DIVERSIFIED HEALTHCARE TRUST,6798,67,Holding & Investment Offices,"Finance, Insurance & Real Estate",MA
1075531,BOOKING HOLDINGS INC.,4700,47,,"Transportation, Communications & Utilities",CT
1077183,NEOGENOMICS INC,8734,87,"Engineering, Accounting & Management Services",Services,FL
1077428,TEXAS CAPITAL BANCSHARES INC/TX,6022,60,Depository Institutions,"Finance, Insurance & Real Estate",TX
1078207,BOWFLEX INC.,3949,39,,Manufacturing,WA
1563298,ENERGY & WATER DEVELOPMENT CORP,3585,35,Industrial Machinery & Computer Equipment,Manufacturing,FL
930775,ENCISION INC,3841,38,Instruments & Medical Devices,Manufacturing,CO
885307,JEWETT CAMERON TRADING CO LTD,5211,52,,Retail Trade,OR
1788841,MICROMOBILITY.COM INC.,7389,73,Business Services & Software,Services,NY
752294,ELECTRONIC SYSTEMS TECHNOLOGY INC,3670,36,Electronic & Electrical Equipment,Manufacturing,WA
1128189,"PROTOKINETIX, INC.",2834,28,Chemicals & Pharmaceuticals,Manufacturing,OH
1807893,"STANDARD PREMIUM FINANCE HOLDINGS, INC.",6159,61,,"Finance, Insurance & Real Estate",FL
1493137,"LIFELOC TECHNOLOGIES, INC",3826,38,Instruments & Medical Devices,Manufacturing,CO
1325964,"LIGHTWAVE LOGIC, INC.",3080,30,,Manufacturing,CO
1870144,"CARDIO DIAGNOSTICS HOLDINGS, INC.",2835,28,Chemicals & Pharmaceuticals,Manufacturing,IL
1396536,"DUOS TECHNOLOGIES GROUP, INC.",7372,73,Business Services & Software,Services,FL
1448705,"BASANITE, INC.",3990,39,,Manufacturing,FL
888981,NOCOPI TECHNOLOGIES INC/MD/,3944,39,,Manufacturing,PA
1916558,TRADEWINDS UNIVERSAL,2000,20,Food & Kindred Products,Manufacturing,CA
1745078,"VYNLEADS, INC.",7200,72,,Services,SC
1282224,"DOLPHIN ENTERTAINMENT, INC.",7200,72,,Services,FL
1755347,CERTIPLEX CORP,7812,78,,Services,CA
1616156,"WEWARDS, INC.",7370,73,Business Services & Software,Services,NV
1031093,"SILVER BULL RESOURCES, INC.",1000,10,,Mining,BC
1081316,BERKSHIRE HATHAWAY ENERGY CO,4900,49,"Electric, Gas & Sanitary Services","Transportation, Communications & Utilities",IA
1082554,UNITED THERAPEUTICS CORP,2834,28,Chemicals & Pharmaceuticals,Manufacturing,MD
1083301,TERAWULF INC.,6199,61,,"Finance, Insurance & Real Estate",MD
1084048,"ZIFF DAVIS, INC.",4822,48,Communications,"Transportation, Communications & Utilities",NY
1084765,"RESOURCES CONNECTION, INC.",7389,73,Business Services & Software,Services,TX
1084961,ENCORE CAPITAL GROUP INC,6153,61,,"Finance, Insurance & Real Estate",CA
1084991,NATURAL GAS SERVICES GROUP INC,1389,13,Oil & Gas Extraction,Mining,TX
1085392,PUGET ENERGY INC /WA,4911,49,"Electric, Gas & Sanitary Services","Transportation, Communications & Utilities",WA
1085869,PERFICIENT INC,7371,73,Business Services & Software,Services,MO
1086222,AKAMAI TECHNOLOGIES INC,7389,73,Business Services & Software,Services,MA
1089063,"DICK'S SPORTING GOODS, INC.",5940,59,Miscellaneous Retail,Retail Trade,PA
1089113,HSBC HOLDINGS PLC,6035,60,Depository Institutions,"Finance, Insurance & Real Estate",
1089819,CLECO CORPORATE HOLDINGS LLC,4911,49,"Electric, Gas & Sanitary Services","Transportation, Communications & Utilities",LA
1090727,UNITED PARCEL SERVICE INC,4210,42,,"Transportation, Communications & Utilities",GA
1090872,"AGILENT TECHNOLOGIES, INC.",3826,38,Instruments & Medical Devices,Manufacturing,CA
1091667,"CHARTER COMMUNICATIONS, INC. /MO/",4841,48,Communications,"Transportation, Communications & Utilities",CT
894501,"GOLD ROCK HOLDINGS, INC.",7373,73,Business Services & Software,Services,VA
1310488,"BIOFORCE NANOSCIENCES HOLDINGS, INC.",3826,38,Instruments & Medical Devices,Manufacturing,VA
1362516,"CLEARTRONIC, INC.",4812,48,Communications,"Transportation, Communications & Utilities",FL
1444839,BRAVO MULTINATIONAL INC.,7990,79,,Services,VA
1619096,SUMMIT NETWORKS INC.,4953,49,"Electric, Gas & Sanitary Services","Transportation, Communications & Utilities",BC
1092699,SPS COMMERCE INC,7372,73,Business Services & Software,Services,MN
1093557,DEXCOM INC,3841,38,Instruments & Medical Devices,Manufacturing,CA
1094285,TELEDYNE TECHNOLOGIES INC,3812,38,Instruments & Medical Devices,Manufacturing,CA
1095073,"EVEREST GROUP, LTD.",6331,63,Insurance Carriers,"Finance, Insurance & Real Estate",
1095651,SAFEHOLD INC.,6798,67,Holding & Investment Offices,"Finance, Insurance & Real Estate",NY
1096056,LUXFER HOLDINGS PLC,2810,28,Chemicals & Pharmaceuticals,Manufacturing,
1096343,MARKEL GROUP INC.,6331,63,Insurance Carriers,"Finance, Insurance & Real Estate",VA
1485029,"NEW ASIA HOLDINGS, INC.",3949,39,,Manufacturing,
1811999,"FARMHOUSE, INC. /NV",7370,73,Business Services & Software,Services,CA
1911467,"CIRCLE ENERGY, INC./NV",1311,13,Oil & Gas Extraction,Mining,OK
775057,ALTEX INDUSTRIES INC,1311,13,Oil & Gas Extraction,Mining,CO
1355677,MEXUS GOLD US,1040,10,,Mining,NV
1352952,CFN ENTERPRISES INC.,7389,73,Business Services & Software,Services,MT
1610718,"OUTDOOR SPECIALTY PRODUCTS, INC.",3949,39,,Manufacturing,UT
1131903,SPECTRAL CAPITAL CORP,7374,73,Business Services & Software,Services,WA
1360442,"DOGECOIN CASH, INC.",7200,72,,Services,NV
1630176,HEALTHY EXTRACTS INC.,2833,28,Chemicals & Pharmaceuticals,Manufacturing,NV
1404804,OMNITEK ENGINEERING CORP,3714,37,Transportation Equipment,Manufacturing,CA
1393772,"WEED, INC.",8731,87,"Engineering, Accounting & Management Services",Services,AZ
1391135,LFTD PARTNERS INC.,2834,28,Chemicals & Pharmaceuticals,Manufacturing,FL
1543652,"FREE FLOW USA, INC.",5531,55,,Retail Trade,NJ
1763329,"MYCOTOPIA THERAPIES, INC.",2833,28,Chemicals & Pharmaceuticals,Manufacturing,ID
1514946,"AXIM BIOTECHNOLOGIES, INC.",2834,28,Chemicals & Pharmaceuticals,Manufacturing,CA
889353,JAMES MARITIME HOLDINGS INC.,7200,72,,Services,UT
1796160,QMIS TBS CAPITAL GROUP CORP.,6211,62,,"Finance, Insurance & Real Estate",NY
1848672,GLIDELOGIC CORP.,7371,73,Business Services & Software,Services,CA
1097149,ALIGN TECHNOLOGY INC,3842,38,Instruments & Medical Devices,Manufacturing,AZ
1099219,METLIFE INC,6311,63,Insurance Carriers,"Finance, Insurance & Real Estate",NY
1099590,MERCADOLIBRE INC,7389,73,Business Services & Software,Services,
1099800,EDWARDS LIFESCIENCES CORP,3842,38,Instruments & Medical Devices,Manufacturing,CA
1100682,"CHARLES RIVER LABORATORIES INTERNATIONAL, INC.",8731,87,"Engineering, Accounting & Management Services",Services,MA
1101215,"BREAD FINANCIAL HOLDINGS, INC.",6141,61,,"Finance, Insurance & Real Estate",OH
1101302,ENTEGRIS INC,3089,30,,Manufacturing,MA
1102238,AMERICAN REALTY INVESTORS INC,6510,65,,"Finance, Insurance & Real Estate",TX
1102993,LIVEPERSON INC,7372,73,Business Services & Software,Services,NY
1103982,"MONDELEZ INTERNATIONAL, INC.",2000,20,Food & Kindred Products,Manufacturing,IL
1104485,"NORTHERN OIL & GAS, INC.",1311,13,Oil & Gas Extraction,Mining,MN
1104506,INSMED INC,2834,28,Chemicals & Pharmaceuticals,Manufacturing,NJ
1104657,MATERION CORP,3460,34,,Manufacturing,OH
795800,PREMIUM RESOURCES LTD.,1000,10,,Mining,ON
352960,SWEDISH EXPORT CREDIT CORP /SWED/,6159,61,,"Finance, Insurance & Real Estate",
1864531,"VSEE HEALTH, INC.",8000,80,Health Services,Services,FL
1750,AAR CORP,3720,37,Transportation Equipment,Manufacturing,IL
1871638,"BLAIZE HOLDINGS, INC.",3674,36,Electronic & Electrical Equipment,Manufacturing,MD
879764,TOTALENERGIES SE,1311,13,Oil & Gas Extraction,Mining,
901832,ASTRAZENECA PLC,2834,28,Chemicals & Pharmaceuticals,Manufacturing,
844150,NATWEST GROUP PLC,6029,60,Depository Institutions,"Finance, Insurance & Real Estate",
1333141,FRESENIUS MEDICAL CARE AG,8090,80,Health Services,Services,
868675,TELUS CORP,4812,48,Communications,"Transportation, Communications & Utilities",BC
1857190,NYXOAH SA,3841,38,Instruments & Medical Devices,Manufacturing,
1369241,DANAOS CORP,4412,44,,"Transportation, Communications & Utilities",
1964954,OKEANIS ECO TANKERS CORP.,4412,44,,"Transportation, Communications & Utilities",
1526243,PERPETUA RESOURCES CORP.,1040,10,,Mining,ID
1868419,WESTERN ACQUISITION VENTURES CORP.,7371,73,Business Services & Software,Services,NY
1735948,GREENBROOK TMS INC.,8090,80,Health Services,Services,ON
1412558,EVOTEC SE,2834,28,Chemicals & Pharmaceuticals,Manufacturing,
1798562,TMC THE METALS CO INC.,1000,10,,Mining,BC
1819704,MEDIROM HEALTHCARE TECHNOLOGIES INC.,7200,72,,Services,
1978867,CADELER A/S,4412,44,,"Transportation, Communications & Utilities",
1849056,OKLO INC.,4911,49,"Electric, Gas & Sanitary Services","Transportation, Communications & Utilities",CA
1848739,GDEV INC.,7371,73,Business Services & Software,Services,
1050140,DESCARTES SYSTEMS GROUP INC,7372,73,Business Services & Software,Services,ON
1608390,AFFIMED N.V.,2834,28,Chemicals & Pharmaceuticals,Manufacturing,
314590,SASOL LTD,1311,13,Oil & Gas Extraction,Mining,
1831907,MYT NETHERLANDS PARENT B.V.,5961,59,Miscellaneous Retail,Retail Trade,
1499780,GLOBUS MARITIME LTD,4412,44,,"Transportation, Communications & Utilities",
1549107,MANCHESTER UNITED PLC,7900,79,,Services,
2006986,"ADAGIO MEDICAL HOLDINGS, INC.",3841,38,Instruments & Medical Devices,Manufacturing,CA
1867102,VERTICAL AEROSPACE LTD.,3721,37,Transportation Equipment,Manufacturing,
1564180,KNOT OFFSHORE PARTNERS LP,4400,44,,"Transportation, Communications & Utilities",
1578453,DYNAGAS LNG PARTNERS LP,4400,44,,"Transportation, Communications & Utilities",
1856995,MOUNTAIN & CO. I ACQUISITION CORP.,6770,67,Holding & Investment Offices,"Finance, Insurance & Real Estate",
1852019,IX ACQUISITION CORP.,4899,48,Communications,"Transportation, Communications & Utilities",
1107843,"QUALYS, INC.",7372,73,Business Services & Software,Services,CA
1108134,BERKSHIRE HILLS BANCORP INC,6036,60,Depository Institutions,"Finance, Insurance & Real Estate",MA
1108205,CURIS INC,2836,28,Chemicals & Pharmaceuticals,Manufacturing,MA
1108426,TXNM ENERGY INC,4911,49,"Electric, Gas & Sanitary Services","Transportation, Communications & Utilities",NM
1108524,"SALESFORCE, INC.",7372,73,Business Services & Software,Services,CA
1109357,EXELON CORP,4931,49,"Electric, Gas & Sanitary Services","Transportation, Communications & Utilities",IL
1109448,ALLIANCEBERNSTEIN L.P.,6282,62,,"Finance, Insurance & Real Estate",TN
1110611,ON24 INC.,7372,73,Business Services & Software,Services,CA
1110803,"ILLUMINA, INC.",3826,38,Instruments & Medical Devices,Manufacturing,CA
1111335,VISTEON CORP,3714,37,Transportation Equipment,Manufacturing,MI
1111711,NISOURCE INC.,4931,49,"Electric, Gas & Sanitary Services","Transportation, Communications & Utilities",IN
1111928,IPG PHOTONICS CORP,3674,36,Electronic & Electrical Equipment,Manufacturing,MA
1113169,PRICE T ROWE GROUP INC,6282,62,,"Finance, Insurance & Real Estate",MD
1114446,UBS AG,6021,60,Depository Institutions,"Finance, Insurance & Real Estate",
1114483,INTEGER HOLDINGS CORP,3845,38,Instruments & Medical Devices,Manufacturing,TX
1115055,PINNACLE FINANCIAL PARTNERS INC,6021,60,Depository Institutions,"Finance, Insurance & Real Estate",TN
1116132,"TAPESTRY, INC.",3100,31,,Manufacturing,NY
1116463,ORASURE TECHNOLOGIES INC,3841,38,Instruments & Medical Devices,Manufacturing,PA
1117480,CHIMERIX INC,2834,28,Chemicals & Pharmaceuticals,Manufacturing,NC
1118004,BANCPLUS CORP,6022,60,Depository Institutions,"Finance, Insurance & Real Estate",MS
1120193,"NASDAQ, INC.",6200,62,,"Finance, Insurance & Real Estate",NY
1121404,SANOFI,2834,28,Chemicals & Pharmaceuticals,Manufacturing,
1121484,"OIL STATES INTERNATIONAL, INC",3533,35,Industrial Machinery & Computer Equipment,Manufacturing,TX
1121702,"YIELD10 BIOSCIENCE, INC.",100,01,,"Agriculture, Forestry & Fishing",MA
1122976,AVIENT CORP,2821,28,Chemicals & Pharmaceuticals,Manufacturing,OH
1123360,GLOBAL PAYMENTS INC,7389,73,Business Services & Software,Services,GA
1123852,NORTHERN STATES POWER CO,4931,49,"Electric, Gas & Sanitary Services","Transportation, Communications & Utilities",MN
1124140,EXACT SCIENCES CORP,8071,80,Health Services,Services,WI
1124796,"NLIGHT, INC.",3674,36,Electronic & Electrical Equipment,Manufacturing,WA
1124941,BEACON ROOFING SUPPLY INC,5030,50,Wholesale — Durable Goods,Wholesale Trade,VA
1125345,MACROGENICS INC,2834,28,Chemicals & Pharmaceuticals,Manufacturing,MD
1125376,"ENSIGN GROUP, INC",8051,80,Health Services,Services,CA
1126234,"LUMOS PHARMA, INC.",2834,28,Chemicals & Pharmaceuticals,Manufacturing,TX
1127537,PULMONX CORP,3841,38,Instruments & Medical Devices,Manufacturing,CA
1128361,HOPE BANCORP INC,6021,60,Depository Institutions,"Finance, Insurance & Real Estate",CA
1130310,CENTERPOINT ENERGY INC,4911,49,"Electric, Gas & Sanitary Services","Transportation, Communications & Utilities",TX
1130713,"BEYOND, INC.",5961,59,Miscellaneous Retail,Retail Trade,UT
1131554,SYNCHRONOSS TECHNOLOGIES INC,7371,73,Business Services & Software,Services,NJ
1133311,TRAVELZOO,7310,73,Business Services & Software,Services,NY
1133421,NORTHROP GRUMMAN CORP /DE/,3812,38,Instruments & Medical Devices,Manufacturing,VA
1136893,"FIDELITY NATIONAL INFORMATION SERVICES, INC.",7389,73,Business Services & Software,Services,FL
1137091,"POWER SOLUTIONS INTERNATIONAL, INC.",3510,35,Industrial Machinery & Computer Equipment,Manufacturing,IL
1137547,UNITED SECURITY BANCSHARES,6021,60,Depository Institutions,"Finance, Insurance & Real Estate",CA
1137774,PRUDENTIAL FINANCIAL INC,6311,63,Insurance Carriers,"Finance, Insurance & Real Estate",NJ
1137789,SEAGATE TECHNOLOGY HOLDINGS PLC,3572,35,Industrial Machinery & Computer Equipment,Manufacturing,
1138118,"CBRE GROUP, INC.",6500,65,,"Finance, Insurance & Real Estate",TX
1138639,INFINERA CORP,3661,36,Electronic & Electrical Equipment,Manufacturing,CA
1849635,TRUMP MEDIA & TECHNOLOGY GROUP CORP.,7370,73,Business Services & Software,Services,FL
1854480,DEVVSTREAM CORP.,6799,67,Holding & Investment Offices,"Finance, Insurance & Real Estate",BC
1853070,"VOLATO GROUP, INC.",4522,45,,"Transportation, Communications & Utilities",GA
803164,CHOICEONE FINANCIAL SERVICES INC,6022,60,Depository Institutions,"Finance, Insurance & Real Estate",MI
1481241,PERFORMANCE SHIPPING INC.,4412,44,,"Transportation, Communications & Utilities",
1967680,VERALTO CORP,3825,38,Instruments & Medical Devices,Manufacturing,MA
1779474,"WM TECHNOLOGY, INC.",7372,73,Business Services & Software,Services,CA
67347,MODINE MANUFACTURING CO,3714,37,Transportation Equipment,Manufacturing,WI
1601072,ATLANTICA SUSTAINABLE INFRASTRUCTURE PLC,4911,49,"Electric, Gas & Sanitary Services","Transportation, Communications & Utilities",
93389,"STANDARD MOTOR PRODUCTS, INC.",3714,37,Transportation Equipment,Manufacturing,NY
1163560,GRUPO TMM SAB,4412,44,,"Transportation, Communications & Utilities",
1290677,"TURNING POINT BRANDS, INC.",2100,21,,Manufacturing,KY
1453687,"CARTESIAN THERAPEUTICS, INC.",2834,28,Chemicals & Pharmaceuticals,Manufacturing,MD
1378992,"BERRY GLOBAL GROUP, INC.",3089,30,,Manufacturing,IN
1133062,JANEL CORP,7389,73,Business Services & Software,Services,NY
788329,JOHNSON OUTDOORS INC,3949,39,,Manufacturing,WI
1430725,"GLOBAL SHIP LEASE, INC.",4412,44,,"Transportation, Communications & Utilities",
1163668,"SOUTH PLAINS FINANCIAL, INC.",6022,60,Depository Institutions,"Finance, Insurance & Real Estate",TX
1022408,EPLUS INC,5045,50,Wholesale — Durable Goods,Wholesale Trade,VA
1840502,TABOOLA.COM LTD.,7370,73,Business Services & Software,Services,NY
310142,SENSIENT TECHNOLOGIES CORP,2860,28,Chemicals & Pharmaceuticals,Manufacturing,WI
800457,DONEGAL GROUP INC,6331,63,Insurance Carriers,"Finance, Insurance & Real Estate",PA
909724,TANDY LEATHER FACTORY INC,3100,31,,Manufacturing,TX
350852,COMMUNITY TRUST BANCORP INC /KY/,6022,60,Depository Institutions,"Finance, Insurance & Real Estate",KY
1339005,FEMASYS INC,3841,38,Instruments & Medical Devices,Manufacturing,GA
739421,CITIZENS FINANCIAL SERVICES INC,6022,60,Depository Institutions,"Finance, Insurance & Real Estate",PA
1720161,CASTOR MARITIME INC.,4412,44,,"Transportation, Communications & Utilities",
1746129,BANK7 CORP.,6022,60,Depository Institutions,"Finance, Insurance & Real Estate",OK
918251,MOTORCAR PARTS OF AMERICA INC,3714,37,Transportation Equipment,Manufacturing,CA
1912847,UNITED MARITIME CORP,4400,44,,"Transportation, Communications & Utilities",
1571776,CHERRY HILL MORTGAGE INVESTMENT CORP,6798,67,Holding & Investment Offices,"Finance, Insurance & Real Estate",NJ
1286613,LINCOLN EDUCATIONAL SERVICES CORP,8200,82,,Services,NJ
1368514,"ADMA BIOLOGICS, INC.",2836,28,Chemicals & Pharmaceuticals,Manufacturing,NJ
1448397,SEANERGY MARITIME HOLDINGS CORP.,4412,44,,"Transportation, Communications & Utilities",
1021561,"NU SKIN ENTERPRISES, INC.",5122,51,,Wholesale Trade,UT
20639,AMBASE CORP,6512,65,,"Finance, Insurance & Real Estate",FL
1114927,FIRST NORTHERN COMMUNITY BANCORP,6035,60,Depository Institutions,"Finance, Insurance & Real Estate",CA
357301,TRUSTCO BANK CORP N Y,6022,60,Depository Institutions,"Finance, Insurance & Real Estate",NY
790359,NBT BANCORP INC,6021,60,Depository Institutions,"Finance, Insurance & Real Estate",NY
1017303,TRANSACT TECHNOLOGIES INC,3577,35,Industrial Machinery & Computer Equipment,Manufacturing,CT
1296484,TOP SHIPS INC.,4412,44,,"Transportation, Communications & Utilities",
1635088,ROIVANT SCIENCES LTD.,2834,28,Chemicals & Pharmaceuticals,Manufacturing,
1085913,FARMERS & MERCHANTS BANCORP,6021,60,Depository Institutions,"Finance, Insurance & Real Estate",CA
1941131,TORO CORP.,4412,44,,"Transportation, Communications & Utilities",
315958,CREDITRISKMONITOR COM INC,7320,73,Business Services & Software,Services,NY
1707919,CENNTRO INC.,3711,37,Transportation Equipment,Manufacturing,NJ
1133416,GALECTIN THERAPEUTICS INC,2834,28,Chemicals & Pharmaceuticals,Manufacturing,GA
1472091,PDS BIOTECHNOLOGY CORP,2834,28,Chemicals & Pharmaceuticals,Manufacturing,NJ
1228627,"OPUS GENETICS, INC.",2834,28,Chemicals & Pharmaceuticals,Manufacturing,NC
1043951,CAMPBELL FUND TRUST,6221,62,,"Finance, Insurance & Real Estate",MD
1506492,"NUWELLIS, INC.",3845,38,Instruments & Medical Devices,Manufacturing,MN
1851612,FOCUS IMPACT BH3 ACQUISITION CO,6770,67,Holding & Investment Offices,"Finance, Insurance & Real Estate",NY
1461237,GRAHAM ALTERNATIVE INVESTMENT FUND II LLC,6221,62,,"Finance, Insurance & Real Estate",CT
1461219,GRAHAM ALTERNATIVE INVESTMENT FUND I LLC,6221,62,,"Finance, Insurance & Real Estate",CT
8177,ATLANTIC AMERICAN CORP,6311,63,Insurance Carriers,"Finance, Insurance & Real Estate",GA
1082324,VIRNETX HOLDING CORP,6794,67,Holding & Investment Offices,"Finance, Insurance & Real Estate",NV
885978,U S PHYSICAL THERAPY INC /NV,8000,80,Health Services,Services,TX
1001171,BROADWAY FINANCIAL CORP DE,6035,60,Depository Institutions,"Finance, Insurance & Real Estate",CA
1982518,SMITH DOUGLAS HOMES CORP.,1531,15,,Construction,GA
740971,OLD POINT FINANCIAL CORP,6021,60,Depository Institutions,"Finance, Insurance & Real Estate",VA
2017526,PERCEPTIVE CAPITAL SOLUTIONS CORP,6770,67,Holding & Investment Offices,"Finance, Insurance & Real Estate",NY
944480,GSE SYSTEMS INC,7372,73,Business Services & Software,Services,MD
1829280,FORIAN INC.,7374,73,Business Services & Software,Services,PA
1051514,"STRATA SKIN SCIENCES, INC.",3841,38,Instruments & Medical Devices,Manufacturing,PA
1857803,DP CAP ACQUISITION CORP I,6770,67,Holding & Investment Offices,"Finance, Insurance & Real Estate",MA
1850502,ENPHYS ACQUISITION CORP.,6770,67,Holding & Investment Offices,"Finance, Insurance & Real Estate",NY
1847577,LEARN CW INVESTMENT CORP,6770,67,Holding & Investment Offices,"Finance, Insurance & Real Estate",CA
1639300,"OLLIE'S BARGAIN OUTLET HOLDINGS, INC.",5331,53,,Retail Trade,PA
1855129,GH RESEARCH PLC,2834,28,Chemicals & Pharmaceuticals,Manufacturing,
810136,PHOTRONICS INC,3674,36,Electronic & Electrical Equipment,Manufacturing,CT
1869467,OCEANPAL INC.,4412,44,,"Transportation, Communications & Utilities",
1070524,GREENE COUNTY BANCORP INC,6036,60,Depository Institutions,"Finance, Insurance & Real Estate",NY
1899123,BITDEER TECHNOLOGIES GROUP,6199,61,,"Finance, Insurance & Real Estate",
718332,"RAVE RESTAURANT GROUP, INC.",5140,51,,Wholesale Trade,TX
1785494,WOODBRIDGE LIQUIDATION TRUST,6500,65,,"Finance, Insurance & Real Estate",FL
1550913,"MACKENZIE REALTY CAPITAL, INC.",6798,67,Holding & Investment Offices,"Finance, Insurance & Real Estate",CA
1500375,"HOME FEDERAL BANCORP, INC. OF LOUISIANA",6035,60,Depository Institutions,"Finance, Insurance & Real Estate",LA
1000177,NORDIC AMERICAN TANKERS LTD,4400,44,,"Transportation, Communications & Utilities",
1140465,HSBC BANK PLC,6029,60,Depository Institutions,"Finance, Insurance & Real Estate",
1140859,"CENCORA, INC.",5122,51,,Wholesale Trade,PA
1141391,MASTERCARD INC,7389,73,Business Services & Software,Services,NY
1142750,AMN HEALTHCARE SERVICES INC,7363,73,Business Services & Software,Services,TX
1144879,APPLIED DIGITAL CORP.,7374,73,Business Services & Software,Services,TX
1144980,ASBURY AUTOMOTIVE GROUP INC,5500,55,,Retail Trade,GA
1145197,INSULET CORP,3841,38,Instruments & Medical Devices,Manufacturing,MA
1145765,GLOBAL MACRO TRUST,6221,62,,"Finance, Insurance & Real Estate",CT
1156039,"ELEVANCE HEALTH, INC.",6324,63,Insurance Carriers,"Finance, Insurance & Real Estate",IN
1156174,LAKE AREA CORN PROCESSORS LLC,2860,28,Chemicals & Pharmaceuticals,Manufacturing,SD
1156375,CME GROUP INC.,6200,62,,"Finance, Insurance & Real Estate",IL
1158172,"COMSCORE, INC.",7389,73,Business Services & Software,Services,VA
1158449,ADVANCE AUTO PARTS INC,5531,55,,Retail Trade,NC
1158463,JETBLUE AIRWAYS CORP,4512,45,,"Transportation, Communications & Utilities",NY
1159036,"HALOZYME THERAPEUTICS, INC.",2836,28,Chemicals & Pharmaceuticals,Manufacturing,CA
1159167,IROBOT CORP,3630,36,Electronic & Electrical Equipment,Manufacturing,MA
1159508,DEUTSCHE BANK AKTIENGESELLSCHAFT,6022,60,Depository Institutions,"Finance, Insurance & Real Estate",NY
1160106,LLOYDS BANKING GROUP PLC,6029,60,Depository Institutions,"Finance, Insurance & Real Estate",
1167831,LLOYDS BANK PLC,6029,60,Depository Institutions,"Finance, Insurance & Real Estate",
1948884,GAMER PAKISTAN INC,7900,79,,Services,NV
704440,"KORU MEDICAL SYSTEMS, INC.",3841,38,Instruments & Medical Devices,Manufacturing,NJ
1161582,"GROWLIFE, INC.",3231,32,,Manufacturing,WA
1163165,CONOCOPHILLIPS,2911,29,,Manufacturing,TX
1163302,UNITED STATES STEEL CORP,3312,33,,Manufacturing,PA
1163370,NORTHRIM BANCORP INC,6035,60,Depository Institutions,"Finance, Insurance & Real Estate",AK
1163609,SOUTH DAKOTA SOYBEAN PROCESSORS LLC,2070,20,Food & Kindred Products,Manufacturing,SD
1164727,NEWMONT CORP /DE/,1040,10,,Mining,CO
1164863,ENPRO INC.,3050,30,,Manufacturing,NC
1165002,WESTWOOD HOLDINGS GROUP INC,6282,62,,"Finance, Insurance & Real Estate",TX
1166003,"XPO, INC.",4700,47,,"Transportation, Communications & Utilities",CT
1166388,VERINT SYSTEMS INC,7373,73,Business Services & Software,Services,NY
1166691,COMCAST CORP,4841,48,Communications,"Transportation, Communications & Utilities",PA
1166928,WEST BANCORPORATION INC,6022,60,Depository Institutions,"Finance, Insurance & Real Estate",IA
1167379,ALCON INC,3851,38,Instruments & Medical Devices,Manufacturing,TX
1169445,"TRUBRIDGE, INC.",7371,73,Business Services & Software,Services,AL
1169561,COMMVAULT SYSTEMS INC,7372,73,Business Services & Software,Services,NJ
1170010,CARMAX INC,5500,55,,Retail Trade,VA
806172,SONO TEK CORP,3559,35,Industrial Machinery & Computer Equipment,Manufacturing,NY
1515816,"PLYMOUTH INDUSTRIAL REIT, INC.",6798,67,Holding & Investment Offices,"Finance, Insurance & Real Estate",MA
1919182,"ECO BRIGHT FUTURE, INC.",6199,61,,"Finance, Insurance & Real Estate",
918573,GROOVE BOTANICALS INC.,1311,13,Oil & Gas Extraction,Mining,MN
1171759,RED ROBIN GOURMET BURGERS INC,5812,58,Eating & Drinking Places,Retail Trade,CO
1935418,FOREMOST CLEAN ENERGY LTD.,1090,10,,Mining,BC
875582,NORTHERN TECHNOLOGIES INTERNATIONAL CORP,3470,34,,Manufacturing,MN
1173643,TRX GOLD CORP,1040,10,,Mining,ON
799850,AMERICAS CARMART INC,5500,55,,Retail Trade,AR
1071840,"SOLARWINDOW TECHNOLOGIES, INC.",2860,28,Chemicals & Pharmaceuticals,Manufacturing,AZ
1376321,ZW DATA ACTION TECHNOLOGIES INC.,7370,73,Business Services & Software,Services,
1430723,"SERVISFIRST BANCSHARES, INC.",6022,60,Depository Institutions,"Finance, Insurance & Real Estate",AL
796505,"CLEARFIELD, INC.",3661,36,Electronic & Electrical Equipment,Manufacturing,MN
1503584,COSTAMARE INC.,4412,44,,"Transportation, Communications & Utilities",
1123494,HARVARD BIOSCIENCE INC,3826,38,Instruments & Medical Devices,Manufacturing,MA
311094,WESTAMERICA BANCORPORATION,6021,60,Depository Institutions,"Finance, Insurance & Real Estate",CA
898437,"ANIKA THERAPEUTICS, INC.",3841,38,Instruments & Medical Devices,Manufacturing,MA
914156,UFP TECHNOLOGIES INC,3841,38,Instruments & Medical Devices,Manufacturing,MA
1540159,"EDESA BIOTECH, INC.",2834,28,Chemicals & Pharmaceuticals,Manufacturing,ON
1738021,"COMPASS THERAPEUTICS, INC.",2836,28,Chemicals & Pharmaceuticals,Manufacturing,MA
101295,UNITED GUARDIAN INC,2844,28,Chemicals & Pharmaceuticals,Manufacturing,NY
1626878,XBIOTECH INC.,2834,28,Chemicals & Pharmaceuticals,Manufacturing,TX
806517,PSYCHEMEDICS CORP,8071,80,Health Services,Services,MA
1446159,PREDICTIVE ONCOLOGY INC.,3842,38,Instruments & Medical Devices,Manufacturing,PA
1828253,EVAXION BIOTECH A/S,2836,28,Chemicals & Pharmaceuticals,Manufacturing,
1070296,FIRST CAPITAL INC,6035,60,Depository Institutions,"Finance, Insurance & Real Estate",IN
1095435,PORTAGE BIOTECH INC.,2834,28,Chemicals & Pharmaceuticals,Manufacturing,
1677940,BEYONDSPRING INC.,2834,28,Chemicals & Pharmaceuticals,Manufacturing,NJ
766011,CALEDONIA MINING CORP PLC,1040,10,,Mining,
1172052,SAFETY INSURANCE GROUP INC,6331,63,Insurance Carriers,"Finance, Insurance & Real Estate",MA
1172222,HAWAIIAN HOLDINGS INC,4512,45,,"Transportation, Communications & Utilities",HI
1173514,"HYSTER-YALE, INC.",3537,35,Industrial Machinery & Computer Equipment,Manufacturing,OH
1174169,ALGONQUIN POWER & UTILITIES CORP.,4911,49,"Electric, Gas & Sanitary Services","Transportation, Communications & Utilities",ON
1174850,NICOLET BANKSHARES INC,6021,60,Depository Institutions,"Finance, Insurance & Real Estate",WI
1174922,WYNN RESORTS LTD,7011,70,,Services,NV
66004,MIDDLESEX WATER CO,4941,49,"Electric, Gas & Sanitary Services","Transportation, Communications & Utilities",NJ
95029,STURM RUGER & CO INC,3480,34,,Manufacturing,CT
1681206,"NI HOLDINGS, INC.",6331,63,Insurance Carriers,"Finance, Insurance & Real Estate",ND
946936,DESWELL INDUSTRIES INC,3089,30,,Manufacturing,
1437479,ENB FINANCIAL CORP,6021,60,Depository Institutions,"Finance, Insurance & Real Estate",PA
1337068,"MAGYAR BANCORP, INC.",6035,60,Depository Institutions,"Finance, Insurance & Real Estate",NJ
12040,FLANIGANS ENTERPRISES INC,5812,58,Eating & Drinking Places,Retail Trade,FL
65312,"EVI INDUSTRIES, INC.",7200,72,,Services,FL
36840,FIRST REAL ESTATE INVESTMENT TRUST OF NEW JERSEY,6798,67,Holding & Investment Offices,"Finance, Insurance & Real Estate",NJ
33533,ESPEY MFG & ELECTRONICS CORP,3679,36,Electronic & Electrical Equipment,Manufacturing,NY
1066130,FE BATTERY METALS CORP.,1000,10,,Mining,BC
1369085,NEW PACIFIC METALS CORP,1040,10,,Mining,BC
1176334,MARTIN MIDSTREAM PARTNERS L.P.,5171,51,,Wholesale Trade,TX
1177394,TD SYNNEX CORP,5045,50,Wholesale — Durable Goods,Wholesale Trade,CA
1177609,"FIVE BELOW, INC",5331,53,,Retail Trade,PA
1178670,"ALNYLAM PHARMACEUTICALS, INC.",2834,28,Chemicals & Pharmaceuticals,Manufacturing,MA
1178879,"AMICUS THERAPEUTICS, INC.",2834,28,Chemicals & Pharmaceuticals,Manufacturing,NJ
1166834,SHL TELEMEDICINE LTD,8011,80,Health Services,Services,
928876,TOWER SEMICONDUCTOR LTD,3674,36,Electronic & Electrical Equipment,Manufacturing,
1119774,COMPUGEN LTD,2836,28,Chemicals & Pharmaceuticals,Manufacturing,
1901279,NAYAX LTD.,7372,73,Business Services & Software,Services,
897322,GILAT SATELLITE NETWORKS LTD,3663,36,Electronic & Electrical Equipment,Manufacturing,VA
1419612,"SOLAREDGE TECHNOLOGIES, INC.",3674,36,Electronic & Electrical Equipment,Manufacturing,
1835654,INNOVIZ TECHNOLOGIES LTD.,3714,37,Transportation Equipment,Manufacturing,
1638097,ENTERA BIO LTD.,2836,28,Chemicals & Pharmaceuticals,Manufacturing,
1845338,MONDAY.COM LTD.,7372,73,Business Services & Software,Services,
1593984,MEDIWOUND LTD.,2833,28,Chemicals & Pharmaceuticals,Manufacturing,
1792030,IM CANNABIS CORP.,2833,28,Chemicals & Pharmaceuticals,Manufacturing,
1291855,SUPERCOM LTD,3674,36,Electronic & Electrical Equipment,Manufacturing,
1607962,LIFEWARD LTD.,3842,38,Instruments & Medical Devices,Manufacturing,MA
1498403,BIOLINERX LTD.,2834,28,Chemicals & Pharmaceuticals,Manufacturing,
1024672,ELTEK LTD,3672,36,Electronic & Electrical Equipment,Manufacturing,
1801834,PAINREFORM LTD.,2834,28,Chemicals & Pharmaceuticals,Manufacturing,
1684693,SOL-GEL TECHNOLOGIES LTD.,2834,28,Chemicals & Pharmaceuticals,Manufacturing,
1534248,CHEMOMAB THERAPEUTICS LTD.,2834,28,Chemicals & Pharmaceuticals,Manufacturing,
1119769,CERAGON NETWORKS LTD,3663,36,Electronic & Electrical Equipment,Manufacturing,
1365767,ALLOT LTD.,3576,35,Industrial Machinery & Computer Equipment,Manufacturing,
1915403,SATIXFY COMMUNICATIONS LTD.,3663,36,Electronic & Electrical Equipment,Manufacturing,
1109138,CAMTEK LTD,3827,38,Instruments & Medical Devices,Manufacturing,
1574565,EVOGENE LTD.,2870,28,Chemicals & Pharmaceuticals,Manufacturing,
1179929,"MOLINA HEALTHCARE, INC.",6324,63,Insurance Carriers,"Finance, Insurance & Real Estate",CA
31667,EDUCATIONAL DEVELOPMENT CORP,5190,51,,Wholesale Trade,OK
1127475,"DIGITAL BRAND MEDIA & MARKETING GROUP, INC.",7389,73,Business Services & Software,Services,NY
1784440,NOWTRANSIT INC,7374,73,Business Services & Software,Services,UT
39020,FREQUENCY ELECTRONICS INC,3825,38,Instruments & Medical Devices,Manufacturing,NY
1009829,JAKKS PACIFIC INC,3944,39,,Manufacturing,CA
1138476,PACIFIC HEALTH CARE ORGANIZATION INC,8090,80,Health Services,Services,CA
1326205,"IGC PHARMA, INC.",2834,28,Chemicals & Pharmaceuticals,Manufacturing,MD
1419275,RYVYL INC.,8742,87,"Engineering, Accounting & Management Services",Services,CA
1560452,TEXAS REPUBLIC CAPITAL CORP,6311,63,Insurance Carriers,"Finance, Insurance & Real Estate",TX
96885,TEL INSTRUMENT ELECTRONICS CORP,3670,36,Electronic & Electrical Equipment,Manufacturing,NJ
312257,INNOVATIVE FOOD HOLDINGS INC,5141,51,,Wholesale Trade,FL
1581552,"ENERGY 11, L.P.",1311,13,Oil & Gas Extraction,Mining,VA
1696088,"ENERGY RESOURCES 12, L.P.",1311,13,Oil & Gas Extraction,Mining,VA
1766526,"TECTONIC FINANCIAL, INC.",6022,60,Depository Institutions,"Finance, Insurance & Real Estate",TX
1694617,"ROYALE ENERGY, INC.",1311,13,Oil & Gas Extraction,Mining,CA
942126,TAITRON COMPONENTS INC,5065,50,Wholesale — Durable Goods,Wholesale Trade,CA
1636051,FUSE GROUP HOLDING INC.,1000,10,,Mining,CA
1578329,APEX 11 INC.,6770,67,Holding & Investment Offices,"Finance, Insurance & Real Estate",AZ
802257,"MITESCO, INC.",8000,80,Health Services,Services,FL
1700849,VADO CORP.,7310,73,Business Services & Software,Services,CA
1902700,"PIONEER GREEN FARMS, INC.",2833,28,Chemicals & Pharmaceuticals,Manufacturing,FL
1879270,CANNAISSEUR GROUP INC.,2833,28,Chemicals & Pharmaceuticals,Manufacturing,GA
768216,"COYNI, INC.",7389,73,Business Services & Software,Services,CA
1522222,"CLS HOLDINGS USA, INC.",5900,59,Miscellaneous Retail,Retail Trade,NV
1077688,HOOKER FURNISHINGS CORP,2510,25,,Manufacturing,VA
1185198,AEI INCOME & GROWTH FUND 25 LLC,6500,65,,"Finance, Insurance & Real Estate",MN
1185348,PRA GROUP INC,6153,61,,"Finance, Insurance & Real Estate",VA
1858258,FRANKLIN TEMPLETON HOLDINGS TRUST,6221,62,,"Finance, Insurance & Real Estate",CA
1992870,FRANKLIN TEMPLETON DIGITAL HOLDINGS TRUST,6221,62,,"Finance, Insurance & Real Estate",CA
729986,UNITED BANKSHARES INC/WV,6022,60,Depository Institutions,"Finance, Insurance & Real Estate",WV
1893219,"ABPRO HOLDINGS, INC.",2836,28,Chemicals & Pharmaceuticals,Manufacturing,NY
1179821,BIRKS GROUP INC.,5944,59,Miscellaneous Retail,Retail Trade,QC
1681087,"TECTONIC THERAPEUTIC, INC.",2836,28,Chemicals & Pharmaceuticals,Manufacturing,MA
1498382,"TUHURA BIOSCIENCES, INC./NV",2834,28,Chemicals & Pharmaceuticals,Manufacturing,FL
1144967,HDFC BANK LTD,6029,60,Depository Institutions,"Finance, Insurance & Real Estate",
1613780,DBV TECHNOLOGIES S.A.,2836,28,Chemicals & Pharmaceuticals,Manufacturing,
1000697,WATERS CORP /DE/,3826,38,Instruments & Medical Devices,Manufacturing,MA
853816,LANDSTAR SYSTEM INC,4213,42,,"Transportation, Communications & Utilities",FL
818686,TEVA PHARMACEUTICAL INDUSTRIES LTD,2834,28,Chemicals & Pharmaceuticals,Manufacturing,
1593222,"CITY OFFICE REIT, INC.",6798,67,Holding & Investment Offices,"Finance, Insurance & Real Estate",BC
1668717,ANHEUSER-BUSCH INBEV SA/NV,2082,20,Food & Kindred Products,Manufacturing,
1276520,GENWORTH FINANCIAL INC,6311,63,Insurance Carriers,"Finance, Insurance & Real Estate",VA
105016,WATSCO INC,5070,50,Wholesale — Durable Goods,Wholesale Trade,FL
1393818,BLACKSTONE INC.,6282,62,,"Finance, Insurance & Real Estate",NY
1075124,THOMSON REUTERS CORP /CAN/,2741,27,,Manufacturing,ON
750574,"AUBURN NATIONAL BANCORPORATION, INC",6022,60,Depository Institutions,"Finance, Insurance & Real Estate",AL
1356570,WNS (HOLDINGS) LTD,7389,73,Business Services & Software,Services,
1717115,"TEMPUS AI, INC.",7370,73,Business Services & Software,Services,IL
1001902,INTEVAC INC,3559,35,Industrial Machinery & Computer Equipment,Manufacturing,CA
1708646,GOLDMAN SACHS PHYSICAL GOLD ETF,6221,62,,"Finance, Insurance & Real Estate",NY
1838513,MARBLEGATE ACQUISITION CORP.,6770,67,Holding & Investment Offices,"Finance, Insurance & Real Estate",NY
1323404,WHEATON PRECIOUS METALS CORP.,1040,10,,Mining,BC
1415311,PROSHARES TRUST II,6221,62,,"Finance, Insurance & Real Estate",MD
1325702,MAGNACHIP SEMICONDUCTOR CORP,3674,36,Electronic & Electrical Equipment,Manufacturing,
1796129,"VINCERX PHARMA, INC.",2834,28,Chemicals & Pharmaceuticals,Manufacturing,CA
1227265,CERES ORION L.P.,6221,62,,"Finance, Insurance & Real Estate",NY
1325676,CERES TACTICAL COMMODITY L.P.,6221,62,,"Finance, Insurance & Real Estate",NY
1209709,CERES TACTICAL SYSTEMATIC L.P.,6221,62,,"Finance, Insurance & Real Estate",NY
1066656,CERES CLASSIC L.P.,6221,62,,"Finance, Insurance & Real Estate",NY
1876255,"AB COMMERCIAL REAL ESTATE PRIVATE DEBT FUND, LLC",6798,67,Holding & Investment Offices,"Finance, Insurance & Real Estate",NY
64472,GENCOR INDUSTRIES INC,3531,35,Industrial Machinery & Computer Equipment,Manufacturing,FL
763901,"POPULAR, INC.",6022,60,Depository Institutions,"Finance, Insurance & Real Estate",
1437226,"MASTECH DIGITAL, INC.",8742,87,"Engineering, Accounting & Management Services",Services,PA
1852016,ALTENERGY ACQUISITION CORP,3714,37,Transportation Equipment,Manufacturing,CT
756894,BARRICK GOLD CORP,1040,10,,Mining,ON
1913971,"PRINCETON BANCORP, INC.",6022,60,Depository Institutions,"Finance, Insurance & Real Estate",PA
1809196,IMMATICS N.V.,2836,28,Chemicals & Pharmaceuticals,Manufacturing,
2006291,CHURCHILL CAPITAL CORP IX/CAYMAN,6770,67,Holding & Investment Offices,"Finance, Insurance & Real Estate",NY
1635327,FLUTTER ENTERTAINMENT PLC,7370,73,Business Services & Software,Services,NY
66496,MILLS MUSIC TRUST,6794,67,Holding & Investment Offices,"Finance, Insurance & Real Estate",NY
19871,CHICAGO RIVET & MACHINE CO,3540,35,Industrial Machinery & Computer Equipment,Manufacturing,IL
1850262,INTEGRAL ACQUISITION CORP 1,6770,67,Holding & Investment Offices,"Finance, Insurance & Real Estate",NY
1847112,TORTOISEECOFIN ACQUISITION CORP. III,6770,67,Holding & Investment Offices,"Finance, Insurance & Real Estate",NV
1865407,KENSINGTON CAPITAL ACQUISITION CORP. V,6770,67,Holding & Investment Offices,"Finance, Insurance & Real Estate",NY
1915380,"DMY SQUARED TECHNOLOGY GROUP, INC.",6770,67,Holding & Investment Offices,"Finance, Insurance & Real Estate",NV
1871745,DIRECT SELLING ACQUISITION CORP.,6770,67,Holding & Investment Offices,"Finance, Insurance & Real Estate",TX
1936255,FOUR LEAF ACQUISITION CORP,6770,67,Holding & Investment Offices,"Finance, Insurance & Real Estate",CA
2011535,FRANKLIN ETHEREUM TRUST,6221,62,,"Finance, Insurance & Real Estate",CA
1875493,CSLM ACQUISITION CORP.,7373,73,Business Services & Software,Services,
1709626,NUCANA PLC,2834,28,Chemicals & Pharmaceuticals,Manufacturing,
1840425,BELLEVUE LIFE SCIENCES ACQUISITION CORP.,3841,38,Instruments & Medical Devices,Manufacturing,WA
1857410,INVESTCORP EUROPE ACQUISITION CORP I,6770,67,Holding & Investment Offices,"Finance, Insurance & Real Estate",
1847355,TARGET GLOBAL ACQUISITION I CORP.,6770,67,Holding & Investment Offices,"Finance, Insurance & Real Estate",
1852889,INVESTCORP AI ACQUISITION CORP.,6770,67,Holding & Investment Offices,"Finance, Insurance & Real Estate",
1844817,ARMADA ACQUISITION CORP. I,6770,67,Holding & Investment Offices,"Finance, Insurance & Real Estate",PA
9631,BANK OF NOVA SCOTIA,6022,60,Depository Institutions,"Finance, Insurance & Real Estate",ON
927971,BANK OF MONTREAL /CAN/,6029,60,Depository Institutions,"Finance, Insurance & Real Estate",ON
1000275,ROYAL BANK OF CANADA,6029,60,Depository Institutions,"Finance, Insurance & Real Estate",ON
1045520,CANADIAN IMPERIAL BANK OF COMMERCE /CAN/,6029,60,Depository Institutions,"Finance, Insurance & Real Estate",ON
1817241,"ARTIVA BIOTHERAPEUTICS, INC.",2836,28,Chemicals & Pharmaceuticals,Manufacturing,CA
811809,BHP GROUP LTD,1000,10,,Mining,
844551,WOODSIDE ENERGY GROUP LTD,1311,13,Oil & Gas Extraction,Mining,
769218,AEGON LTD.,6311,63,Insurance Carriers,"Finance, Insurance & Real Estate",
1514743,"IF BANCORP, INC.",6035,60,Depository Institutions,"Finance, Insurance & Real Estate",IL
1868573,APX ACQUISITION CORP. I,6770,67,Holding & Investment Offices,"Finance, Insurance & Real Estate",
40704,GENERAL MILLS INC,2040,20,Food & Kindred Products,Manufacturing,MN
1372920,NEW ORIENTAL EDUCATION & TECHNOLOGY GROUP INC.,8200,82,,Services,
1808898,BENITEC BIOPHARMA INC.,2834,28,Chemicals & Pharmaceuticals,Manufacturing,CA
1951067,C3IS INC.,4412,44,,"Transportation, Communications & Utilities",
1876581,IMPERIAL PETROLEUM INC./MARSHALL ISLANDS,4412,44,,"Transportation, Communications & Utilities",
1193311,ONCOR ELECTRIC DELIVERY CO LLC,4911,49,"Electric, Gas & Sanitary Services","Transportation, Communications & Utilities",TX
1951222,SEALSQ CORP,3674,36,Electronic & Electrical Equipment,Manufacturing,
885462,"GULF RESOURCES, INC.",2800,28,Chemicals & Pharmaceuticals,Manufacturing,
1195734,POTBELLY CORP,5812,58,Eating & Drinking Places,Retail Trade,IL
1888740,LSEB CREATIVE CORP.,2320,23,,Manufacturing,WY
1936756,"NEXT BRIDGE HYDROCARBONS, INC.",1311,13,Oil & Gas Extraction,Mining,TX
1319643,"FINTRADE SHERPA, INC.",1040,10,,Mining,TX
1703625,"NAPC DEFENSE, INC.",7310,73,Business Services & Software,Services,FL
838875,WILLAMETTE VALLEY VINEYARDS INC,2080,20,Food & Kindred Products,Manufacturing,OR
1884072,ADAMAS ONE CORP.,3910,39,,Manufacturing,AZ
1106213,SEAFARER EXPLORATION CORP,7900,79,,Services,FL
1200375,"CODEXIS, INC.",2860,28,Chemicals & Pharmaceuticals,Manufacturing,CA
1201792,AMERICAN PUBLIC EDUCATION INC,8200,82,,Services,WV
1206264,SOMNIGROUP INTERNATIONAL INC.,2510,25,,Manufacturing,KY
1090009,SOUTHERN FIRST BANCSHARES INC,6021,60,Depository Institutions,"Finance, Insurance & Real Estate",SC
1207179,GOLAR LNG LTD,4400,44,,"Transportation, Communications & Utilities",
1210708,"HUDSON GLOBAL, INC.",7363,73,Business Services & Software,Services,CT
1212545,WESTERN ALLIANCE BANCORPORATION,6022,60,Depository Institutions,"Finance, Insurance & Real Estate",AZ
1845550,PLUM ACQUISITION CORP. III,6770,67,Holding & Investment Offices,"Finance, Insurance & Real Estate",NY
1939365,"INSPIRE VETERINARY PARTNERS, INC.",700,07,,"Agriculture, Forestry & Fishing",VA
1945422,OAK WOODS ACQUISITION CORP,8090,80,Health Services,Services,
1747661,"COLOR STAR TECHNOLOGY CO., LTD.",8200,82,,Services,NY
1094032,QDM INTERNATIONAL INC.,6411,64,,"Finance, Insurance & Real Estate",
1409197,"BESPOKE EXTRACTS, INC.",2834,28,Chemicals & Pharmaceuticals,Manufacturing,CO
1873875,INCANNEX HEALTHCARE INC.,2834,28,Chemicals & Pharmaceuticals,Manufacturing,
1845123,"ALEANNA, INC.",1311,13,Oil & Gas Extraction,Mining,TX
1885680,"CORDYCEPS SUNSHINE BIOTECH HOLDINGS CO., LTD.",2833,28,Chemicals & Pharmaceuticals,Manufacturing,
1947861,NATURE'S MIRACLE HOLDING INC.,3523,35,Industrial Machinery & Computer Equipment,Manufacturing,CA
1707910,"REBORN COFFEE, INC.",5812,58,Eating & Drinking Places,Retail Trade,CA
1849058,CLOVER LEAF CAPITAL CORP.,7990,79,,Services,FL
1854583,"COLLECTIVE AUDIENCE, INC.",8742,87,"Engineering, Accounting & Management Services",Services,NY
1841125,"BOLT PROJECTS HOLDINGS, INC.",2860,28,Chemicals & Pharmaceuticals,Manufacturing,CA
1603993,"NISUN INTERNATIONAL ENTERPRISE DEVELOPMENT GROUP CO., LTD",3490,34,,Manufacturing,
1854275,"ZOOMCAR HOLDINGS, INC.",7510,75,,Services,
1816319,LYTUS TECHNOLOGIES HOLDINGS PTV. LTD.,7374,73,Business Services & Software,Services,
747540,SURGE COMPONENTS INC,5065,50,Wholesale — Durable Goods,Wholesale Trade,NY
1911545,"HANRYU HOLDINGS, INC.",7370,73,Business Services & Software,Services,
1026785,HIGHWAY HOLDINGS LTD,3490,34,,Manufacturing,
1809691,AMTD DIGITAL INC.,6199,61,,"Finance, Insurance & Real Estate",
1836242,"TOKYO LIFESTYLE CO., LTD.",5990,59,Miscellaneous Retail,Retail Trade,
773717,"AMERICAN CLEAN RESOURCES GROUP, INC.",1400,14,,Mining,CO
1881462,SPREE ACQUISITION CORP. 1 LTD,7389,73,Business Services & Software,Services,GA
1866838,INCEPTION GROWTH ACQUISITION LTD,6770,67,Holding & Investment Offices,"Finance, Insurance & Real Estate",NY
1939965,BRERA HOLDINGS PLC,7900,79,,Services,
1879373,GRAPHJET TECHNOLOGY,3620,36,Electronic & Electrical Equipment,Manufacturing,
1806905,ALE GROUP HOLDING LTD,8742,87,"Engineering, Accounting & Management Services",Services,
1891944,PRIMECH HOLDINGS LTD,7340,73,Business Services & Software,Services,
1913749,GLOBAL MOFY AI LTD,7370,73,Business Services & Software,Services,
1828102,KAROOOOO LTD.,7372,73,Business Services & Software,Services,
1853047,HUDSON ACQUISITION I CORP.,6770,67,Holding & Investment Offices,"Finance, Insurance & Real Estate",NY
1543623,US NUCLEAR CORP.,3829,38,Instruments & Medical Devices,Manufacturing,CA
1861063,AQUARON ACQUISITION CORP.,6770,67,Holding & Investment Offices,"Finance, Insurance & Real Estate",NY
1711754,"INMUNE BIO, INC.",2836,28,Chemicals & Pharmaceuticals,Manufacturing,FL
1826376,GOLDEN SUN HEALTH TECHNOLOGY GROUP LTD,8200,82,,Services,
1324948,RBC BEARINGS INC,3562,35,Industrial Machinery & Computer Equipment,Manufacturing,CT
1029199,"EURONET WORLDWIDE, INC.",6099,60,Depository Institutions,"Finance, Insurance & Real Estate",KS
1643953,"PURPLE INNOVATION, INC.",2510,25,,Manufacturing,UT
1388320,"ACTINIUM PHARMACEUTICALS, INC.",2834,28,Chemicals & Pharmaceuticals,Manufacturing,NY
1860657,"ALLARITY THERAPEUTICS, INC.",2834,28,Chemicals & Pharmaceuticals,Manufacturing,MA
1899005,BEAMR IMAGING LTD.,7372,73,Business Services & Software,Services,
1359931,"PROTARA THERAPEUTICS, INC.",2836,28,Chemicals & Pharmaceuticals,Manufacturing,NY
1397047,"FLEXSHOPPER, INC.",7359,73,Business Services & Software,Services,FL
1791725,"HUADI INTERNATIONAL GROUP CO., LTD.",3317,33,,Manufacturing,
1131312,ZION OIL & GAS INC,1382,13,Oil & Gas Extraction,Mining,TX
1720025,ALLEGRO MERGER CORP.,6770,67,Holding & Investment Offices,"Finance, Insurance & Real Estate",NY
1863006,VALENS SEMICONDUCTOR LTD.,3674,36,Electronic & Electrical Equipment,Manufacturing,
1638911,DUKE ROBOTICS CORP.,3721,37,Transportation Equipment,Manufacturing,
1937993,"CADRENAL THERAPEUTICS, INC.",2834,28,Chemicals & Pharmaceuticals,Manufacturing,FL
1553643,"RELMADA THERAPEUTICS, INC.",2834,28,Chemicals & Pharmaceuticals,Manufacturing,FL
1560258,"ELECTROCORE, INC.",3845,38,Instruments & Medical Devices,Manufacturing,NJ
1865631,NEXTNAV INC.,3812,38,Instruments & Medical Devices,Manufacturing,VA
1844392,"MARPAI, INC.",8090,80,Health Services,Services,FL
1865697,NEUROMIND AI CORP.,6770,67,Holding & Investment Offices,"Finance, Insurance & Real Estate",
1708688,INFLARX N.V.,2834,28,Chemicals & Pharmaceuticals,Manufacturing,
1781446,GAUZY LTD.,3690,36,Electronic & Electrical Equipment,Manufacturing,
87050,NEONODE INC.,3679,36,Electronic & Electrical Equipment,Manufacturing,
767405,"SB FINANCIAL GROUP, INC.",6022,60,Depository Institutions,"Finance, Insurance & Real Estate",OH
1528356,GENIE ENERGY LTD.,4931,49,"Electric, Gas & Sanitary Services","Transportation, Communications & Utilities",NJ
1846235,INTERNATIONAL MEDIA ACQUISITION CORP.,7812,78,,Services,NJ
1534154,AUTHID INC.,7372,73,Business Services & Software,Services,CO
778164,"ALTO INGREDIENTS, INC.",2860,28,Chemicals & Pharmaceuticals,Manufacturing,CA
12239,DOMINARI HOLDINGS INC.,6211,62,,"Finance, Insurance & Real Estate",NY
1874097,CYNGN INC.,7371,73,Business Services & Software,Services,CA
1876716,ASPAC II ACQUISITION CORP.,6770,67,Holding & Investment Offices,"Finance, Insurance & Real Estate",
1866001,JVSPAC ACQUISITION CORP.,6770,67,Holding & Investment Offices,"Finance, Insurance & Real Estate",
1711786,"HOTH THERAPEUTICS, INC.",2834,28,Chemicals & Pharmaceuticals,Manufacturing,NY
1889123,FTAC EMERALD ACQUISITION CORP.,6199,61,,"Finance, Insurance & Real Estate",PA
1869699,ARK 21SHARES BITCOIN ETF,6221,62,,"Finance, Insurance & Real Estate",NY
1477009,TREES CORP (COLORADO),5912,59,Miscellaneous Retail,Retail Trade,CO
1117171,"CBAK ENERGY TECHNOLOGY, INC.",3690,36,Electronic & Electrical Equipment,Manufacturing,
1741489,"ELVICTOR GROUP, INC.",8742,87,"Engineering, Accounting & Management Services",Services,
1840877,"ENVOY MEDICAL, INC.",3842,38,Instruments & Medical Devices,Manufacturing,MN
50292,IEH CORP,3678,36,Electronic & Electrical Equipment,Manufacturing,NY
1833498,"SPECTRAL AI, INC.",3841,38,Instruments & Medical Devices,Manufacturing,TX
1655923,ALPHA COGNITION INC.,2836,28,Chemicals & Pharmaceuticals,Manufacturing,BC
1903392,CLIMATEROCK,6770,67,Holding & Investment Offices,"Finance, Insurance & Real Estate",
1448597,AUGUSTA GOLD CORP.,1000,10,,Mining,BC
2015955,LIONHEART HOLDINGS,6770,67,Holding & Investment Offices,"Finance, Insurance & Real Estate",FL
1358190,"IT TECH PACKAGING, INC.",2670,26,,Manufacturing,
1830081,RUMBLE INC.,7370,73,Business Services & Software,Services,NY
1708331,"VIRPAX PHARMACEUTICALS, INC.",2834,28,Chemicals & Pharmaceuticals,Manufacturing,PA
1171326,ENTREPRENEUR UNIVERSE BRIGHT GROUP,8742,87,"Engineering, Accounting & Management Services",Services,
824416,QUEST PATENT RESEARCH CORP,5190,51,,Wholesale Trade,NY
1415397,RAPHAEL PHARMACEUTICAL INC.,2833,28,Chemicals & Pharmaceuticals,Manufacturing,NV
1506251,"CITIUS PHARMACEUTICALS, INC.",2834,28,Chemicals & Pharmaceuticals,Manufacturing,NJ
1881741,AROGO CAPITAL ACQUISITION CORP.,7372,73,Business Services & Software,Services,FL
1855467,"MOBIX LABS, INC",3674,36,Electronic & Electrical Equipment,Manufacturing,CA
1690080,180 LIFE SCIENCES CORP.,2834,28,Chemicals & Pharmaceuticals,Manufacturing,CA
879911,"APPLIED ENERGETICS, INC.",3812,38,Instruments & Medical Devices,Manufacturing,AZ
25743,"THERAPEUTICSMD, INC.",2834,28,Chemicals & Pharmaceuticals,Manufacturing,FL
1556266,"BAIYU HOLDINGS, INC.",5050,50,Wholesale — Durable Goods,Wholesale Trade,
1812173,VICARIOUS SURGICAL INC.,3842,38,Instruments & Medical Devices,Manufacturing,MA
1788028,"JASPER THERAPEUTICS, INC.",2836,28,Chemicals & Pharmaceuticals,Manufacturing,CA
2003750,"MAITONG SUNSHINE CULTURAL DEVELOPMENT CO., LTD",4700,47,,"Transportation, Communications & Utilities",
1841425,"VERDE CLEAN FUELS, INC.",2860,28,Chemicals & Pharmaceuticals,Manufacturing,TX
1881551,SOLIDION TECHNOLOGY INC.,3690,36,Electronic & Electrical Equipment,Manufacturing,TX
1835416,MORINGA ACQUISITION CORP,6770,67,Holding & Investment Offices,"Finance, Insurance & Real Estate",NY
1279620,"ZONED PROPERTIES, INC.",6512,65,,"Finance, Insurance & Real Estate",AZ
1903464,AIMFINITY INVESTMENT CORP. I,6770,67,Holding & Investment Offices,"Finance, Insurance & Real Estate",NY
1494891,"SENSUS HEALTHCARE, INC.",3841,38,Instruments & Medical Devices,Manufacturing,FL
1807765,PMV CONSUMER ACQUISITION CORP.,6770,67,Holding & Investment Offices,"Finance, Insurance & Real Estate",FL
1459188,CHARGING ROBOTICS INC.,5013,50,Wholesale — Durable Goods,Wholesale Trade,
1708176,HALL OF FAME RESORT & ENTERTAINMENT CO,7990,79,,Services,OH
1696558,"JERASH HOLDINGS (US), INC.",2300,23,,Manufacturing,NY
811641,IMMUCELL CORP /DE/,2835,28,Chemicals & Pharmaceuticals,Manufacturing,ME
1086303,"HONGCHANG INTERNATIONAL CO., LTD",3845,38,Instruments & Medical Devices,Manufacturing,
2010930,CENTURION ACQUISITION CORP.,6770,67,Holding & Investment Offices,"Finance, Insurance & Real Estate",NY
1885336,"FORMATION MINERALS, INC.",1311,13,Oil & Gas Extraction,Mining,NV
1513525,"ADIAL PHARMACEUTICALS, INC.",2834,28,Chemicals & Pharmaceuticals,Manufacturing,VA
1723980,"CHINA SXT PHARMACEUTICALS, INC.",2834,28,Chemicals & Pharmaceuticals,Manufacturing,
1355839,INTELLIGENT PROTECTION MANAGEMENT CORP.,7370,73,Business Services & Software,Services,NY
1514183,"SILO PHARMA, INC.",2834,28,Chemicals & Pharmaceuticals,Manufacturing,FL
1841330,PASITHEA THERAPEUTICS CORP.,2834,28,Chemicals & Pharmaceuticals,Manufacturing,FL
1895618,GAXOS.AI INC.,7372,73,Business Services & Software,Services,NJ
1801602,"SPRINGBIG HOLDINGS, INC.",7371,73,Business Services & Software,Services,FL
1918661,ESH ACQUISITION CORP.,6770,67,Holding & Investment Offices,"Finance, Insurance & Real Estate",NY
1892292,MAISON SOLUTIONS INC.,5411,54,,Retail Trade,CA
890394,PERASO INC.,3674,36,Electronic & Electrical Equipment,Manufacturing,CA
1918080,ASPEN-1 ACQUISITION INC.,6770,67,Holding & Investment Offices,"Finance, Insurance & Real Estate",FL
1900520,"LOMOND THERAPEUTICS HOLDINGS, INC.",2834,28,Chemicals & Pharmaceuticals,Manufacturing,DE
1918102,SURFSIDE ACQUISITION INC.,6770,67,Holding & Investment Offices,"Finance, Insurance & Real Estate",FL
1937987,"FALCON'S BEYOND GLOBAL, INC.",7990,79,,Services,FL
1074871,"MODULAR MEDICAL, INC.",3841,38,Instruments & Medical Devices,Manufacturing,CA
1560293,"TENON MEDICAL, INC.",3841,38,Instruments & Medical Devices,Manufacturing,CA
1995413,COLOMBIER ACQUISITION CORP. II,6770,67,Holding & Investment Offices,"Finance, Insurance & Real Estate",FL
1843165,LQR HOUSE INC.,2080,20,Food & Kindred Products,Manufacturing,FL
1567529,KAMADA LTD,2834,28,Chemicals & Pharmaceuticals,Manufacturing,
1766140,"UNICYCIVE THERAPEUTICS, INC.",2834,28,Chemicals & Pharmaceuticals,Manufacturing,CA
1611842,POLYPID LTD.,3841,38,Instruments & Medical Devices,Manufacturing,
1840563,PMGC HOLDINGS INC.,2834,28,Chemicals & Pharmaceuticals,Manufacturing,CA
1410098,CORMEDIX INC.,2834,28,Chemicals & Pharmaceuticals,Manufacturing,NJ
1646188,ONDAS HOLDINGS INC.,3663,36,Electronic & Electrical Equipment,Manufacturing,MA
1847064,"PSQ HOLDINGS, INC.",7310,73,Business Services & Software,Services,FL
1901203,IRON HORSE ACQUISITIONS CORP.,2000,20,Food & Kindred Products,Manufacturing,CA
1869105,HELIX ACQUISITION CORP. II,6770,67,Holding & Investment Offices,"Finance, Insurance & Real Estate",MA
1500198,NEUROONE MEDICAL TECHNOLOGIES CORP,3841,38,Instruments & Medical Devices,Manufacturing,MN
721693,SMART POWERR CORP.,7389,73,Business Services & Software,Services,
1946563,"60 DEGREES PHARMACEUTICALS, INC.",2834,28,Chemicals & Pharmaceuticals,Manufacturing,DC
1784058,PONY GROUP INC.,7500,75,,Services,
1834032,CONSTELLATION ACQUISITION CORP I,6770,67,Holding & Investment Offices,"Finance, Insurance & Real Estate",NY
1566826,"LOGICMARK, INC.",3842,38,Instruments & Medical Devices,Manufacturing,KY
1611282,"PISHPOSH, INC.",5960,59,Miscellaneous Retail,Retail Trade,NJ
1938571,UNITE ACQUISITION 1 CORP.,6770,67,Holding & Investment Offices,"Finance, Insurance & Real Estate",NY
1938570,UNITE ACQUISITION 2 CORP.,6770,67,Holding & Investment Offices,"Finance, Insurance & Real Estate",NY
1938569,UNITE ACQUISITION 3 CORP.,6770,67,Holding & Investment Offices,"Finance, Insurance & Real Estate",NY
65596,SIEBERT FINANCIAL CORP,6211,62,,"Finance, Insurance & Real Estate",NY
1261379,FRONTIER FUNDS,6221,62,,"Finance, Insurance & Real Estate",CO
1701963,VERSUS SYSTEMS INC.,7374,73,Business Services & Software,Services,BC
1117057,PLANET GREEN HOLDINGS CORP.,2030,20,Food & Kindred Products,Manufacturing,NY
1419793,"ORIGINCLEAR, INC.",3559,35,Industrial Machinery & Computer Equipment,Manufacturing,FL
1533030,"CRYOMASS TECHNOLOGIES, INC.",3420,34,,Manufacturing,CO
1914023,ACRI CAPITAL ACQUISITION CORP,6770,67,Holding & Investment Offices,"Finance, Insurance & Real Estate",TX
1706509,COSMOS GROUP HOLDINGS INC.,6199,61,,"Finance, Insurance & Real Estate",
1680139,HEALTHLYNKED CORP,8011,80,Health Services,Services,FL
2000410,EUREKA ACQUISITION CORP,6770,67,Holding & Investment Offices,"Finance, Insurance & Real Estate",
1796514,BTC DIGITAL LTD.,6199,61,,"Finance, Insurance & Real Estate",
1912461,SK GROWTH OPPORTUNITIES CORP,6770,67,Holding & Investment Offices,"Finance, Insurance & Real Estate",NY
839087,VASO CORP,3845,38,Instruments & Medical Devices,Manufacturing,NY
1959023,SAFE & GREEN DEVELOPMENT CORP,6500,65,,"Finance, Insurance & Real Estate",FL
1880431,VOCODIA HOLDINGS CORP,7371,73,Business Services & Software,Services,FL
1873441,BLOCKCHAIN COINVESTORS ACQUISITION CORP. I,6770,67,Holding & Investment Offices,"Finance, Insurance & Real Estate",
1733413,"TFF PHARMACEUTICALS, INC.",2834,28,Chemicals & Pharmaceuticals,Manufacturing,TX
1817232,GLOBAL GAS CORP,2810,28,Chemicals & Pharmaceuticals,Manufacturing,NY
1858007,GOLDENSTONE ACQUISITION LTD.,3620,36,Electronic & Electrical Equipment,Manufacturing,NY
1591913,"INNOVATIVE PAYMENT SOLUTIONS, INC.",5961,59,Miscellaneous Retail,Retail Trade,CA
1871321,ALPHA TAU MEDICAL LTD.,3841,38,Instruments & Medical Devices,Manufacturing,
1009891,AIR INDUSTRIES GROUP,3728,37,Transportation Equipment,Manufacturing,NY
1834526,GP-ACT III ACQUISITION CORP.,6770,67,Holding & Investment Offices,"Finance, Insurance & Real Estate",NY
1880343,"AMAZE HOLDINGS, INC.",5812,58,Eating & Drinking Places,Retail Trade,CA
1739174,BIOMX INC.,2836,28,Chemicals & Pharmaceuticals,Manufacturing,
1106644,"CHINA PHARMA HOLDINGS, INC.",2834,28,Chemicals & Pharmaceuticals,Manufacturing,
1975931,BLOOM HOLDCO LLC,6199,61,,"Finance, Insurance & Real Estate",FL
1721484,LONGEVERON INC.,2834,28,Chemicals & Pharmaceuticals,Manufacturing,FL
1735041,GREENLAND TECHNOLOGIES HOLDING CORP.,3560,35,Industrial Machinery & Computer Equipment,Manufacturing,NJ
1176309,ORAMED PHARMACEUTICALS INC.,2834,28,Chemicals & Pharmaceuticals,Manufacturing,NY
1734750,MOVANO INC.,3845,38,Instruments & Medical Devices,Manufacturing,CA
1755953,"GRYPHON DIGITAL MINING, INC.",6199,61,,"Finance, Insurance & Real Estate",NV
1769624,TRILLER GROUP INC.,6282,62,,"Finance, Insurance & Real Estate",CA
1970622,"USA RARE EARTH, INC.",1000,10,,Mining,OK
1934945,TRAILBLAZER MERGER CORP I,6770,67,Holding & Investment Offices,"Finance, Insurance & Real Estate",NY
1837929,NEW PROVIDENCE ACQUISITION CORP. II,6770,67,Holding & Investment Offices,"Finance, Insurance & Real Estate",TX
1793497,VS TRUST,6221,62,,"Finance, Insurance & Real Estate",FL
1838162,SLAM CORP.,4899,48,Communications,"Transportation, Communications & Utilities",NY
1920406,ASSET ENTITIES INC.,7372,73,Business Services & Software,Services,TX
1036848,MEGA MATRIX CORP.,6199,61,,"Finance, Insurance & Real Estate",CA
1839519,CF ACQUISITION CORP. VII,6770,67,Holding & Investment Offices,"Finance, Insurance & Real Estate",NY
1282980,"DROR ORTHO-DESIGN, INC.",3843,38,Instruments & Medical Devices,Manufacturing,PA
1648960,"DATCHAT, INC.",4822,48,Communications,"Transportation, Communications & Utilities",NJ
1820175,OCA ACQUISITION CORP.,6770,67,Holding & Investment Offices,"Finance, Insurance & Real Estate",NY
1870404,"CERO THERAPEUTICS HOLDINGS, INC.",2836,28,Chemicals & Pharmaceuticals,Manufacturing,CA
1866226,WELSBACH TECHNOLOGY METALS ACQUISITION CORP.,3690,36,Electronic & Electrical Equipment,Manufacturing,IL
1795091,OS THERAPIES INC,2834,28,Chemicals & Pharmaceuticals,Manufacturing,MD
1760026,REGENERATIVE MEDICAL TECHNOLOGY GROUP INC.,5990,59,Miscellaneous Retail,Retail Trade,FL
1800637,AGRIFY CORP,700,07,,"Agriculture, Forestry & Fishing",MI
1842937,HENNESSY CAPITAL INVESTMENT CORP. VI,6770,67,Holding & Investment Offices,"Finance, Insurance & Real Estate",NV
1023994,SAFE & GREEN HOLDINGS CORP.,5030,50,Wholesale — Durable Goods,Wholesale Trade,NY
1849548,ONYX ACQUISITION CO. I,6770,67,Holding & Investment Offices,"Finance, Insurance & Real Estate",NY
1711012,SENMIAO TECHNOLOGY LTD,7510,75,,Services,
1704287,"BLUEJAY DIAGNOSTICS, INC.",3841,38,Instruments & Medical Devices,Manufacturing,MA
1849737,PATRIA LATIN AMERICAN OPPORTUNITY ACQUISITION CORP.,6770,67,Holding & Investment Offices,"Finance, Insurance & Real Estate",NY
1621906,WESTERN URANIUM & VANADIUM CORP.,1090,10,,Mining,ON
1998768,"PROFICIENT AUTO LOGISTICS, INC",4700,47,,"Transportation, Communications & Utilities",FL
1314196,"OLB GROUP, INC.",7389,73,Business Services & Software,Services,NY
1605888,ATLANTIC INTERNATIONAL CORP.,7363,73,Business Services & Software,Services,NJ
1141284,ACTELIS NETWORKS INC,3669,36,Electronic & Electrical Equipment,Manufacturing,CA
1859199,REALPHA TECH CORP.,6500,65,,"Finance, Insurance & Real Estate",OH
1963685,RICHTECH ROBOTICS INC.,3569,35,Industrial Machinery & Computer Equipment,Manufacturing,NV
1946399,"LAKESHORE BIOPHARMA CO., LTD.",2834,28,Chemicals & Pharmaceuticals,Manufacturing,
1450123,JBS S.A.,2011,20,Food & Kindred Products,Manufacturing,
1837493,INSPIRA TECHNOLOGIES OXY B.H.N. LTD,3841,38,Instruments & Medical Devices,Manufacturing,
1854587,CELLEBRITE DI LTD.,7372,73,Business Services & Software,Services,
1879403,LA ROSA HOLDINGS CORP.,6531,65,,"Finance, Insurance & Real Estate",FL
1930021,NEW HORIZON AIRCRAFT LTD.,3721,37,Transportation Equipment,Manufacturing,ON
1448431,OPTIMIZERX CORP,7389,73,Business Services & Software,Services,MA
1905660,HUB CYBER SECURITY LTD.,3576,35,Industrial Machinery & Computer Equipment,Manufacturing,
1975940,"FLY-E GROUP, INC.",3711,37,Transportation Equipment,Manufacturing,NY
1930313,SBC MEDICAL GROUP HOLDINGS INC,8011,80,Health Services,Services,CA
1958217,LIFEZONE METALS LTD,1000,10,,Mining,
1930510,VCI GLOBAL LTD,8744,87,"Engineering, Accounting & Management Services",Services,
1981462,LEDDARTECH HOLDINGS INC.,7372,73,Business Services & Software,Services,
1817640,BREEZE HOLDINGS ACQUISITION CORP.,6770,67,Holding & Investment Offices,"Finance, Insurance & Real Estate",TX
1599407,1847 HOLDINGS LLC,8742,87,"Engineering, Accounting & Management Services",Services,NY
1817511,SOCIETY PASS INCORPORATED.,7389,73,Business Services & Software,Services,CA
1376231,"VPR BRANDS, LP.",7372,73,Business Services & Software,Services,
1839285,"HEALTHCARE TRIANGLE, INC.",7373,73,Business Services & Software,Services,CA
1922858,"ECD AUTOMOTIVE DESIGN, INC.",3711,37,Transportation Equipment,Manufacturing,MA
1865506,ZEO ENERGY CORP.,3690,36,Electronic & Electrical Equipment,Manufacturing,TX
1393781,QUALITY INDUSTRIAL CORP.,3590,35,Industrial Machinery & Computer Equipment,Manufacturing,CA
1726711,"ADITXT, INC.",2834,28,Chemicals & Pharmaceuticals,Manufacturing,VA
1801417,BYNORDIC ACQUISITION CORP,6770,67,Holding & Investment Offices,"Finance, Insurance & Real Estate",
1421636,"C-BOND SYSTEMS, INC",6799,67,Holding & Investment Offices,"Finance, Insurance & Real Estate",TX
1066923,FUTURE FINTECH GROUP INC.,7389,73,Business Services & Software,Services,NY
1831006,BLUERIVER ACQUISITION CORP.,3841,38,Instruments & Medical Devices,Manufacturing,TX
1826660,WETOUCH TECHNOLOGY INC.,3577,35,Industrial Machinery & Computer Equipment,Manufacturing,
1856961,BLUE OCEAN ACQUISITION CORP,6770,67,Holding & Investment Offices,"Finance, Insurance & Real Estate",MD
1898474,"SIGNING DAY SPORTS, INC.",7374,73,Business Services & Software,Services,AZ
1218683,MAWSON INFRASTRUCTURE GROUP INC.,6199,61,,"Finance, Insurance & Real Estate",PA
1704795,"BANTEC, INC.",3721,37,Transportation Equipment,Manufacturing,NJ
1630212,AVALON GLOBOCARE CORP.,2836,28,Chemicals & Pharmaceuticals,Manufacturing,NJ
1708341,ALLIED GAMING & ENTERTAINMENT INC.,7900,79,,Services,NY
1907223,"KLOTHO NEUROSCIENCES, INC.",2836,28,Chemicals & Pharmaceuticals,Manufacturing,NY
1058811,IMMERSION CORP,3577,35,Industrial Machinery & Computer Equipment,Manufacturing,FL
1913577,DENALI CAPITAL ACQUISITION CORP.,2834,28,Chemicals & Pharmaceuticals,Manufacturing,NY
1412126,REMSLEEP HOLDINGS INC.,7200,72,,Services,FL
1844149,SPECTAIRE HOLDINGS INC.,3829,38,Instruments & Medical Devices,Manufacturing,MN
1981662,NEWGENIVF GROUP LTD,8090,80,Health Services,Services,
1894951,GLOBAL BLOCKCHAIN ACQUISITION CORP.,6770,67,Holding & Investment Offices,"Finance, Insurance & Real Estate",FL
1631487,COLLPLANT BIOTECHNOLOGIES LTD,3842,38,Instruments & Medical Devices,Manufacturing,
1584371,ICECURE MEDICAL LTD.,3841,38,Instruments & Medical Devices,Manufacturing,
1985273,"TOYO CO., LTD",3990,39,,Manufacturing,
2015502,LAUNCH ONE ACQUISITION CORP.,6770,67,Holding & Investment Offices,"Finance, Insurance & Real Estate",CA
1769256,XCHANGE TEC.INC,6411,64,,"Finance, Insurance & Real Estate",
1530163,"SAMSARA LUGGAGE, INC.",5990,59,Miscellaneous Retail,Retail Trade,NJ
1073748,YUMMIES INC,6770,67,Holding & Investment Offices,"Finance, Insurance & Real Estate",UT
1723059,BIO ESSENCE CORP,2834,28,Chemicals & Pharmaceuticals,Manufacturing,CA
1784970,NEXT TECHNOLOGY HOLDING INC.,7374,73,Business Services & Software,Services,
1679379,"NYIAX, INC.",7374,73,Business Services & Software,Services,NY
1962845,"PIXIE DUST TECHNOLOGIES, INC.",3845,38,Instruments & Medical Devices,Manufacturing,
1855474,AIRJOULE TECHNOLOGIES CORP.,3585,35,Industrial Machinery & Computer Equipment,Manufacturing,MT
1413891,"HIGH WIRE NETWORKS, INC.",4813,48,Communications,"Transportation, Communications & Utilities",IL
1852440,JIANZHI EDUCATION TECHNOLOGY GROUP CO LTD,8200,82,,Services,
1964664,ORIENTAL RISE HOLDINGS LTD,100,01,,"Agriculture, Forestry & Fishing",
2014982,SIM ACQUISITION CORP. I,6770,67,Holding & Investment Offices,"Finance, Insurance & Real Estate",FL
1803407,"OSTIN TECHNOLOGY GROUP CO., LTD.",3679,36,Electronic & Electrical Equipment,Manufacturing,
1725332,ALARUM TECHNOLOGIES LTD.,7372,73,Business Services & Software,Services,
1496383,ILUSTRATO PICTURES INTERNATIONAL INC.,3711,37,Transportation Equipment,Manufacturing,NY
1944399,"EARLYWORKS CO., LTD.",7371,73,Business Services & Software,Services,
1794338,INTERNATIONAL GENERAL INSURANCE HOLDINGS LTD.,6399,63,Insurance Carriers,"Finance, Insurance & Real Estate",
1872964,MARIS TECH LTD.,3669,36,Electronic & Electrical Equipment,Manufacturing,
1885461,SHOULDERUP TECHNOLOGY ACQUISITION CORP.,6770,67,Holding & Investment Offices,"Finance, Insurance & Real Estate",GA
1894693,SAVERONE 2014 LTD.,7371,73,Business Services & Software,Services,
1992508,21SHARES CORE ETHEREUM ETF,6221,62,,"Finance, Insurance & Real Estate",NY
1536394,"U.S. LIGHTING GROUP, INC.",3640,36,Electronic & Electrical Equipment,Manufacturing,OH
1782107,"ONCONETIX, INC.",2834,28,Chemicals & Pharmaceuticals,Manufacturing,OH
1753673,SCIENJOY HOLDING CORP,7374,73,Business Services & Software,Services,
1536196,CAN-FITE BIOPHARMA LTD.,2834,28,Chemicals & Pharmaceuticals,Manufacturing,
1932770,QUANTASING GROUP LTD,8200,82,,Services,
1846715,ECO WAVE POWER GLOBAL AB (PUBL),4911,49,"Electric, Gas & Sanitary Services","Transportation, Communications & Utilities",
1722380,META DATA LTD,8200,82,,Services,
1743905,RAIL VISION LTD.,3743,37,Transportation Equipment,Manufacturing,
1901215,BRENMILLER ENERGY LTD.,3433,34,,Manufacturing,
2022416,SILEXION THERAPEUTICS CORP,2836,28,Chemicals & Pharmaceuticals,Manufacturing,
1870143,PERCEPTION CAPITAL CORP. IV,1040,10,,Mining,MN
1828098,STEAKHOLDER FOODS LTD.,2000,20,Food & Kindred Products,Manufacturing,
1596812,ENLIVEX THERAPEUTICS LTD.,2834,28,Chemicals & Pharmaceuticals,Manufacturing,
1916241,PARAZERO TECHNOLOGIES LTD.,3728,37,Transportation Equipment,Manufacturing,
1742341,HITEK GLOBAL INC.,7372,73,Business Services & Software,Services,
1912582,"THUNDER POWER HOLDINGS, INC.",3711,37,Transportation Equipment,Manufacturing,DE
1863218,SHENGFENG DEVELOPMENT LTD,4210,42,,"Transportation, Communications & Utilities",
1597892,JRSIS HEALTH CARE CORP,8060,80,Health Services,Services,
1888014,AKANDA CORP.,2833,28,Chemicals & Pharmaceuticals,Manufacturing,
1590496,AERKOMM INC.,4899,48,Communications,"Transportation, Communications & Utilities",CA
1546652,VANECK MERK GOLD ETF,6221,62,,"Finance, Insurance & Real Estate",NY
1676163,"SS INNOVATIONS INTERNATIONAL, INC.",3841,38,Instruments & Medical Devices,Manufacturing,FL
1898643,MOBILICOM LTD,3721,37,Transportation Equipment,Manufacturing,
1611747,SCINAI IMMUNOTHERAPEUTICS LTD.,2836,28,Chemicals & Pharmaceuticals,Manufacturing,
1816172,"JIUZI HOLDINGS, INC.",5500,55,,Retail Trade,
1928948,HIGH-TREND INTERNATIONAL GROUP,4412,44,,"Transportation, Communications & Utilities",
1806904,EZGO TECHNOLOGIES LTD.,3751,37,Transportation Equipment,Manufacturing,
1840317,VEEA INC.,7373,73,Business Services & Software,Services,NY
1848756,PYROPHYTE ACQUISITION CORP.,6770,67,Holding & Investment Offices,"Finance, Insurance & Real Estate",TX
2016072,M3-BRIGADE ACQUISITION V CORP.,6770,67,Holding & Investment Offices,"Finance, Insurance & Real Estate",NY
1758009,QUANTUM COMPUTING INC.,7372,73,Business Services & Software,Services,NJ
743758,"AIADVERTISING, INC.",5900,59,Miscellaneous Retail,Retail Trade,TX
2012964,AA MISSION ACQUISITION CORP.,6770,67,Holding & Investment Offices,"Finance, Insurance & Real Estate",TX
1936804,SUNCAR TECHNOLOGY GROUP INC.,7500,75,,Services,
1750593,FANGDD NETWORK GROUP LTD.,6500,65,,"Finance, Insurance & Real Estate",
1892500,CLEARMIND MEDICINE INC.,2834,28,Chemicals & Pharmaceuticals,Manufacturing,
1854368,DIGI POWER X INC.,6199,61,,"Finance, Insurance & Real Estate",ON
1946703,WEBUY GLOBAL LTD,5900,59,Miscellaneous Retail,Retail Trade,
2021042,EQV VENTURES ACQUISITION CORP.,6770,67,Holding & Investment Offices,"Finance, Insurance & Real Estate",UT
1158780,PLURI INC.,2836,28,Chemicals & Pharmaceuticals,Manufacturing,
1855557,HONGLI GROUP INC.,3569,35,Industrial Machinery & Computer Equipment,Manufacturing,
1956741,"CLEANCORE SOLUTIONS, INC.",2842,28,Chemicals & Pharmaceuticals,Manufacturing,NE
1618500,XYLO TECHNOLOGIES LTD,7374,73,Business Services & Software,Services,
1809616,UNIVERSE PHARMACEUTICALS INC,2834,28,Chemicals & Pharmaceuticals,Manufacturing,
1851860,"SMART FOR LIFE, INC.",2833,28,Chemicals & Pharmaceuticals,Manufacturing,FL
1835615,"MEIHUA INTERNATIONAL MEDICAL TECHNOLOGIES CO., LTD.",3841,38,Instruments & Medical Devices,Manufacturing,
1887673,WEARABLE DEVICES LTD.,3576,35,Industrial Machinery & Computer Equipment,Manufacturing,
1938186,JAYUD GLOBAL LOGISTICS LTD,4731,47,,"Transportation, Communications & Utilities",
1674227,SCWORX CORP.,7990,79,,Services,NY
1838293,CATCHA INVESTMENT CORP,6770,67,Holding & Investment Offices,"Finance, Insurance & Real Estate",
1921158,BITFUFU INC.,6199,61,,"Finance, Insurance & Real Estate",
1601936,ALTAMIRA THERAPEUTICS LTD.,2834,28,Chemicals & Pharmaceuticals,Manufacturing,
1346610,SOS LTD,6199,61,,"Finance, Insurance & Real Estate",
1978057,TOP WEALTH GROUP HOLDING LTD,2090,20,Food & Kindred Products,Manufacturing,
1876766,LICHEN CHINA LTD,8742,87,"Engineering, Accounting & Management Services",Services,
1804469,"GUARDFORCE AI CO., LTD.",7381,73,Business Services & Software,Services,
1972529,ARMLOGI HOLDING CORP.,4220,42,,"Transportation, Communications & Utilities",CA
1860484,RELATIVITY ACQUISITION CORP,6770,67,Holding & Investment Offices,"Finance, Insurance & Real Estate",NV
1821424,UCOMMUNE INTERNATIONAL LTD,7389,73,Business Services & Software,Services,
1131343,ALTERITY THERAPEUTICS LTD,2834,28,Chemicals & Pharmaceuticals,Manufacturing,
1631282,DATASEA INC.,7372,73,Business Services & Software,Services,
1611746,SCISPARC LTD.,5500,55,,Retail Trade,
1882198,ATHENA TECHNOLOGY ACQUISITION CORP. II,6770,67,Holding & Investment Offices,"Finance, Insurance & Real Estate",NY
1844417,"ESTRELLA IMMUNOPHARMA, INC.",2836,28,Chemicals & Pharmaceuticals,Manufacturing,CA
1948455,ISPIRE TECHNOLOGY INC.,2111,21,,Manufacturing,CA
1610940,AMPLIFY COMMODITY TRUST,6221,62,,"Finance, Insurance & Real Estate",NJ
1828805,"AELUMA, INC.",3674,36,Electronic & Electrical Equipment,Manufacturing,CA
1825349,CHANSON INTERNATIONAL HOLDING,2000,20,Food & Kindred Products,Manufacturing,
2019804,HCM II ACQUISITION CORP.,6770,67,Holding & Investment Offices,"Finance, Insurance & Real Estate",CT
2025396,VINE HILL CAPITAL INVESTMENT CORP.,6770,67,Holding & Investment Offices,"Finance, Insurance & Real Estate",FL
1728328,INMED PHARMACEUTICALS INC.,2834,28,Chemicals & Pharmaceuticals,Manufacturing,BC
1191070,NEUPHORIA THERAPEUTICS INC.,2834,28,Chemicals & Pharmaceuticals,Manufacturing,MA
1872302,NANO LABS LTD,3674,36,Electronic & Electrical Equipment,Manufacturing,
1005516,BOS BETTER ONLINE SOLUTIONS LTD,3576,35,Industrial Machinery & Computer Equipment,Manufacturing,
1643303,NANO DIMENSION LTD.,3672,36,Electronic & Electrical Equipment,Manufacturing,
1938865,TOP KINGWIN LTD,7389,73,Business Services & Software,Services,
1852767,"MARTI TECHNOLOGIES, INC.",7510,75,,Services,
790652,IMAGING DIAGNOSTIC SYSTEMS INC /FL/,3845,38,Instruments & Medical Devices,Manufacturing,FL
1996192,LAKESIDE HOLDING LTD,4731,47,,"Transportation, Communications & Utilities",IL
1481028,"SUNHYDROGEN, INC.",3674,36,Electronic & Electrical Equipment,Manufacturing,IA
946394,ELLOMAY CAPITAL LTD.,4911,49,"Electric, Gas & Sanitary Services","Transportation, Communications & Utilities",
1875091,NEUROSENSE THERAPEUTICS LTD.,2834,28,Chemicals & Pharmaceuticals,Manufacturing,
1807166,AMESITE INC.,7372,73,Business Services & Software,Services,MI
1885408,JEFFS' BRANDS LTD,5900,59,Miscellaneous Retail,Retail Trade,
65759,MICROPAC INDUSTRIES INC,3674,36,Electronic & Electrical Equipment,Manufacturing,TX
1437491,"RISKON INTERNATIONAL, INC.",7374,73,Business Services & Software,Services,NV
1417664,"VALUE EXCHANGE INTERNATIONAL, INC.",7380,73,Business Services & Software,Services,
1677077,"ALZAMEND NEURO, INC.",2834,28,Chemicals & Pharmaceuticals,Manufacturing,GA
825324,GOOD TIMES RESTAURANTS INC.,5812,58,Eating & Drinking Places,Retail Trade,CO
880631,"WISDOMTREE, INC.",6211,62,,"Finance, Insurance & Real Estate",NY
1457919,RIDGEWOOD ENERGY A-1 FUND LLC,1382,13,Oil & Gas Extraction,Mining,TX
1315061,RIDGEWOOD ENERGY O FUND LLC,1382,13,Oil & Gas Extraction,Mining,TX
1338474,RIDGEWOOD ENERGY Q FUND LLC,1382,13,Oil & Gas Extraction,Mining,TX
1352190,RIDGEWOOD ENERGY S FUND LLC,1382,13,Oil & Gas Extraction,Mining,TX
1364397,RIDGEWOOD ENERGY T FUND LLC,1382,13,Oil & Gas Extraction,Mining,TX
1377178,RIDGEWOOD ENERGY U FUND LLC,1382,13,Oil & Gas Extraction,Mining,TX
1385662,RIDGEWOOD ENERGY V FUND LLC,1382,13,Oil & Gas Extraction,Mining,TX
1409947,RIDGEWOOD ENERGY W FUND LLC,1382,13,Oil & Gas Extraction,Mining,TX
1455741,"RIDGEWOOD ENERGY X FUND, LLC",1382,13,Oil & Gas Extraction,Mining,TX
1434070,RIDGEWOOD ENERGY Y FUND LLC,1382,13,Oil & Gas Extraction,Mining,TX
1722969,"NXU, INC.",3713,37,Transportation Equipment,Manufacturing,AZ
1141964,PUBLIC CO MANAGEMENT CORP,6770,67,Holding & Investment Offices,"Finance, Insurance & Real Estate",CA
1279715,"WRIGHT INVESTORS SERVICE HOLDINGS, INC.",6282,62,,"Finance, Insurance & Real Estate",NY
1349706,"TURNONGREEN, INC.",3620,36,Electronic & Electrical Equipment,Manufacturing,CA
1104038,"VERIFYME, INC.",7373,73,Business Services & Software,Services,FL
105744,"NEW CONCEPT ENERGY, INC.",1311,13,Oil & Gas Extraction,Mining,TX
1081834,KUBER RESOURCES CORP,4832,48,Communications,"Transportation, Communications & Utilities",
1594204,ZHEN DING RESOURCES INC.,1000,10,,Mining,QC
1437283,"REGO PAYMENT ARCHITECTURES, INC.",7372,73,Business Services & Software,Services,PA
1850391,WISDOMTREE BITCOIN FUND,6221,62,,"Finance, Insurance & Real Estate",NY
1695963,KORTH DIRECT MORTGAGE INC.,6162,61,,"Finance, Insurance & Real Estate",FL
1864032,AULT DISRUPTIVE TECHNOLOGIES CORP,6770,67,Holding & Investment Offices,"Finance, Insurance & Real Estate",NV
896493,"HYPERSCALE DATA, INC.",3679,36,Electronic & Electrical Equipment,Manufacturing,NV
934796,NETWORK CN INC,7310,73,Business Services & Software,Services,
1643918,BIODEXA PHARMACEUTICALS PLC,2834,28,Chemicals & Pharmaceuticals,Manufacturing,
1214816,AXIS CAPITAL HOLDINGS LTD,6331,63,Insurance Carriers,"Finance, Insurance & Real Estate",
1217234,"CAREDX, INC.",8071,80,Health Services,Services,CA
1219601,"CROWN HOLDINGS, INC.",3411,34,,Manufacturing,FL
1220754,MODIVCARE INC,4700,47,,"Transportation, Communications & Utilities",CO
1224608,"CNO FINANCIAL GROUP, INC.",6321,63,Insurance Carriers,"Finance, Insurance & Real Estate",IN
1228454,BCB BANCORP INC,6035,60,Depository Institutions,"Finance, Insurance & Real Estate",NJ
1230245,PIPER SANDLER COMPANIES,6211,62,,"Finance, Insurance & Real Estate",MN
1232524,JAZZ PHARMACEUTICALS PLC,2834,28,Chemicals & Pharmaceuticals,Manufacturing,
1232582,ASHFORD HOSPITALITY TRUST INC,6798,67,Holding & Investment Offices,"Finance, Insurance & Real Estate",TX
1234006,GLADSTONE COMMERCIAL CORP,6519,65,,"Finance, Insurance & Real Estate",VA
1243429,ARCELORMITTAL,3312,33,,Manufacturing,
1254699,QVC INC,5961,59,Miscellaneous Retail,Retail Trade,
1258602,NELNET INC,6141,61,,"Finance, Insurance & Real Estate",NE
1260221,TRANSDIGM GROUP INC,3728,37,Transportation Equipment,Manufacturing,OH
1261333,"DOCUSIGN, INC.",7372,73,Business Services & Software,Services,CA
1261654,UNIVERSAL TECHNICAL INSTITUTE INC,8200,82,,Services,AZ
1262039,"FORTINET, INC.",3577,35,Industrial Machinery & Computer Equipment,Manufacturing,CA
1494413,TWO HANDS CORP,7389,73,Business Services & Software,Services,ON
1342916,"HNO INTERNATIONAL, INC.",1000,10,,Mining,CA
1262823,WESTLAKE CORP,2860,28,Chemicals & Pharmaceuticals,Manufacturing,TX
1262976,CIMPRESS PLC,2750,27,,Manufacturing,
1961,WORLDS INC,7372,73,Business Services & Software,Services,MA
1267238,"ASSURANT, INC.",6399,63,Insurance Carriers,"Finance, Insurance & Real Estate",GA
1271833,CCO HOLDINGS LLC,4841,48,Communications,"Transportation, Communications & Utilities",CT
1273441,GRAN TIERRA ENERGY INC.,1311,13,Oil & Gas Extraction,Mining,AB
1273685,"NEW YORK MORTGAGE TRUST, INC.",6798,67,Holding & Investment Offices,"Finance, Insurance & Real Estate",NY
1273813,ASSURED GUARANTY LTD,6351,63,Insurance Carriers,"Finance, Insurance & Real Estate",
1274494,"FIRST SOLAR, INC.",3674,36,Electronic & Electrical Equipment,Manufacturing,AZ
1274737,EXAGEN INC.,8071,80,Health Services,Services,CA
1275158,NOODLES & CO,5812,58,Eating & Drinking Places,Retail Trade,CO
1275168,FIVE STAR BANCORP,6022,60,Depository Institutions,"Finance, Insurance & Real Estate",CA
1276187,ENERGY TRANSFER LP,4922,49,"Electric, Gas & Sanitary Services","Transportation, Communications & Utilities",TX
1277902,MVB FINANCIAL CORP,6022,60,Depository Institutions,"Finance, Insurance & Real Estate",WV
1280058,BLACKBAUD INC,7372,73,Business Services & Software,Services,SC
1280776,"IMMUNIC, INC.",2834,28,Chemicals & Pharmaceuticals,Manufacturing,
1281761,REGIONS FINANCIAL CORP,6021,60,Depository Institutions,"Finance, Insurance & Real Estate",AL
1282637,NEWMARKET CORP,2860,28,Chemicals & Pharmaceuticals,Manufacturing,VA
1283699,"T-MOBILE US, INC.",4812,48,Communications,"Transportation, Communications & Utilities",WA
1284812,"COHEN & STEERS, INC.",6282,62,,"Finance, Insurance & Real Estate",NY
1285550,"CLEARPOINT NEURO, INC.",3841,38,Instruments & Medical Devices,Manufacturing,CA
1286043,KITE REALTY GROUP TRUST,6798,67,Holding & Investment Offices,"Finance, Insurance & Real Estate",IN
1286139,"LEGALZOOM.COM, INC.",7374,73,Business Services & Software,Services,CA
1288469,"MAXLINEAR, INC",3674,36,Electronic & Electrical Equipment,Manufacturing,CA
1288847,"FIVE9, INC.",7374,73,Business Services & Software,Services,CA
1289308,ENERSYS,3690,36,Electronic & Electrical Equipment,Manufacturing,PA
1289419,"MORNINGSTAR, INC.",6282,62,,"Finance, Insurance & Real Estate",IL
1289636,PROFIRE ENERGY INC,3533,35,Industrial Machinery & Computer Equipment,Manufacturing,UT
1289848,HURON CONSULTING GROUP INC.,8742,87,"Engineering, Accounting & Management Services",Services,IL
1289877,SFL CORP LTD.,4412,44,,"Transportation, Communications & Utilities",
1289945,"SPOK HOLDINGS, INC",4812,48,Communications,"Transportation, Communications & Utilities",TX
1119639,PETROBRAS - PETROLEO BRASILEIRO SA,1311,13,Oil & Gas Extraction,Mining,
917851,VALE S.A.,1000,10,,Mining,
1293971,"BLUEBIRD BIO, INC.",2836,28,Chemicals & Pharmaceuticals,Manufacturing,MA
1295947,PRESTIGE CONSUMER HEALTHCARE INC.,2834,28,Chemicals & Pharmaceuticals,Manufacturing,NY
1297184,"AMPHASTAR PHARMACEUTICALS, INC.",2834,28,Chemicals & Pharmaceuticals,Manufacturing,CA
1297989,"EXLSERVICE HOLDINGS, INC.",7389,73,Business Services & Software,Services,
1298675,CUBESMART,6798,67,Holding & Investment Offices,"Finance, Insurance & Real Estate",PA
1298946,DIAMONDROCK HOSPITALITY CO,6798,67,Holding & Investment Offices,"Finance, Insurance & Real Estate",MD
1299130,"PACIFIC BIOSCIENCES OF CALIFORNIA, INC.",3826,38,Instruments & Medical Devices,Manufacturing,CA
1299709,"AXOS FINANCIAL, INC.",6035,60,Depository Institutions,"Finance, Insurance & Real Estate",NV
1299969,"COMSTOCK HOLDING COMPANIES, INC.",6500,65,,"Finance, Insurance & Real Estate",VA
1300514,LAS VEGAS SANDS CORP,7011,70,,Services,NV
1301787,BLUELINX HOLDINGS INC.,5031,50,Wholesale — Durable Goods,Wholesale Trade,GA
1302215,"HOULIHAN LOKEY, INC.",6282,62,,"Finance, Insurance & Real Estate",CA
1303523,BRITISH AMERICAN TOBACCO P.L.C.,2111,21,,Manufacturing,
1304280,NOVELIS INC.,3350,33,,Manufacturing,GA
1304492,ANTERIX INC.,4813,48,Communications,"Transportation, Communications & Utilities",NJ
1305168,"ARC DOCUMENT SOLUTIONS, INC.",7330,73,Business Services & Software,Services,CA
1306830,CELANESE CORP,2820,28,Chemicals & Pharmaceuticals,Manufacturing,TX
1306965,SHELL PLC,1311,13,Oil & Gas Extraction,Mining,
1307748,INVENTRUST PROPERTIES CORP.,6798,67,Holding & Investment Offices,"Finance, Insurance & Real Estate",IL
1309108,WEX INC.,7389,73,Business Services & Software,Services,ME
1309402,GREEN PLAINS INC.,2860,28,Chemicals & Pharmaceuticals,Manufacturing,NE
1314152,"JLL INCOME PROPERTY TRUST, INC.",6798,67,Holding & Investment Offices,"Finance, Insurance & Real Estate",IL
1314727,SONOS INC,3651,36,Electronic & Electrical Equipment,Manufacturing,CA
1315098,ROBLOX CORP,7372,73,Business Services & Software,Services,CA
1315399,"PARKE BANCORP, INC.",6022,60,Depository Institutions,"Finance, Insurance & Real Estate",NJ
1316944,FEDERAL HOME LOAN BANK OF SAN FRANCISCO,6111,61,,"Finance, Insurance & Real Estate",CA
1317630,ITC HOLDINGS CORP.,4911,49,"Electric, Gas & Sanitary Services","Transportation, Communications & Utilities",MI
1318568,EVERI HOLDINGS INC.,7990,79,,Services,NV
1319161,WARNER MUSIC GROUP CORP.,7900,79,,Services,NY
1319947,DESIGNER BRANDS INC.,5661,56,,Retail Trade,OH
1320461,COOPER-STANDARD HOLDINGS INC.,3714,37,Transportation Equipment,Manufacturing,MI
1320695,"TREEHOUSE FOODS, INC.",2030,20,Food & Kindred Products,Manufacturing,IL
1321655,PALANTIR TECHNOLOGIES INC.,7372,73,Business Services & Software,Services,CO
1321732,PENUMBRA INC,3841,38,Instruments & Medical Devices,Manufacturing,CA
1323885,"ATRICURE, INC.",3841,38,Instruments & Medical Devices,Manufacturing,OH
1324404,"CF INDUSTRIES HOLDINGS, INC.",2870,28,Chemicals & Pharmaceuticals,Manufacturing,IL
1324424,"EXPEDIA GROUP, INC.",4700,47,,"Transportation, Communications & Utilities",WA
1325814,FEDERAL HOME LOAN BANK OF DES MOINES,6111,61,,"Finance, Insurance & Real Estate",IA
1325878,FEDERAL HOME LOAN BANK OF TOPEKA,6111,61,,"Finance, Insurance & Real Estate",KS
1326110,"IMMUNITYBIO, INC.",2836,28,Chemicals & Pharmaceuticals,Manufacturing,CA
1326160,DUKE ENERGY CORP,4931,49,"Electric, Gas & Sanitary Services","Transportation, Communications & Utilities",NC
1326190,"ALTIMMUNE, INC.",2834,28,Chemicals & Pharmaceuticals,Manufacturing,MD
1326380,GAMESTOP CORP.,5734,57,,Retail Trade,TX
1326732,XENCOR INC,2834,28,Chemicals & Pharmaceuticals,Manufacturing,CA
1326771,FEDERAL HOME LOAN BANK OF CINCINNATI,6111,61,,"Finance, Insurance & Real Estate",OH
1326801,"META PLATFORMS, INC.",7370,73,Business Services & Software,Services,CA
1327318,"TRUECAR, INC.",7370,73,Business Services & Software,Services,CA
1327567,PALO ALTO NETWORKS INC,3577,35,Industrial Machinery & Computer Equipment,Manufacturing,CA
1327607,FIRST WESTERN FINANCIAL INC,6022,60,Depository Institutions,"Finance, Insurance & Real Estate",CO
1327811,"WORKDAY, INC.",7374,73,Business Services & Software,Services,CA
1328581,BOISE CASCADE CO,5030,50,Wholesale — Durable Goods,Wholesale Trade,ID
1330399,FEDERAL HOME LOAN BANK OF PITTSBURGH,6111,61,,"Finance, Insurance & Real Estate",PA
1331451,FEDERAL HOME LOAN BANK OF CHICAGO,6111,61,,"Finance, Insurance & Real Estate",IL
1331463,FEDERAL HOME LOAN BANK OF BOSTON,6111,61,,"Finance, Insurance & Real Estate",MA
1331465,FEDERAL HOME LOAN BANK OF ATLANTA,6111,61,,"Finance, Insurance & Real Estate",GA
1331520,HOME BANCSHARES INC,6022,60,Depository Institutions,"Finance, Insurance & Real Estate",AR
1331754,FEDERAL HOME LOAN BANK OF INDIANAPOLIS,6111,61,,"Finance, Insurance & Real Estate",IN
1331757,FEDERAL HOME LOAN BANK OF DALLAS,6111,61,,"Finance, Insurance & Real Estate",TX
1331875,"FIDELITY NATIONAL FINANCIAL, INC.",6361,63,Insurance Carriers,"Finance, Insurance & Real Estate",FL
1332349,BROOKDALE SENIOR LIVING INC.,8050,80,Health Services,Services,TN
1333493,"EHEALTH, INC.",6411,64,,"Finance, Insurance & Real Estate",TX
1333986,"EQUITABLE HOLDINGS, INC.",6411,64,,"Finance, Insurance & Real Estate",NY
1334036,"CROCS, INC.",3021,30,,Manufacturing,CO
1334978,"CLEAR CHANNEL OUTDOOR HOLDINGS, INC.",7310,73,Business Services & Software,Services,TX
1335258,"LIVE NATION ENTERTAINMENT, INC.",7900,79,,Services,CA
1336047,"BOARDWALK PIPELINE PARTNERS, LP",4922,49,"Electric, Gas & Sanitary Services","Transportation, Communications & Utilities",TX
1336917,"UNDER ARMOUR, INC.",2300,23,,Manufacturing,MD
1336920,"LEIDOS HOLDINGS, INC.",7373,73,Business Services & Software,Services,VA
1337619,"ENVESTNET, INC.",7389,73,Business Services & Software,Services,PA
1341766,"CELSIUS HOLDINGS, INC.",2086,20,Food & Kindred Products,Manufacturing,FL
1342423,LIMONEIRA CO,100,01,,"Agriculture, Forestry & Fishing",CA
1345016,YELP INC,7200,72,,Services,CA
1345099,MESOBLAST LTD,2836,28,Chemicals & Pharmaceuticals,Manufacturing,
1345126,COMPASS DIVERSIFIED HOLDINGS,2510,25,,Manufacturing,CT
1350593,"MUELLER WATER PRODUCTS, INC.",3490,34,,Manufacturing,GA
1352010,"EPAM SYSTEMS, INC.",7371,73,Business Services & Software,Services,PA
1352081,CARDINAL ETHANOL LLC,2860,28,Chemicals & Pharmaceuticals,Manufacturing,IN
1355848,"KARTOON STUDIOS, INC.",7812,78,,Services,CA
1356090,"PRECIGEN, INC.",2834,28,Chemicals & Pharmaceuticals,Manufacturing,MD
1356115,NEXPOINT DIVERSIFIED REAL ESTATE TRUST,6798,67,Holding & Investment Offices,"Finance, Insurance & Real Estate",TX
1356576,"SUPERNUS PHARMACEUTICALS, INC.",2834,28,Chemicals & Pharmaceuticals,Manufacturing,MD
1357615,"KBR, INC.",1600,16,,Construction,TX
1359687,"RED TRAIL ENERGY, LLC",2860,28,Chemicals & Pharmaceuticals,Manufacturing,ND
1359841,HANESBRANDS INC.,5600,56,,Retail Trade,NC
1360604,HEALTHCARE REALTY TRUST INC,6798,67,Holding & Investment Offices,"Finance, Insurance & Real Estate",TN
1360901,EVERCORE INC.,6282,62,,"Finance, Insurance & Real Estate",NY
1361658,TRAVEL & LEISURE CO.,7011,70,,Services,FL
1362468,ALLEGIANT TRAVEL CO,4512,45,,"Transportation, Communications & Utilities",NV
1363829,ENSTAR GROUP LTD,6331,63,Insurance Carriers,"Finance, Insurance & Real Estate",
1364250,DOUGLAS EMMETT INC,6798,67,Holding & Investment Offices,"Finance, Insurance & Real Estate",CA
1364479,HERC HOLDINGS INC,7350,73,Business Services & Software,Services,FL
1364954,"CHEGG, INC",8200,82,,Services,CA
1366561,SMARTSHEET INC,7372,73,Business Services & Software,Services,WA
1366868,"GLOBALSTAR, INC.",4899,48,Communications,"Transportation, Communications & Utilities",LA
1367644,EMERGENT BIOSOLUTIONS INC.,2834,28,Chemicals & Pharmaceuticals,Manufacturing,MD
1367859,CITIZENS COMMUNITY BANCORP INC.,6035,60,Depository Institutions,"Finance, Insurance & Real Estate",WI
1368365,"REMARK HOLDINGS, INC.",4899,48,Communications,"Transportation, Communications & Utilities",NV
1370053,"ANAPTYSBIO, INC",2834,28,Chemicals & Pharmaceuticals,Manufacturing,CA
1114448,NOVARTIS AG,2834,28,Chemicals & Pharmaceuticals,Manufacturing,
1370637,ETSY INC,7389,73,Business Services & Software,Services,NY
1370946,OWENS CORNING,3290,32,,Manufacturing,OH
1371285,"TRUPANION, INC.",6324,63,Insurance Carriers,"Finance, Insurance & Real Estate",WA
1371451,HIGHWATER ETHANOL LLC,2860,28,Chemicals & Pharmaceuticals,Manufacturing,MN
1372514,KIORA PHARMACEUTICALS INC,2834,28,Chemicals & Pharmaceuticals,Manufacturing,CA
1373670,"GREEN BRICK PARTNERS, INC.",1531,15,,Construction,TX
1373715,"SERVICENOW, INC.",7372,73,Business Services & Software,Services,CA
1376139,CVR ENERGY INC,2911,29,,Manufacturing,TX
1376339,"MIMEDX GROUP, INC.",3841,38,Instruments & Medical Devices,Manufacturing,GA
724910,NVE CORP /NEW/,3674,36,Electronic & Electrical Equipment,Manufacturing,MN
1411168,DUTCH OVEN GOLD GROUP INC.,6770,67,Holding & Investment Offices,"Finance, Insurance & Real Estate",BC
1530185,"AMERITEK VENTURES, INC.",3714,37,Transportation Equipment,Manufacturing,NV
96536,"TAYLOR DEVICES, INC.",3569,35,Industrial Machinery & Computer Equipment,Manufacturing,NY
1409036,SILVER NORTH RESOURCES LTD.,1040,10,,Mining,BC
1276531,"SCIENTIFIC ENERGY, INC",6794,67,Holding & Investment Offices,"Finance, Insurance & Real Estate",
1342936,"RIVULET ENTERTAINMENT, INC.",1311,13,Oil & Gas Extraction,Mining,AZ
1376986,TENNESSEE VALLEY AUTHORITY,4911,49,"Electric, Gas & Sanitary Services","Transportation, Communications & Utilities",TN
1410187,CANNONAU CORP.,4700,47,,"Transportation, Communications & Utilities",NY
1378789,AERCAP HOLDINGS N.V.,7359,73,Business Services & Software,Services,
1378950,"CARPARTS.COM, INC.",5531,55,,Retail Trade,CA
1379041,"EMPLOYERS HOLDINGS, INC.",6331,63,Insurance Carriers,"Finance, Insurance & Real Estate",NV
1380106,"RAPID MICRO BIOSYSTEMS, INC.",3826,38,Instruments & Medical Devices,Manufacturing,MA
1381197,"INTERACTIVE BROKERS GROUP, INC.",6211,62,,"Finance, Insurance & Real Estate",CT
1381668,TFS FINANCIAL CORP,6035,60,Depository Institutions,"Finance, Insurance & Real Estate",OH
1382821,REDFIN CORP,6531,65,,"Finance, Insurance & Real Estate",WA
1383312,"BROADRIDGE FINANCIAL SOLUTIONS, INC.",7389,73,Business Services & Software,Services,NY
1383650,"CHENIERE ENERGY PARTNERS, L.P.",4924,49,"Electric, Gas & Sanitary Services","Transportation, Communications & Utilities",TX
1384101,"VERACYTE, INC.",8071,80,Health Services,Services,CA
1384905,"RINGCENTRAL, INC.",7374,73,Business Services & Software,Services,CA
1385613,"GREENLIGHT CAPITAL RE, LTD.",6331,63,Insurance Carriers,"Finance, Insurance & Real Estate",
1385849,ENERGY FUELS INC,1400,14,,Mining,CO
1386278,GREEN DOT CORP,6199,61,,"Finance, Insurance & Real Estate",UT
1387467,ALPHA & OMEGA SEMICONDUCTOR LTD,3674,36,Electronic & Electrical Equipment,Manufacturing,CA
1388658,"IRHYTHM TECHNOLOGIES, INC.",3841,38,Instruments & Medical Devices,Manufacturing,CA
1389050,"ARCHROCK, INC.",4922,49,"Electric, Gas & Sanitary Services","Transportation, Communications & Utilities",TX
1390478,"SELLAS LIFE SCIENCES GROUP, INC.",2834,28,Chemicals & Pharmaceuticals,Manufacturing,NY
1390777,BANK OF NEW YORK MELLON CORP,6022,60,Depository Institutions,"Finance, Insurance & Real Estate",NY
1392380,"GEVO, INC.",2860,28,Chemicals & Pharmaceuticals,Manufacturing,CO
1392972,"PROS HOLDINGS, INC.",7371,73,Business Services & Software,Services,TX
1393052,VEEVA SYSTEMS INC,7372,73,Business Services & Software,Services,CA
1393311,PUBLIC STORAGE,6798,67,Holding & Investment Offices,"Finance, Insurance & Real Estate",CA
1393612,DISCOVER FINANCIAL SERVICES,6141,61,,"Finance, Insurance & Real Estate",IL
1393726,TIPTREE INC.,6331,63,Insurance Carriers,"Finance, Insurance & Real Estate",CT
1393883,"DHI GROUP, INC.",7389,73,Business Services & Software,Services,CO
772263,NITCHES INC,2330,23,,Manufacturing,NV
1722556,BESTGOFER INC.,7200,72,,Services,
1498372,IWALLET CORP,3669,36,Electronic & Electrical Equipment,Manufacturing,NV
1726079,"TIPMEFAST, INC.",7389,73,Business Services & Software,Services,
1431074,"BERGIO INTERNATIONAL, INC.",3910,39,,Manufacturing,NJ
1493712,STIMCELL ENERGETICS INC.,3841,38,Instruments & Medical Devices,Manufacturing,BC
1842138,WARPSPEED TAXI INC.,7389,73,Business Services & Software,Services,
1680132,CANNABIS SUISSE CORP.,2600,26,,Manufacturing,FL
1395942,"OPENLANE, INC.",5500,55,,Retail Trade,IN
1396009,VULCAN MATERIALS CO,1400,14,,Mining,AL
1396814,"PACIRA BIOSCIENCES, INC.",2834,28,Chemicals & Pharmaceuticals,Manufacturing,FL
1397187,LULULEMON ATHLETICA INC.,2300,23,,Manufacturing,BC
1397702,SILK ROAD MEDICAL INC,3841,38,Instruments & Medical Devices,Manufacturing,CA
1397911,LPL FINANCIAL HOLDINGS INC.,6200,62,,"Finance, Insurance & Real Estate",CA
1398659,GENPACT LTD,8742,87,"Engineering, Accounting & Management Services",Services,
1398987,ANYWHERE REAL ESTATE INC.,6531,65,,"Finance, Insurance & Real Estate",NJ
1400891,"IHEARTMEDIA, INC.",4832,48,Communications,"Transportation, Communications & Utilities",TX
1401257,"FORUM ENERGY TECHNOLOGIES, INC.",3533,35,Industrial Machinery & Computer Equipment,Manufacturing,TX
1401521,AMERICAN COASTAL INSURANCE CORP,6331,63,Insurance Carriers,"Finance, Insurance & Real Estate",FL
1401914,"DARE BIOSCIENCE, INC.",2834,28,Chemicals & Pharmaceuticals,Manufacturing,CA
1402057,CDW CORP,5961,59,Miscellaneous Retail,Retail Trade,IL
1402829,ORION GROUP HOLDINGS INC,1600,16,,Construction,TX
1403161,VISA INC.,7389,73,Business Services & Software,Services,CA
1403475,BANK OF MARIN BANCORP,6022,60,Depository Institutions,"Finance, Insurance & Real Estate",CA
1403528,"BROOKFIELD OAKTREE HOLDINGS, LLC",6282,62,,"Finance, Insurance & Real Estate",CA
1404644,NEUROGENE INC.,2834,28,Chemicals & Pharmaceuticals,Manufacturing,NY
1404912,KKR & CO. INC.,6282,62,,"Finance, Insurance & Real Estate",NY
1405495,"INTERDIGITAL, INC.",6794,67,Holding & Investment Offices,"Finance, Insurance & Real Estate",DE
1406587,FORESTAR GROUP INC.,6500,65,,"Finance, Insurance & Real Estate",TX
1406666,"CALIX, INC",4899,48,Communications,"Transportation, Communications & Utilities",CA
1407623,RETAIL OPPORTUNITY INVESTMENTS CORP,6798,67,Holding & Investment Offices,"Finance, Insurance & Real Estate",CA
1408075,GRAPHIC PACKAGING HOLDING CO,2650,26,,Manufacturing,GA
1408100,"KENNEDY-WILSON HOLDINGS, INC.",6500,65,,"Finance, Insurance & Real Estate",CA
1408198,MSCI INC.,7389,73,Business Services & Software,Services,NY
1408534,"FIRST GUARANTY BANCSHARES, INC.",6035,60,Depository Institutions,"Finance, Insurance & Real Estate",LA
1408710,FABRINET,3661,36,Electronic & Electrical Equipment,Manufacturing,CA
1409171,TITAN MACHINERY INC.,5990,59,Miscellaneous Retail,Retail Trade,ND
1409970,LENDINGCLUB CORP,6141,61,,"Finance, Insurance & Real Estate",CA
1410384,"Q2 HOLDINGS, INC.",7372,73,Business Services & Software,Services,TX
1894057,PAPAYA GROWTH OPPORTUNITY CORP. I,6770,67,Holding & Investment Offices,"Finance, Insurance & Real Estate",CA
102109,UNIVERSAL SECURITY INSTRUMENTS INC,5065,50,Wholesale — Durable Goods,Wholesale Trade,MD
784539,EACO CORP,5065,50,Wholesale — Durable Goods,Wholesale Trade,CA
1863990,"MULTISENSOR AI HOLDINGS, INC.",3827,38,Instruments & Medical Devices,Manufacturing,TX
1963088,"ATLASCLEAR HOLDINGS, INC.",6199,61,,"Finance, Insurance & Real Estate",FL
1782941,TIAN RUIXIANG HOLDINGS LTD,6411,64,,"Finance, Insurance & Real Estate",
1780531,"ONECONNECT FINANCIAL TECHNOLOGY CO., LTD.",7370,73,Business Services & Software,Services,
1798270,ASSURE HOLDINGS CORP.,3841,38,Instruments & Medical Devices,Manufacturing,CO
6207,AMREP CORP.,6552,65,,"Finance, Insurance & Real Estate",PA
1818838,ADAGENE INC.,2834,28,Chemicals & Pharmaceuticals,Manufacturing,
1985062,PSYENCE BIOMEDICAL LTD.,2834,28,Chemicals & Pharmaceuticals,Manufacturing,ON
1362190,AUDIOEYE INC,7372,73,Business Services & Software,Services,AZ
1648257,HUTCHMED (CHINA) LTD,2834,28,Chemicals & Pharmaceuticals,Manufacturing,
1126328,PRINCIPAL FINANCIAL GROUP INC,6321,63,Insurance Carriers,"Finance, Insurance & Real Estate",IA
1824403,"RESERVOIR MEDIA, INC.",7900,79,,Services,NY
1879754,ESHALLGO INC.,7359,73,Business Services & Software,Services,
1417892,EMEREN GROUP LTD,3674,36,Electronic & Electrical Equipment,Manufacturing,CT
887596,CHEESECAKE FACTORY INC,5812,58,Eating & Drinking Places,Retail Trade,CA
1066684,THEGLOBE COM INC,7310,73,Business Services & Software,Services,FL
1578742,"GPB AUTOMOTIVE PORTFOLIO, LP",5500,55,,Retail Trade,NY
1640265,"GPB HOLDINGS II, LP",8742,87,"Engineering, Accounting & Management Services",Services,NY
868857,AECOM,8711,87,"Engineering, Accounting & Management Services",Services,TX
1990354,WAYSTAR HOLDING CORP.,7373,73,Business Services & Software,Services,UT
854560,"GREAT SOUTHERN BANCORP, INC.",6022,60,Depository Institutions,"Finance, Insurance & Real Estate",MO
1910139,MOBILEYE GLOBAL INC.,7372,73,Business Services & Software,Services,
1851959,CONCORD ACQUISITION CORP II,6770,67,Holding & Investment Offices,"Finance, Insurance & Real Estate",NY
812152,RIDGEFIELD ACQUISITION CORP,6770,67,Holding & Investment Offices,"Finance, Insurance & Real Estate",NV
1680379,"STERLING BANCORP, INC.",6035,60,Depository Institutions,"Finance, Insurance & Real Estate",MI
1329842,FEDERAL HOME LOAN BANK OF NEW YORK,6111,61,,"Finance, Insurance & Real Estate",NY
1158324,"COGENT COMMUNICATIONS HOLDINGS, INC.",4899,48,Communications,"Transportation, Communications & Utilities",DC
1671502,"QUOIN PHARMACEUTICALS, LTD.",2834,28,Chemicals & Pharmaceuticals,Manufacturing,
744218,"CELLDEX THERAPEUTICS, INC.",2835,28,Chemicals & Pharmaceuticals,Manufacturing,NJ
727510,"ENZON PHARMACEUTICALS, INC.",2836,28,Chemicals & Pharmaceuticals,Manufacturing,NJ
1859686,SILVERBOX CORP III,6770,67,Holding & Investment Offices,"Finance, Insurance & Real Estate",TX
1903382,"BLUEROCK HOMES TRUST, INC.",6798,67,Holding & Investment Offices,"Finance, Insurance & Real Estate",NY
744452,APPLIED DNA SCIENCES INC,8734,87,"Engineering, Accounting & Management Services",Services,NY
1843477,SPRING VALLEY ACQUISITION CORP. II,6770,67,Holding & Investment Offices,"Finance, Insurance & Real Estate",TX
828146,INTERLINK ELECTRONICS INC,3577,35,Industrial Machinery & Computer Equipment,Manufacturing,CA
1405528,"UNITED STATES 12 MONTH OIL FUND, LP",6221,62,,"Finance, Insurance & Real Estate",CA
1472494,"UNITED STATES BRENT OIL FUND, LP",6221,62,,"Finance, Insurance & Real Estate",CA
1405513,"UNITED STATES 12 MONTH NATURAL GAS FUND, LP",6221,62,,"Finance, Insurance & Real Estate",CA
1479247,UNITED STATES COMMODITY INDEX FUNDS TRUST,6221,62,,"Finance, Insurance & Real Estate",CA
1396878,"UNITED STATES GASOLINE FUND, LP",6221,62,,"Finance, Insurance & Real Estate",CA
1327068,"UNITED STATES OIL FUND, LP",6221,62,,"Finance, Insurance & Real Estate",CA
865752,MONSTER BEVERAGE CORP,2086,20,Food & Kindred Products,Manufacturing,CA
1376227,"UNITED STATES NATURAL GAS FUND, LP",6221,62,,"Finance, Insurance & Real Estate",CA
1586554,TARGET GROUP INC.,2833,28,Chemicals & Pharmaceuticals,Manufacturing,ON
903651,INNODATA INC,7374,73,Business Services & Software,Services,NJ
2005951,SMURFIT WESTROCK PLC,2650,26,,Manufacturing,
1134115,INTERNATIONAL TOWER HILL MINES LTD,1000,10,,Mining,BC
913778,BF GARDEN TAX CREDIT FUND IV L.P.,6513,65,,"Finance, Insurance & Real Estate",MA
1003815,BCTC IV ASSIGNOR CORP,6513,65,,"Finance, Insurance & Real Estate",MA
866706,ESCO TECHNOLOGIES INC,3669,36,Electronic & Electrical Equipment,Manufacturing,MO
1435508,"FIRST SAVINGS FINANCIAL GROUP, INC.",6035,60,Depository Institutions,"Finance, Insurance & Real Estate",IN
925528,HUDSON TECHNOLOGIES INC /NY,5080,50,Wholesale — Durable Goods,Wholesale Trade,NY
1897971,GLOBAL LIGHTS ACQUISITION CORP,6770,67,Holding & Investment Offices,"Finance, Insurance & Real Estate",
723188,"COMMUNITY FINANCIAL SYSTEM, INC.",6021,60,Depository Institutions,"Finance, Insurance & Real Estate",NY
1072379,NORTHWEST BIOTHERAPEUTICS INC,2834,28,Chemicals & Pharmaceuticals,Manufacturing,MD
1509745,"LEAP THERAPEUTICS, INC.",2834,28,Chemicals & Pharmaceuticals,Manufacturing,MA
1454789,"ASTRIA THERAPEUTICS, INC.",2834,28,Chemicals & Pharmaceuticals,Manufacturing,MA
1662684,"KULR TECHNOLOGY GROUP, INC.",3670,36,Electronic & Electrical Equipment,Manufacturing,CA
1357971,ENERGY SERVICES OF AMERICA CORP,1623,16,,Construction,WV
1651407,"CHECKPOINT THERAPEUTICS, INC.",2834,28,Chemicals & Pharmaceuticals,Manufacturing,MA
1575793,ENERGOUS CORP,3663,36,Electronic & Electrical Equipment,Manufacturing,CA
1867066,JOURNEY MEDICAL CORP,2834,28,Chemicals & Pharmaceuticals,Manufacturing,AZ
1687451,"ZK INTERNATIONAL GROUP CO., LTD.",3490,34,,Manufacturing,
1889112,CARTESIAN GROWTH CORP II,6770,67,Holding & Investment Offices,"Finance, Insurance & Real Estate",NY
1157762,CHINA AUTOMOTIVE SYSTEMS INC,3714,37,Transportation Equipment,Manufacturing,
894158,"THERIVA BIOLOGICS, INC.",2834,28,Chemicals & Pharmaceuticals,Manufacturing,MD
731653,UNITED BANCORP INC /OH/,6022,60,Depository Institutions,"Finance, Insurance & Real Estate",OH
1868269,CHENGHE ACQUISITION I CO.,6770,67,Holding & Investment Offices,"Finance, Insurance & Real Estate",
1175151,CYTOSORBENTS CORP,3841,38,Instruments & Medical Devices,Manufacturing,NJ
1795579,CALLIDITAS THERAPEUTICS AB,2834,28,Chemicals & Pharmaceuticals,Manufacturing,
1855644,ZURA BIO LTD,2836,28,Chemicals & Pharmaceuticals,Manufacturing,CA
1951667,CHEETAH NET SUPPLY CHAIN SERVICE INC.,5010,50,Wholesale — Durable Goods,Wholesale Trade,CA
1970509,HAYMAKER ACQUISITION CORP. 4,6770,67,Holding & Investment Offices,"Finance, Insurance & Real Estate",NY
1884046,SPARK I ACQUISITION CORP,6770,67,Holding & Investment Offices,"Finance, Insurance & Real Estate",CA
1137883,BRAINSTORM CELL THERAPEUTICS INC.,2836,28,Chemicals & Pharmaceuticals,Manufacturing,NY
1682220,SACHEM CAPITAL CORP.,6798,67,Holding & Investment Offices,"Finance, Insurance & Real Estate",CT
1975218,NABORS ENERGY TRANSITION CORP. II,6770,67,Holding & Investment Offices,"Finance, Insurance & Real Estate",TX
1715819,"ELECTROMEDICAL TECHNOLOGIES, INC",3841,38,Instruments & Medical Devices,Manufacturing,AZ
1310383,"SUMMIT HEALTHCARE REIT, INC",6798,67,Holding & Investment Offices,"Finance, Insurance & Real Estate",CA
1682639,"EYENOVIA, INC.",2834,28,Chemicals & Pharmaceuticals,Manufacturing,NY
1892922,MARS ACQUISITION CORP.,6770,67,Holding & Investment Offices,"Finance, Insurance & Real Estate",NY
1885998,ROTH CH ACQUISITION V CO.,1311,13,Oil & Gas Extraction,Mining,CA
1017491,"SEELOS THERAPEUTICS, INC.",2834,28,Chemicals & Pharmaceuticals,Manufacturing,NY
1865200,SOUTHPORT ACQUISITION CORP,7812,78,,Services,CA
1815903,"PETROS PHARMACEUTICALS, INC.",2834,28,Chemicals & Pharmaceuticals,Manufacturing,NY
1897463,GRAF GLOBAL CORP.,6770,67,Holding & Investment Offices,"Finance, Insurance & Real Estate",TX
1779578,BGM GROUP LTD.,2834,28,Chemicals & Pharmaceuticals,Manufacturing,
1682149,DATAVAULT AI INC.,3674,36,Electronic & Electrical Equipment,Manufacturing,OR
1847440,COLISEUM ACQUISITION CORP.,6770,67,Holding & Investment Offices,"Finance, Insurance & Real Estate",NV
1571934,"SYNAPTOGENIX, INC.",2834,28,Chemicals & Pharmaceuticals,Manufacturing,NY
1831359,JAWS MUSTANG ACQUISITION CORP,6770,67,Holding & Investment Offices,"Finance, Insurance & Real Estate",FL
1915328,ISRAEL ACQUISITIONS CORP,6770,67,Holding & Investment Offices,"Finance, Insurance & Real Estate",TX
1094038,"MARKER THERAPEUTICS, INC.",2834,28,Chemicals & Pharmaceuticals,Manufacturing,TX
2016221,MELAR ACQUISITION CORP. I/CAYMAN,6770,67,Holding & Investment Offices,"Finance, Insurance & Real Estate",NY
1895249,"CONNECTM TECHNOLOGY SOLUTIONS, INC.",1700,17,,Construction,MA
1851961,"GCT SEMICONDUCTOR HOLDING, INC.",3674,36,Electronic & Electrical Equipment,Manufacturing,CA
1847513,CORNER GROWTH ACQUISITION CORP. 2,6770,67,Holding & Investment Offices,"Finance, Insurance & Real Estate",NY
1829953,CORNER GROWTH ACQUISITION CORP.,6770,67,Holding & Investment Offices,"Finance, Insurance & Real Estate",NY
1828248,CHURCHILL CAPITAL CORP VII,6770,67,Holding & Investment Offices,"Finance, Insurance & Real Estate",NY
1509223,"MOATABLE, INC.",7372,73,Business Services & Software,Services,AZ
1733443,"5&2 STUDIOS, INC.",7812,78,,Services,TX
1953984,"BINAH CAPITAL GROUP, INC.",6199,61,,"Finance, Insurance & Real Estate",NY
1901336,ALCHEMY INVESTMENTS ACQUISITION CORP 1,6770,67,Holding & Investment Offices,"Finance, Insurance & Real Estate",DE
1712178,NAAS TECHNOLOGY INC.,5990,59,Miscellaneous Retail,Retail Trade,
1809122,CUREVAC N.V.,2834,28,Chemicals & Pharmaceuticals,Manufacturing,
1769759,MONOGRAM TECHNOLOGIES INC.,3841,38,Instruments & Medical Devices,Manufacturing,NY
1818605,DISTOKEN ACQUISITION CORP,6770,67,Holding & Investment Offices,"Finance, Insurance & Real Estate",
1845149,CHAIN BRIDGE I,6770,67,Holding & Investment Offices,"Finance, Insurance & Real Estate",DE
1852749,EXCELFIN ACQUISITION CORP.,6770,67,Holding & Investment Offices,"Finance, Insurance & Real Estate",CA
1863719,EVEREST CONSOLIDATOR ACQUISITION CORP,6770,67,Holding & Investment Offices,"Finance, Insurance & Real Estate",CA
1879814,TLGY ACQUISITION CORP,2821,28,Chemicals & Pharmaceuticals,Manufacturing,
1877557,INTEGRATED WELLNESS ACQUISITION CORP,5960,59,Miscellaneous Retail,Retail Trade,NY
1848437,CARTICA ACQUISITION CORP,6770,67,Holding & Investment Offices,"Finance, Insurance & Real Estate",NY
1844419,MAQUIA CAPITAL ACQUISITION CORP,7372,73,Business Services & Software,Services,FL
1847607,RF ACQUISITION CORP.,6770,67,Holding & Investment Offices,"Finance, Insurance & Real Estate",
1412095,"TROOPS, INC. /CAYMAN ISLANDS/",6159,61,,"Finance, Insurance & Real Estate",
1813783,VISION MARINE TECHNOLOGIES INC.,3730,37,Transportation Equipment,Manufacturing,
1831874,IRIS ACQUISITION CORP,6770,67,Holding & Investment Offices,"Finance, Insurance & Real Estate",
1781193,QUHUO LTD,7389,73,Business Services & Software,Services,
1039065,OSI SYSTEMS INC,3674,36,Electronic & Electrical Equipment,Manufacturing,CA
1743340,TUANCHE LTD,7389,73,Business Services & Software,Services,
1083490,SUNRISE REAL ESTATE GROUP INC,6513,65,,"Finance, Insurance & Real Estate",
1913510,VINFAST AUTO LTD.,3711,37,Transportation Equipment,Manufacturing,
1328792,TECHPRECISION CORP,3440,34,,Manufacturing,MA
1922097,LANVIN GROUP HOLDINGS LTD,2300,23,,Manufacturing,
1962746,LOTUS TECHNOLOGY INC.,3711,37,Transportation Equipment,Manufacturing,
2015947,SILVERBOX CORP IV,6770,67,Holding & Investment Offices,"Finance, Insurance & Real Estate",TX
1537137,STANDARD LITHIUM LTD.,2800,28,Chemicals & Pharmaceuticals,Manufacturing,BC
1927719,FREIGHTOS LTD,4731,47,,"Transportation, Communications & Utilities",
1483994,H WORLD GROUP LTD,7011,70,,Services,
1517496,BIT MINING LTD,6199,61,,"Finance, Insurance & Real Estate",OH
1741534,MDJM LTD,6531,65,,"Finance, Insurance & Real Estate",
1379006,"NANOVIRICIDES, INC.",2834,28,Chemicals & Pharmaceuticals,Manufacturing,CT
1811216,BAOSHENG MEDIA GROUP HOLDINGS LTD,7389,73,Business Services & Software,Services,
1413745,AIRNET TECHNOLOGY INC.,7311,73,Business Services & Software,Services,
1855756,LILIUM N.V.,3721,37,Transportation Equipment,Manufacturing,
1410636,"AMERICAN WATER WORKS COMPANY, INC.",4941,49,"Electric, Gas & Sanitary Services","Transportation, Communications & Utilities",NJ
1411342,ELLINGTON FINANCIAL INC.,6500,65,,"Finance, Insurance & Real Estate",CT
1411579,"AMC ENTERTAINMENT HOLDINGS, INC.",7830,78,,Services,KS
1411685,"VISTAGEN THERAPEUTICS, INC.",2834,28,Chemicals & Pharmaceuticals,Manufacturing,CA
1411690,"BIONANO GENOMICS, INC.",3826,38,Instruments & Medical Devices,Manufacturing,CA
1412100,"MAIDEN HOLDINGS, LTD.",6331,63,Insurance Carriers,"Finance, Insurance & Real Estate",
1412408,"PHREESIA, INC.",7389,73,Business Services & Software,Services,DE
1412665,"MIDWESTONE FINANCIAL GROUP, INC.",6022,60,Depository Institutions,"Finance, Insurance & Real Estate",IA
1413329,PHILIP MORRIS INTERNATIONAL INC.,2111,21,,Manufacturing,CT
1413447,NXP SEMICONDUCTORS N.V.,3674,36,Electronic & Electrical Equipment,Manufacturing,
1413898,DALLASNEWS CORP,2711,27,,Manufacturing,TX
1416265,"PROSPER MARKETPLACE, INC",6199,61,,"Finance, Insurance & Real Estate",CA
1417398,"HILLENBRAND, INC.",3990,39,,Manufacturing,IN
1418135,KEURIG DR PEPPER INC.,2080,20,Food & Kindred Products,Manufacturing,MA
1418819,IRIDIUM COMMUNICATIONS INC.,3669,36,Electronic & Electrical Equipment,Manufacturing,VA
1419536,CAPITAL BANCORP INC,6021,60,Depository Institutions,"Finance, Insurance & Real Estate",MD
1419806,RARE ELEMENT RESOURCES LTD,1040,10,,Mining,CO
1420720,"IBIO, INC.",2834,28,Chemicals & Pharmaceuticals,Manufacturing,NY
1420800,ENOVIS CORP,3842,38,Instruments & Medical Devices,Manufacturing,DE
1421461,"INTREPID POTASH, INC.",1400,14,,Mining,CO
1421517,"ENERGY RECOVERY, INC.",3559,35,Industrial Machinery & Computer Equipment,Manufacturing,CA
1422930,"PUBMATIC, INC.",7370,73,Business Services & Software,Services,CA
1423221,QUANEX BUILDING PRODUCTS CORP,3350,33,,Manufacturing,TX
1423689,AGNC INVESTMENT CORP.,6798,67,Holding & Investment Offices,"Finance, Insurance & Real Estate",MD
1423774,ZUORA INC,7372,73,Business Services & Software,Services,CA
1423869,PCB BANCORP,6022,60,Depository Institutions,"Finance, Insurance & Real Estate",CA
1423902,"WESTERN MIDSTREAM PARTNERS, LP",4922,49,"Electric, Gas & Sanitary Services","Transportation, Communications & Utilities",TX
1424929,FOX FACTORY HOLDING CORP,3751,37,Transportation Equipment,Manufacturing,GA
1425287,WORKHORSE GROUP INC.,3711,37,Transportation Equipment,Manufacturing,OH
1425292,"CVR PARTNERS, LP",2870,28,Chemicals & Pharmaceuticals,Manufacturing,TX
1425450,ORTHOPEDIATRICS CORP,3841,38,Instruments & Medical Devices,Manufacturing,IN
1428205,"ARMOUR RESIDENTIAL REIT, INC.",6798,67,Holding & Investment Offices,"Finance, Insurance & Real Estate",FL
1428336,"HEALTHEQUITY, INC.",7389,73,Business Services & Software,Services,UT
1428439,"ROKU, INC",4841,48,Communications,"Transportation, Communications & Utilities",CA
1431695,OLO INC.,7389,73,Business Services & Software,Services,NY
1432133,KALTURA INC,7372,73,Business Services & Software,Services,NY
1433195,APPFOLIO INC,7372,73,Business Services & Software,Services,CA
1433642,HAMILTON LANE INC,6282,62,,"Finance, Insurance & Real Estate",PA
1433660,JBT MAREL CORP,3550,35,Industrial Machinery & Computer Equipment,Manufacturing,IL
1434621,"LENDINGTREE, INC.",6163,61,,"Finance, Insurance & Real Estate",NC
1434728,"GLOBAL WATER RESOURCES, INC.",4941,49,"Electric, Gas & Sanitary Services","Transportation, Communications & Utilities",AZ
1436126,"MISTRAS GROUP, INC.",8711,87,"Engineering, Accounting & Management Services",Services,NJ
1436425,"HOME BANCORP, INC.",6036,60,Depository Institutions,"Finance, Insurance & Real Estate",LA
1437071,INVESCO MORTGAGE CAPITAL INC.,6798,67,Holding & Investment Offices,"Finance, Insurance & Real Estate",GA
1437107,"WARNER BROS. DISCOVERY, INC.",4841,48,Communications,"Transportation, Communications & Utilities",NY
1437578,BRIGHT HORIZONS FAMILY SOLUTIONS INC.,8351,83,,Services,MA
1491419,"LIVEONE, INC.",5812,58,Eating & Drinking Places,Retail Trade,CA
1940177,"PODCASTONE, INC.",7370,73,Business Services & Software,Services,CA
758743,VIDEO DISPLAY CORP,3670,36,Electronic & Electrical Equipment,Manufacturing,GA
1354866,BYRNA TECHNOLOGIES INC.,3690,36,Electronic & Electrical Equipment,Manufacturing,MA
10329,BASSETT FURNITURE INDUSTRIES INC,2511,25,,Manufacturing,VA
7623,ARTS WAY MANUFACTURING CO INC,3523,35,Industrial Machinery & Computer Equipment,Manufacturing,IA
1123596,"BAB, INC.",5812,58,Eating & Drinking Places,Retail Trade,IL
849401,"ADM TRONICS UNLIMITED, INC.",3845,38,Instruments & Medical Devices,Manufacturing,NJ
76267,PARK AEROSPACE CORP,3728,37,Transportation Equipment,Manufacturing,NY
764401,INSTEEL INDUSTRIES INC,3310,33,,Manufacturing,NC
15847,BUTLER NATIONAL CORP,7990,79,,Services,KS
875657,ULTRALIFE CORP,3690,36,Electronic & Electrical Equipment,Manufacturing,NY
743238,"SHYFT GROUP, INC.",3711,37,Transportation Equipment,Manufacturing,MI
100885,UNION PACIFIC CORP,4011,40,,"Transportation, Communications & Utilities",NE
1575828,EXPRO GROUP HOLDINGS N.V.,1389,13,Oil & Gas Extraction,Mining,TX
1095565,HEALTHSTREAM INC,7370,73,Business Services & Software,Services,TN
33488,ESCALADE INC,3949,39,,Manufacturing,IN
717720,VALUE LINE INC,6282,62,,"Finance, Insurance & Real Estate",NY
1518621,"ORCHID ISLAND CAPITAL, INC.",6798,67,Holding & Investment Offices,"Finance, Insurance & Real Estate",FL
728535,HUNT J B TRANSPORT SERVICES INC,4213,42,,"Transportation, Communications & Utilities",AR
42682,GORMAN RUPP CO,3561,35,Industrial Machinery & Computer Equipment,Manufacturing,OH
1549084,"EKSO BIONICS HOLDINGS, INC.",3569,35,Industrial Machinery & Computer Equipment,Manufacturing,CA
1731348,"TILRAY BRANDS, INC.",2833,28,Chemicals & Pharmaceuticals,Manufacturing,NY
1287213,"DOUGLAS DYNAMICS, INC",3531,35,Industrial Machinery & Computer Equipment,Manufacturing,WI
855658,LATTICE SEMICONDUCTOR CORP,3674,36,Electronic & Electrical Equipment,Manufacturing,OR
47307,CRAWFORD UNITED CORP,3823,38,Instruments & Medical Devices,Manufacturing,OH
1442145,"VERISK ANALYTICS, INC.",7374,73,Business Services & Software,Services,NJ
912061,NATURAL HEALTH TRENDS CORP,5190,51,,Wholesale Trade,CA
1126956,SPIRE INC,4924,49,"Electric, Gas & Sanitary Services","Transportation, Communications & Utilities",MO
26780,DANA INC,3714,37,Transportation Equipment,Manufacturing,OH
729580,BEL FUSE INC /NJ,3677,36,Electronic & Electrical Equipment,Manufacturing,NJ
931584,UNIVERSAL STAINLESS & ALLOY PRODUCTS INC,3312,33,,Manufacturing,PA
1303942,BANKFINANCIAL CORP,6035,60,Depository Institutions,"Finance, Insurance & Real Estate",IL
21535,COHU INC,3825,38,Instruments & Medical Devices,Manufacturing,CA
320340,CORECARD CORP,7372,73,Business Services & Software,Services,GA
1274173,JANUS HENDERSON GROUP PLC,6282,62,,"Finance, Insurance & Real Estate",
1535079,MCX TECHNOLOGIES CORP,7372,73,Business Services & Software,Services,ID
740663,FIRST OF LONG ISLAND CORP,6021,60,Depository Institutions,"Finance, Insurance & Real Estate",NY
1602658,INVESTAR HOLDING CORP,6022,60,Depository Institutions,"Finance, Insurance & Real Estate",LA
1649096,CLIPPER REALTY INC.,6798,67,Holding & Investment Offices,"Finance, Insurance & Real Estate",NY
1001385,NORTHWEST PIPE CO,3317,33,,Manufacturing,WA
906553,BOYD GAMING CORP,7011,70,,Services,NV
1172358,"DORCHESTER MINERALS, L.P.",1311,13,Oil & Gas Extraction,Mining,TX
1401667,"PUMA BIOTECHNOLOGY, INC.",2834,28,Chemicals & Pharmaceuticals,Manufacturing,CA
1175535,WHITESTONE REIT,6798,67,Holding & Investment Offices,"Finance, Insurance & Real Estate",TX
1010086,SIGA TECHNOLOGIES INC,2834,28,Chemicals & Pharmaceuticals,Manufacturing,NY
1692427,"NCS MULTISTAGE HOLDINGS, INC.",1389,13,Oil & Gas Extraction,Mining,TX
1042729,MERCANTILE BANK CORP,6022,60,Depository Institutions,"Finance, Insurance & Real Estate",MI
1279695,UNIVERSAL BIOSENSORS INC,3841,38,Instruments & Medical Devices,Manufacturing,
1275477,"BIMINI CAPITAL MANAGEMENT, INC.",6798,67,Holding & Investment Offices,"Finance, Insurance & Real Estate",FL
859070,FIRST COMMUNITY BANKSHARES INC /VA/,6022,60,Depository Institutions,"Finance, Insurance & Real Estate",VA
928658,"COVENANT LOGISTICS GROUP, INC.",4213,42,,"Transportation, Communications & Utilities",TN
814676,CPS TECHNOLOGIES CORP/DE/,3260,32,,Manufacturing,MA
310354,STANDEX INTERNATIONAL CORP/DE/,3580,35,Industrial Machinery & Computer Equipment,Manufacturing,NH
1280452,MONOLITHIC POWER SYSTEMS INC,3674,36,Electronic & Electrical Equipment,Manufacturing,WA
712771,"CONNECTONE BANCORP, INC.",6022,60,Depository Institutions,"Finance, Insurance & Real Estate",NJ
24741,CORNING INC /NY,3357,33,,Manufacturing,NY
917470,OLYMPIC STEEL INC,5051,50,Wholesale — Durable Goods,Wholesale Trade,OH
1058307,NEXTPLAT CORP,4813,48,Communications,"Transportation, Communications & Utilities",FL
738214,"AEMETIS, INC",2860,28,Chemicals & Pharmaceuticals,Manufacturing,CA
1818644,"AEYE, INC.",3714,37,Transportation Equipment,Manufacturing,CA
724004,MESA LABORATORIES INC /CO/,3823,38,Instruments & Medical Devices,Manufacturing,CO
1792849,"HIGHPEAK ENERGY, INC.",1381,13,Oil & Gas Extraction,Mining,TX
1270436,COHEN & CO INC.,6211,62,,"Finance, Insurance & Real Estate",PA
921183,HMN FINANCIAL INC,6035,60,Depository Institutions,"Finance, Insurance & Real Estate",MN
835324,"STOCK YARDS BANCORP, INC.",6022,60,Depository Institutions,"Finance, Insurance & Real Estate",KY
1618181,WORLD GOLD TRUST,6221,62,,"Finance, Insurance & Real Estate",NY
1222333,SPDR GOLD TRUST,6221,62,,"Finance, Insurance & Real Estate",NY
832489,"GEOVAX LABS, INC.",2834,28,Chemicals & Pharmaceuticals,Manufacturing,GA
1072627,KINGSWAY FINANCIAL SERVICES INC,6331,63,Insurance Carriers,"Finance, Insurance & Real Estate",IL
1069533,RGC RESOURCES INC,4923,49,"Electric, Gas & Sanitary Services","Transportation, Communications & Utilities",VA
1474735,GENERAC HOLDINGS INC.,3621,36,Electronic & Electrical Equipment,Manufacturing,WI
880807,AMERICAN SUPERCONDUCTOR CORP /DE/,3621,36,Electronic & Electrical Equipment,Manufacturing,MA
1158114,"APPLIED OPTOELECTRONICS, INC.",3674,36,Electronic & Electrical Equipment,Manufacturing,TX
798287,PAMT CORP,4213,42,,"Transportation, Communications & Utilities",AR
1761312,"PALOMAR HOLDINGS, INC.",6331,63,Insurance Carriers,"Finance, Insurance & Real Estate",CA
1569994,"WATERSTONE FINANCIAL, INC.",6035,60,Depository Institutions,"Finance, Insurance & Real Estate",WI
924383,GENASYS INC.,3651,36,Electronic & Electrical Equipment,Manufacturing,CA
846913,"FUEL TECH, INC.",3564,35,Industrial Machinery & Computer Equipment,Manufacturing,IL
1307954,HUNTSMAN CORP,2800,28,Chemicals & Pharmaceuticals,Manufacturing,TX
98222,TIDEWATER INC,4400,44,,"Transportation, Communications & Utilities",TX
933974,"AZENTA, INC.",3559,35,Industrial Machinery & Computer Equipment,Manufacturing,MA
95574,"SUPERIOR GROUP OF COMPANIES, INC.",2300,23,,Manufacturing,FL
1822791,CLENE INC.,2834,28,Chemicals & Pharmaceuticals,Manufacturing,UT
1168455,PLUMAS BANCORP,6153,61,,"Finance, Insurance & Real Estate",NV
1171486,NATURAL RESOURCE PARTNERS LP,1221,12,,Mining,TX
945983,"CLIMB GLOBAL SOLUTIONS, INC.",5045,50,Wholesale — Durable Goods,Wholesale Trade,NJ
1439095,MRC GLOBAL INC.,5084,50,Wholesale — Durable Goods,Wholesale Trade,TX
768408,CYANOTECH CORP,2833,28,Chemicals & Pharmaceuticals,Manufacturing,HI
746210,"OBLONG, INC.",7370,73,Business Services & Software,Services,CO
99302,TRANSCAT INC,3825,38,Instruments & Medical Devices,Manufacturing,NY
1822928,HOLLEY INC.,3714,37,Transportation Equipment,Manufacturing,KY
1285819,OMEROS CORP,2834,28,Chemicals & Pharmaceuticals,Manufacturing,WA
1267602,ALIMERA SCIENCES INC,2834,28,Chemicals & Pharmaceuticals,Manufacturing,GA
101594,US ENERGY CORP,1311,13,Oil & Gas Extraction,Mining,TX
944809,"OPKO HEALTH, INC.",2834,28,Chemicals & Pharmaceuticals,Manufacturing,FL
1401040,DIAMEDICA THERAPEUTICS INC.,2834,28,Chemicals & Pharmaceuticals,Manufacturing,MN
785956,J&J SNACK FOODS CORP,2052,20,Food & Kindred Products,Manufacturing,NJ
1650696,"LAIRD SUPERFOOD, INC.",2000,20,Food & Kindred Products,Manufacturing,OR
1043186,"STABILIS SOLUTIONS, INC.",4924,49,"Electric, Gas & Sanitary Services","Transportation, Communications & Utilities",TX
1593548,"PLAYAGS, INC.",3990,39,,Manufacturing,NV
788965,HALLADOR ENERGY CO,4911,49,"Electric, Gas & Sanitary Services","Transportation, Communications & Utilities",IN
69733,"NATHANS FAMOUS, INC.",5812,58,Eating & Drinking Places,Retail Trade,NY
799167,MARTEN TRANSPORT LTD,4213,42,,"Transportation, Communications & Utilities",WI
89140,SERVOTRONICS INC /DE/,3420,34,,Manufacturing,NY
895456,"ROCKY BRANDS, INC.",3140,31,,Manufacturing,OH
863894,VERU INC.,2834,28,Chemicals & Pharmaceuticals,Manufacturing,FL
1332174,ISHARES S&P GSCI COMMODITY-INDEXED TRUST,6221,62,,"Finance, Insurance & Real Estate",CA
1759124,ISHARES GOLD TRUST MICRO,6221,62,,"Finance, Insurance & Real Estate",CA
1330568,ISHARES SILVER TRUST,6221,62,,"Finance, Insurance & Real Estate",CA
1278680,ISHARES GOLD TRUST,6221,62,,"Finance, Insurance & Real Estate",CA
1980994,ISHARES BITCOIN TRUST ETF,6221,62,,"Finance, Insurance & Real Estate",CA
2000638,ISHARES ETHEREUM TRUST ETF,6221,62,,"Finance, Insurance & Real Estate",CA
1478454,"EAGLE BANCORP MONTANA, INC.",6022,60,Depository Institutions,"Finance, Insurance & Real Estate",MT
43196,"GRAY MEDIA, INC",4833,48,Communications,"Transportation, Communications & Utilities",GA
884269,ALPHA PRO TECH LTD,3842,38,Instruments & Medical Devices,Manufacturing,ON
1158895,LEMAITRE VASCULAR INC,3841,38,Instruments & Medical Devices,Manufacturing,MA
70487,NATIONAL RESEARCH CORP,8731,87,"Engineering, Accounting & Management Services",Services,NE
1499422,RBB BANCORP,6022,60,Depository Institutions,"Finance, Insurance & Real Estate",CA
861842,CATHAY GENERAL BANCORP,6022,60,Depository Institutions,"Finance, Insurance & Real Estate",CA
39092,FRIEDMAN INDUSTRIES INC,3310,33,,Manufacturing,TX
1547459,"NATURAL GROCERS BY VITAMIN COTTAGE, INC.",5411,54,,Retail Trade,CO
700841,"RCM TECHNOLOGIES, INC.",7363,73,Business Services & Software,Services,NJ
88948,SENECA FOODS CORP,2033,20,Food & Kindred Products,Manufacturing,NY
31235,EASTMAN KODAK CO,3861,38,Instruments & Medical Devices,Manufacturing,NY
1145255,HENNESSY ADVISORS INC,6282,62,,"Finance, Insurance & Real Estate",CA
1813452,PLANET 13 HOLDINGS INC.,100,01,,"Agriculture, Forestry & Fishing",NV
1120970,COMSTOCK INC.,2860,28,Chemicals & Pharmaceuticals,Manufacturing,NV
72444,"VAXART, INC.",2836,28,Chemicals & Pharmaceuticals,Manufacturing,CA
1173489,CEVA INC,7370,73,Business Services & Software,Services,MD
1710340,"ETON PHARMACEUTICALS, INC.",2834,28,Chemicals & Pharmaceuticals,Manufacturing,IL
1512499,"LINDBLAD EXPEDITIONS HOLDINGS, INC.",4700,47,,"Transportation, Communications & Utilities",NY
1778784,"PROVIDENT BANCORP, INC. /MD/",6036,60,Depository Institutions,"Finance, Insurance & Real Estate",MA
1464343,ATLANTICUS HOLDINGS CORP,6141,61,,"Finance, Insurance & Real Estate",GA
1140102,"HIREQUEST, INC.",7363,73,Business Services & Software,Services,SC
1777921,"AVEPOINT, INC.",7372,73,Business Services & Software,Services,NJ
1506928,AVINGER INC,3841,38,Instruments & Medical Devices,Manufacturing,CA
1061069,AVALON HOLDINGS CORP,4953,49,"Electric, Gas & Sanitary Services","Transportation, Communications & Utilities",OH
909494,TUCOWS INC /PA/,7374,73,Business Services & Software,Services,ON
1047335,NATIONAL HEALTHCARE CORP,8051,80,Health Services,Services,TN
1069530,CASSAVA SCIENCES INC,2834,28,Chemicals & Pharmaceuticals,Manufacturing,TX
894627,VAALCO ENERGY INC /DE/,1311,13,Oil & Gas Extraction,Mining,TX
1645469,MONOPAR THERAPEUTICS,2834,28,Chemicals & Pharmaceuticals,Manufacturing,IL
868082,EVERFLOW EASTERN PARTNERS LP,1311,13,Oil & Gas Extraction,Mining,OH
1045942,"TRACK GROUP, INC.",3669,36,Electronic & Electrical Equipment,Manufacturing,IL
818677,SECURITY FEDERAL CORP,6022,60,Depository Institutions,"Finance, Insurance & Real Estate",SC
1586454,PRIME MERIDIAN HOLDING CO,6022,60,Depository Institutions,"Finance, Insurance & Real Estate",FL
1672909,CANTERBURY PARK HOLDING CORP,7948,79,,Services,MN
1132651,AMES NATIONAL CORP,6021,60,Depository Institutions,"Finance, Insurance & Real Estate",IA
1589061,"GYRODYNE, LLC",6512,65,,"Finance, Insurance & Real Estate",NY
1471824,TEUCRIUM COMMODITY TRUST,6221,62,,"Finance, Insurance & Real Estate",VT
1001115,GEOSPACE TECHNOLOGIES CORP,3829,38,Instruments & Medical Devices,Manufacturing,TX
1792581,"KIROMIC BIOPHARMA, INC.",2836,28,Chemicals & Pharmaceuticals,Manufacturing,TX
1530249,"FS BANCORP, INC.",6036,60,Depository Institutions,"Finance, Insurance & Real Estate",WA
1089815,ELITE HEALTH SYSTEMS INC.,8093,80,Health Services,Services,CA
894081,"AIR TRANSPORT SERVICES GROUP, INC.",4513,45,,"Transportation, Communications & Utilities",OH
1001316,"TG THERAPEUTICS, INC.",2834,28,Chemicals & Pharmaceuticals,Manufacturing,NY
80172,NATIONAL PRESTO INDUSTRIES INC,3480,34,,Manufacturing,WI
1337298,FUTUREFUEL CORP.,2860,28,Chemicals & Pharmaceuticals,Manufacturing,MO
1814974,"BBX CAPITAL, INC.",5400,54,,Retail Trade,FL
1053691,CERVOMED INC.,2834,28,Chemicals & Pharmaceuticals,Manufacturing,MA
1881592,"NSTS BANCORP, INC.",6035,60,Depository Institutions,"Finance, Insurance & Real Estate",IL
1036262,INTEST CORP,3825,38,Instruments & Medical Devices,Manufacturing,NJ
1644963,"AVENUE THERAPEUTICS, INC.",2834,28,Chemicals & Pharmaceuticals,Manufacturing,FL
1012019,RUSH ENTERPRISES INC TX,5500,55,,Retail Trade,TX
1757715,"ATERIAN, INC.",3634,36,Electronic & Electrical Equipment,Manufacturing,NJ
1595248,"GENPREX, INC.",2834,28,Chemicals & Pharmaceuticals,Manufacturing,TX
1642122,"ASSOCIATED CAPITAL GROUP, INC.",6211,62,,"Finance, Insurance & Real Estate",CT
1091596,"NUO THERAPEUTICS, INC.",3841,38,Instruments & Medical Devices,Manufacturing,TX
770460,PEOPLES FINANCIAL CORP /MS/,6022,60,Depository Institutions,"Finance, Insurance & Real Estate",MS
1499961,MULLEN AUTOMOTIVE INC.,3711,37,Transportation Equipment,Manufacturing,CA
1098151,FIDELITY D & D BANCORP INC,6021,60,Depository Institutions,"Finance, Insurance & Real Estate",PA
1508348,"AMERICANN, INC.",8742,87,"Engineering, Accounting & Management Services",Services,CO
352955,"CKX LANDS, INC.",1311,13,Oil & Gas Extraction,Mining,LA
1556727,FIRST NORTHWEST BANCORP,6036,60,Depository Institutions,"Finance, Insurance & Real Estate",WA
1409269,VENUS CONCEPT INC.,3841,38,Instruments & Medical Devices,Manufacturing,ON
1832487,"GUERRILLA RF, INC.",3674,36,Electronic & Electrical Equipment,Manufacturing,NC
1668243,UROGEN PHARMA LTD.,2834,28,Chemicals & Pharmaceuticals,Manufacturing,
727273,CADIZ INC,4941,49,"Electric, Gas & Sanitary Services","Transportation, Communications & Utilities",CA
1395585,FIRST TRINITY FINANCIAL CORP,6311,63,Insurance Carriers,"Finance, Insurance & Real Estate",OK
864240,SYPRIS SOLUTIONS INC,3823,38,Instruments & Medical Devices,Manufacturing,KY
1693577,"MAINSTREET BANCSHARES, INC.",6022,60,Depository Institutions,"Finance, Insurance & Real Estate",VA
1107280,OCULUS INC.,7389,73,Business Services & Software,Services,BC
925741,"BIOCARDIA, INC.",2836,28,Chemicals & Pharmaceuticals,Manufacturing,CA
1546296,"PROFESSIONAL DIVERSITY NETWORK, INC.",7370,73,Business Services & Software,Services,IL
1120370,"BROADWIND, INC.",3360,33,,Manufacturing,IL
1090396,TABLE TRAC INC,7990,79,,Services,MN
1659617,"MOLECULIN BIOTECH, INC.",2834,28,Chemicals & Pharmaceuticals,Manufacturing,TX
1823587,SKY HARBOUR GROUP CORP,6500,65,,"Finance, Insurance & Real Estate",NE
797465,"HG HOLDINGS, INC.",6798,67,Holding & Investment Offices,"Finance, Insurance & Real Estate",NC
914139,PARKERVISION INC,3663,36,Electronic & Electrical Equipment,Manufacturing,FL
1389545,"NOVABAY PHARMACEUTICALS, INC.",2834,28,Chemicals & Pharmaceuticals,Manufacturing,CA
1141240,LIQUIDMETAL TECHNOLOGIES INC,2800,28,Chemicals & Pharmaceuticals,Manufacturing,CA
1401835,STAR GOLD CORP.,1000,10,,Mining,ID
1213809,DYADIC INTERNATIONAL INC,2836,28,Chemicals & Pharmaceuticals,Manufacturing,FL
836147,MIDDLEFIELD BANC CORP,6022,60,Depository Institutions,"Finance, Insurance & Real Estate",OH
61004,LGL GROUP INC,3679,36,Electronic & Electrical Equipment,Manufacturing,FL
1847874,MOBILE INFRASTRUCTURE CORP,6500,65,,"Finance, Insurance & Real Estate",OH
1681903,"ICC HOLDINGS, INC.",6331,63,Insurance Carriers,"Finance, Insurance & Real Estate",IL
1494582,BOSTON OMAHA CORP,6510,65,,"Finance, Insurance & Real Estate",NE
876378,"ASENSUS SURGICAL, INC.",3841,38,Instruments & Medical Devices,Manufacturing,NC
1550453,TRILINC GLOBAL IMPACT FUND LLC,6199,61,,"Finance, Insurance & Real Estate",CA
1617867,"AUTONOMIX MEDICAL, INC.",3841,38,Instruments & Medical Devices,Manufacturing,TX
1029125,"PANBELA THERAPEUTICS, INC.",2834,28,Chemicals & Pharmaceuticals,Manufacturing,MN
1434647,"ZEVRA THERAPEUTICS, INC.",2834,28,Chemicals & Pharmaceuticals,Manufacturing,FL
1402945,PROGRESSIVE CARE INC.,5912,59,Miscellaneous Retail,Retail Trade,FL
749660,ICAD INC,3841,38,Instruments & Medical Devices,Manufacturing,NH
1374328,"FITLIFE BRANDS, INC.",2833,28,Chemicals & Pharmaceuticals,Manufacturing,NE
1742927,"REVIVA PHARMACEUTICALS HOLDINGS, INC.",2834,28,Chemicals & Pharmaceuticals,Manufacturing,CA
1902314,"M-TRON INDUSTRIES, INC.",3679,36,Electronic & Electrical Equipment,Manufacturing,FL
1356093,"CREATIVE REALITIES, INC.",7373,73,Business Services & Software,Services,KY
1698022,"FARMERS & MERCHANTS BANCSHARES, INC.",6036,60,Depository Institutions,"Finance, Insurance & Real Estate",MD
1507957,IDEAL POWER INC.,3674,36,Electronic & Electrical Equipment,Manufacturing,TX
56868,PRIMEENERGY RESOURCES CORP,1311,13,Oil & Gas Extraction,Mining,TX
1408146,SCANDIUM INTERNATIONAL MINING CORP.,1000,10,,Mining,NV
1038277,INTERNATIONAL ISOTOPES INC,3823,38,Instruments & Medical Devices,Manufacturing,ID
1855175,"CONTINEUM THERAPEUTICS, INC.",2834,28,Chemicals & Pharmaceuticals,Manufacturing,CA
1377149,CAREVIEW COMMUNICATIONS INC,3663,36,Electronic & Electrical Equipment,Manufacturing,TX
1431567,OAK VALLEY BANCORP,6022,60,Depository Institutions,"Finance, Insurance & Real Estate",CA
1375195,CORETEC GROUP INC.,3669,36,Electronic & Electrical Equipment,Manufacturing,MI
719402,FIRST NATIONAL CORP /VA/,6022,60,Depository Institutions,"Finance, Insurance & Real Estate",VA
1080657,"PRESIDIO PROPERTY TRUST, INC.",6798,67,Holding & Investment Offices,"Finance, Insurance & Real Estate",CA
796534,NATIONAL BANKSHARES INC,6021,60,Depository Institutions,"Finance, Insurance & Real Estate",VA
1657642,"SKYLINE BANKSHARES, INC.",6022,60,Depository Institutions,"Finance, Insurance & Real Estate",VA
1083522,JONES SODA CO,2080,20,Food & Kindred Products,Manufacturing,WA
744825,AMERICAN SHARED HOSPITAL SERVICES,8071,80,Health Services,Services,CA
1128281,"SAKER AVIATION SERVICES, INC.",4581,45,,"Transportation, Communications & Utilities",NY
855683,MILESTONE SCIENTIFIC INC.,3842,38,Instruments & Medical Devices,Manufacturing,NJ
32621,EMERSON RADIO CORP,3651,36,Electronic & Electrical Equipment,Manufacturing,NJ
919864,FINWARD BANCORP,6035,60,Depository Institutions,"Finance, Insurance & Real Estate",IN
25895,CROWN CRAFTS INC,2211,22,,Manufacturing,LA
1583648,"PALVELLA THERAPEUTICS, INC.",2834,28,Chemicals & Pharmaceuticals,Manufacturing,PA
1307579,LIQTECH INTERNATIONAL INC,3590,35,Industrial Machinery & Computer Equipment,Manufacturing,
1621832,"AQUA METALS, INC.",3341,33,,Manufacturing,NV
1088034,"USIO, INC.",6099,60,Depository Institutions,"Finance, Insurance & Real Estate",TX
1644903,"CBDMD, INC.",2844,28,Chemicals & Pharmaceuticals,Manufacturing,NC
1563568,"ENVIROTECH VEHICLES, INC.",3714,37,Transportation Equipment,Manufacturing,CA
1697851,"REKOR SYSTEMS, INC.",3669,36,Electronic & Electrical Equipment,Manufacturing,MD
1996210,"BLUM HOLDINGS, INC.",5900,59,Miscellaneous Retail,Retail Trade,CA
1722438,"DOMA HOLDINGS, INC.",6361,63,Insurance Carriers,"Finance, Insurance & Real Estate",CA
1427925,"TALPHERA, INC.",2834,28,Chemicals & Pharmaceuticals,Manufacturing,CA
1787414,BOGOTA FINANCIAL CORP.,6036,60,Depository Institutions,"Finance, Insurance & Real Estate",NJ
882508,QUICKLOGIC CORP,3674,36,Electronic & Electrical Equipment,Manufacturing,CA
1004989,"SPAR GROUP, INC.",7389,73,Business Services & Software,Services,MI
319458,ENSERVCO CORP,1389,13,Oil & Gas Extraction,Mining,CO
880242,"BIOLARGO, INC.",2800,28,Chemicals & Pharmaceuticals,Manufacturing,CA
1320760,"TSS, INC.",8742,87,"Engineering, Accounting & Management Services",Services,TX
1719406,"NRX PHARMACEUTICALS, INC.",2834,28,Chemicals & Pharmaceuticals,Manufacturing,DE
1019034,BIO KEY INTERNATIONAL INC,7372,73,Business Services & Software,Services,NJ
1463913,US ALLIANCE CORP,6311,63,Insurance Carriers,"Finance, Insurance & Real Estate",KS
1621672,"SUPER LEAGUE ENTERPRISE, INC.",7373,73,Business Services & Software,Services,CA
1378590,"BRIDGELINE DIGITAL, INC.",7372,73,Business Services & Software,Services,MA
1438231,DIGIMARC CORP,7373,73,Business Services & Software,Services,OR
793306,BLUE DOLPHIN ENERGY CO,1311,13,Oil & Gas Extraction,Mining,TX
922247,"CYCLO THERAPEUTICS, INC.",2836,28,Chemicals & Pharmaceuticals,Manufacturing,FL
783412,DAILY JOURNAL CORP,2711,27,,Manufacturing,CA
1981535,"SHARPLINK GAMING, INC.",7372,73,Business Services & Software,Services,MN
1865861,CACTUS ACQUISITION CORP. 1 LTD,6770,67,Holding & Investment Offices,"Finance, Insurance & Real Estate",NJ
1567900,BLACKBOXSTOCKS INC.,7371,73,Business Services & Software,Services,TX
1134765,"CHARLIE'S HOLDINGS, INC.",2833,28,Chemicals & Pharmaceuticals,Manufacturing,CA
1625101,"PULSE BIOSCIENCES, INC.",3841,38,Instruments & Medical Devices,Manufacturing,CA
1017655,PAID INC,7389,73,Business Services & Software,Services,MA
63330,MAUI LAND & PINEAPPLE CO INC,6500,65,,"Finance, Insurance & Real Estate",HI
946486,WINDTREE THERAPEUTICS INC /DE/,2836,28,Chemicals & Pharmaceuticals,Manufacturing,PA
1460329,"FLUENT, INC.",7310,73,Business Services & Software,Services,NY
803578,"FIREFLY NEUROSCIENCE, INC.",7372,73,Business Services & Software,Services,NY
896156,ETHAN ALLEN INTERIORS INC,2511,25,,Manufacturing,CT
1702924,"WRAP TECHNOLOGIES, INC.",3480,34,,Manufacturing,FL
1165320,GB SCIENCES INC,1311,13,Oil & Gas Extraction,Mining,NV
1703956,"CONCRETE PUMPING HOLDINGS, INC.",1700,17,,Construction,CO
1690639,VERSABANK,6029,60,Depository Institutions,"Finance, Insurance & Real Estate",ON
69891,NATIONAL BEVERAGE CORP,2086,20,Food & Kindred Products,Manufacturing,FL
1084869,1 800 FLOWERS COM INC,5990,59,Miscellaneous Retail,Retail Trade,NY
1006830,CONSUMERS BANCORP INC /OH/,6021,60,Depository Institutions,"Finance, Insurance & Real Estate",OH
100378,TWIN DISC INC,3560,35,Industrial Machinery & Computer Equipment,Manufacturing,WI
1774675,SKILLSOFT CORP.,7372,73,Business Services & Software,Services,NY
754811,U S GLOBAL INVESTORS INC,6282,62,,"Finance, Insurance & Real Estate",TX
914122,"PERMA-PIPE INTERNATIONAL HOLDINGS, INC.",3564,35,Industrial Machinery & Computer Equipment,Manufacturing,TX
1000230,OPTICAL CABLE CORP,3357,33,,Manufacturing,VA
763532,LSI INDUSTRIES INC,3640,36,Electronic & Electrical Equipment,Manufacturing,OH
850209,"FOOT LOCKER, INC.",5661,56,,Retail Trade,NY
1113809,BUILD-A-BEAR WORKSHOP INC,5945,59,Miscellaneous Retail,Retail Trade,MO
1008586,STREAMLINE HEALTH SOLUTIONS INC.,7373,73,Business Services & Software,Services,GA
926423,"MIND TECHNOLOGY, INC",3812,38,Instruments & Medical Devices,Manufacturing,TX
1088413,"GREYSTONE LOGISTICS, INC.",3559,35,Industrial Machinery & Computer Equipment,Manufacturing,OK
740664,R F INDUSTRIES LTD,3678,36,Electronic & Electrical Equipment,Manufacturing,CA
723269,"IRONSTONE PROPERTIES, INC.",6770,67,Holding & Investment Offices,"Finance, Insurance & Real Estate",CA
1001907,ASTROTECH CORP,3826,38,Instruments & Medical Devices,Manufacturing,TX
1016504,INTEGRATED BIOPHARMA INC,2834,28,Chemicals & Pharmaceuticals,Manufacturing,NJ
732026,TRIO-TECH INTERNATIONAL,3559,35,Industrial Machinery & Computer Equipment,Manufacturing,CA
1018281,INTEGRAL TECHNOLOGIES INC,3679,36,Electronic & Electrical Equipment,Manufacturing,IN
39368,FULLER H B CO,2891,28,Chemicals & Pharmaceuticals,Manufacturing,MN
1385818,"AYTU BIOPHARMA, INC",2834,28,Chemicals & Pharmaceuticals,Manufacturing,CO
1334933,URANIUM ENERGY CORP,1090,10,,Mining,BC
787253,NATURAL ALTERNATIVES INTERNATIONAL INC,2833,28,Chemicals & Pharmaceuticals,Manufacturing,CA
50471,"REPOSITRAK, INC.",7374,73,Business Services & Software,Services,UT
1437958,COASTAL FINANCIAL CORP,6022,60,Depository Institutions,"Finance, Insurance & Real Estate",WA
1438133,TANDEM DIABETES CARE INC,3841,38,Instruments & Medical Devices,Manufacturing,CA
1438533,"TRAVERE THERAPEUTICS, INC.",2834,28,Chemicals & Pharmaceuticals,Manufacturing,CA
1439222,"AGIOS PHARMACEUTICALS, INC.",2834,28,Chemicals & Pharmaceuticals,Manufacturing,MA
1439288,ZURN ELKAY WATER SOLUTIONS CORP,3560,35,Industrial Machinery & Computer Equipment,Manufacturing,WI
1441683,APPIAN CORP,7372,73,Business Services & Software,Services,VA
1441816,"MONGODB, INC.",7372,73,Business Services & Software,Services,NY
1443646,BOOZ ALLEN HAMILTON HOLDING CORP,8742,87,"Engineering, Accounting & Management Services",Services,VA
910108,LXP INDUSTRIAL TRUST,6798,67,Holding & Investment Offices,"Finance, Insurance & Real Estate",NY
1445305,WORKIVA INC,7372,73,Business Services & Software,Services,IA
1446371,"STRATEGIC REALTY TRUST, INC.",6798,67,Holding & Investment Offices,"Finance, Insurance & Real Estate",IL
1447028,ARBUTUS BIOPHARMA CORP,2834,28,Chemicals & Pharmaceuticals,Manufacturing,PA
1447362,CASTLE BIOSCIENCES INC,8071,80,Health Services,Services,TX
1447669,TWILIO INC,7372,73,Business Services & Software,Services,CA
1448893,ESSENT GROUP LTD.,6351,63,Insurance Carriers,"Finance, Insurance & Real Estate",
1449794,"EMBASSY BANCORP, INC.",6022,60,Depository Institutions,"Finance, Insurance & Real Estate",PA
1451505,TRANSOCEAN LTD.,1381,13,Oil & Gas Extraction,Mining,
1451809,SITIME CORP,3674,36,Electronic & Electrical Equipment,Manufacturing,CA
1452477,SEVEN HILLS REALTY TRUST,6798,67,Holding & Investment Offices,"Finance, Insurance & Real Estate",MA
1452857,STEEL PARTNERS HOLDINGS L.P.,3390,33,,Manufacturing,NY
1452936,"PACIFIC OAK STRATEGIC OPPORTUNITY REIT, INC.",6798,67,Holding & Investment Offices,"Finance, Insurance & Real Estate",CA
1454938,OUTBRAIN INC.,7370,73,Business Services & Software,Services,NY
1456772,OFFICE PROPERTIES INCOME TRUST,6500,65,,"Finance, Insurance & Real Estate",MA
1459200,"ALARM.COM HOLDINGS, INC.",7372,73,Business Services & Software,Services,VA
1459417,"2U, INC.",7372,73,Business Services & Software,Services,MD
1459839,"SI-BONE, INC.",3841,38,Instruments & Medical Devices,Manufacturing,CA
1462120,"LIVE OAK BANCSHARES, INC.",6022,60,Depository Institutions,"Finance, Insurance & Real Estate",NC
1462418,ALTISOURCE PORTFOLIO SOLUTIONS S.A.,7380,73,Business Services & Software,Services,
1463101,"ENPHASE ENERGY, INC.",3674,36,Electronic & Electrical Equipment,Manufacturing,CA
1465740,TWO HARBORS INVESTMENT CORP.,6798,67,Holding & Investment Offices,"Finance, Insurance & Real Estate",MN
1466026,"MIDLAND STATES BANCORP, INC.",6022,60,Depository Institutions,"Finance, Insurance & Real Estate",IL
1466085,"INDEPENDENCE REALTY TRUST, INC.",6798,67,Holding & Investment Offices,"Finance, Insurance & Real Estate",PA
1466258,TRANE TECHNOLOGIES PLC,3822,38,Instruments & Medical Devices,Manufacturing,
1466593,OTTER TAIL CORP,4911,49,"Electric, Gas & Sanitary Services","Transportation, Communications & Utilities",MN
1467373,ACCENTURE PLC,7389,73,Business Services & Software,Services,
1467623,"DROPBOX, INC.",7372,73,Business Services & Software,Services,CA
1467858,GENERAL MOTORS CO,3711,37,Transportation Equipment,Manufacturing,MI
1468091,VEON LTD.,4812,48,Communications,"Transportation, Communications & Utilities",
1468174,HYATT HOTELS CORP,7011,70,,Services,IL
1468327,"RENT THE RUNWAY, INC.",5990,59,Miscellaneous Retail,Retail Trade,NY
1468666,SECUREWORKS CORP,7372,73,Business Services & Software,Services,GA
1468910,MILLBURN MULTI-MARKETS FUND L.P.,6221,62,,"Finance, Insurance & Real Estate",CT
1469367,SUNRUN INC.,3690,36,Electronic & Electrical Equipment,Manufacturing,CA
1471265,"NORTHWEST BANCSHARES, INC.",6021,60,Depository Institutions,"Finance, Insurance & Real Estate",PA
1357878,"REGENEREX PHARMA, INC.",2834,28,Chemicals & Pharmaceuticals,Manufacturing,NV
930245,GLOBAL ACQUISITIONS CORP,5900,59,Miscellaneous Retail,Retail Trade,NV
1473844,"STELLAR BANCORP, INC.",6021,60,Depository Institutions,"Finance, Insurance & Real Estate",TX
1474098,PEBBLEBROOK HOTEL TRUST,6798,67,Holding & Investment Offices,"Finance, Insurance & Real Estate",MD
1474903,"BGSF, INC.",7363,73,Business Services & Software,Services,TX
1475115,"EVENTBRITE, INC.",7370,73,Business Services & Software,Services,CA
1475841,NATIONAL BANK HOLDINGS CORP,6021,60,Depository Institutions,"Finance, Insurance & Real Estate",CO
1476045,CHATHAM LODGING TRUST,6798,67,Holding & Investment Offices,"Finance, Insurance & Real Estate",FL
1476150,TERRENO REALTY CORP,6500,65,,"Finance, Insurance & Real Estate",CA
1476204,"PHILLIPS EDISON & COMPANY, INC.",6798,67,Holding & Investment Offices,"Finance, Insurance & Real Estate",OH
1476840,"EXPENSIFY, INC.",7372,73,Business Services & Software,Services,OR
1477294,SENSATA TECHNOLOGIES HOLDING PLC,3823,38,Instruments & Medical Devices,Manufacturing,
1477333,"CLOUDFLARE, INC.",7372,73,Business Services & Software,Services,CA
1477449,"TELADOC HEALTH, INC.",8011,80,Health Services,Services,NY
1477720,"ASANA, INC.",7372,73,Business Services & Software,Services,CA
1854816,MINERVA GOLD INC.,1000,10,,Mining,
1230524,"LEOPARD ENERGY, INC.",8742,87,"Engineering, Accounting & Management Services",Services,
1622057,NASCENT BIOTECH INC.,2834,28,Chemicals & Pharmaceuticals,Manufacturing,FL
1675634,"SHIFTPIXY, INC.",7361,73,Business Services & Software,Services,FL
1593773,AMJ GLOBAL TECHNOLOGY,7371,73,Business Services & Software,Services,NV
1775194,"UPEXI, INC.",2833,28,Chemicals & Pharmaceuticals,Manufacturing,FL
55234,KENILWORTH SYSTEMS CORP,7990,79,,Services,FL
1434740,RANGER GOLD CORP.,1040,10,,Mining,NY
1906133,ICORECONNECT INC.,7372,73,Business Services & Software,Services,FL
1994582,OYOCAR GROUP INC.,5500,55,,Retail Trade,
1517389,"JUBILANT FLAME INTERNATIONAL, LTD",7371,73,Business Services & Software,Services,CA
1721056,HOOPS SCOUTING USA,7374,73,Business Services & Software,Services,CA
1683252,TOKEN COMMUNITIES LTD.,6552,65,,"Finance, Insurance & Real Estate",FL
1828739,AZZURRO SOLUTIONS CORP.,5099,50,Wholesale — Durable Goods,Wholesale Trade,CA
1231339,"ASTRA ENERGY, INC.",4911,49,"Electric, Gas & Sanitary Services","Transportation, Communications & Utilities",FL
1096938,"UNITED HEALTH PRODUCTS, INC.",3842,38,Instruments & Medical Devices,Manufacturing,NV
1696411,CRONA CORP.,7389,73,Business Services & Software,Services,BC
1464865,"ACCREDITED SOLUTIONS, INC.",2080,20,Food & Kindred Products,Manufacturing,NC
1420368,DLT RESOLUTION INC.,7200,72,,Services,NV
1575295,ALLIED CORP.,5961,59,Miscellaneous Retail,Retail Trade,BC
1443611,SINGLEPOINT INC.,5960,59,Miscellaneous Retail,Retail Trade,AZ
1061164,PEREGRINE INDUSTRIES INC,3569,35,Industrial Machinery & Computer Equipment,Manufacturing,NY
1440799,MMEX RESOURCES CORP,7819,78,,Services,TX
1025771,CHASE PACKAGING CORP,700,07,,"Agriculture, Forestry & Fishing",NJ
1895939,TANICO INC.,7371,73,Business Services & Software,Services,
1338929,"AUTHENTIC HOLDINGS, INC.",5130,51,,Wholesale Trade,NJ
1429393,"TRUTANKLESS, INC.",3630,36,Electronic & Electrical Equipment,Manufacturing,AZ
1430300,"GLOBAL WARMING SOLUTIONS, INC.",5960,59,Miscellaneous Retail,Retail Trade,CA
1084554,LIGHTBRIDGE CORP,8742,87,"Engineering, Accounting & Management Services",Services,VA
1414953,EQUATOR BEVERAGE CO,2080,20,Food & Kindred Products,Manufacturing,NJ
1735092,"GOFBA, INC.",7374,73,Business Services & Software,Services,CA
1474167,COSMOS HEALTH INC.,5122,51,,Wholesale Trade,
1892480,"HEMPACCO CO., INC.",2111,21,,Manufacturing,CA
1404935,"THC THERAPEUTICS, INC.",3523,35,Industrial Machinery & Computer Equipment,Manufacturing,NV
1701261,"FARMMI, INC.",2033,20,Food & Kindred Products,Manufacturing,
1187953,"CREATIVE MEDICAL TECHNOLOGY HOLDINGS, INC.",2836,28,Chemicals & Pharmaceuticals,Manufacturing,AZ
728385,BIRCHTECH CORP.,3829,38,Instruments & Medical Devices,Manufacturing,TX
1425627,"SOBR SAFE, INC.",2721,27,,Manufacturing,CO
1437925,"GOLDEN MATRIX GROUP, INC.",7372,73,Business Services & Software,Services,NV
1443863,BIOCORRX INC.,8093,80,Health Services,Services,CA
1720286,INTERNET SCIENCES INC.,4899,48,Communications,"Transportation, Communications & Utilities",NY
316888,AVINO SILVER & GOLD MINES LTD,1000,10,,Mining,BC
730669,FCCC INC,6770,67,Holding & Investment Offices,"Finance, Insurance & Real Estate",CA
1737523,BIONEXUS GENE LAB CORP,8071,80,Health Services,Services,
1108645,CORRELATE ENERGY CORP.,8711,87,"Engineering, Accounting & Management Services",Services,ID
1696195,KINETIC GROUP INC.,7310,73,Business Services & Software,Services,FL
1643301,"AVENIR WELLNESS SOLUTIONS, INC.",2834,28,Chemicals & Pharmaceuticals,Manufacturing,CA
1938338,GLOBALTECH CORP,4813,48,Communications,"Transportation, Communications & Utilities",NV
1809750,EDIBLE GARDEN AG INC,100,01,,"Agriculture, Forestry & Fishing",NJ
1477960,CATALYST CREW TECHNOLOGIES CORP.,7370,73,Business Services & Software,Services,WY
40570,GEE GROUP INC.,7361,73,Business Services & Software,Services,FL
1284454,YONG BAI CHAO NEW RETAIL CORP,3714,37,Transportation Equipment,Manufacturing,
93314,VOLITIONRX LTD,2835,28,Chemicals & Pharmaceuticals,Manufacturing,NV
1088638,"MASTERMIND, INC.",7310,73,Business Services & Software,Services,GA
1485074,"FREEZE TAG, INC.",7372,73,Business Services & Software,Services,CA
1877461,1606 CORP.,7372,73,Business Services & Software,Services,AZ
924515,GUIDED THERAPEUTICS INC,3845,38,Instruments & Medical Devices,Manufacturing,GA
1682265,"RELIANT HOLDINGS, INC.",1700,17,,Construction,TX
1843656,ROYALTY MANAGEMENT HOLDING CORP,6794,67,Holding & Investment Offices,"Finance, Insurance & Real Estate",IN
1718224,"BT BRANDS, INC.",5812,58,Eating & Drinking Places,Retail Trade,ND
1134982,"APPLE ISPORTS GROUP, INC.",6411,64,,"Finance, Insurance & Real Estate",CA
1753681,ELITE PERFORMANCE HOLDING CORP,2080,20,Food & Kindred Products,Manufacturing,FL
1689084,QRONS INC.,2836,28,Chemicals & Pharmaceuticals,Manufacturing,NY
1848861,HEALTHCARE AI ACQUISITION CORP.,6770,67,Holding & Investment Offices,"Finance, Insurance & Real Estate",NY
1651992,"APPSOFT TECHNOLOGIES, INC.",7372,73,Business Services & Software,Services,NY
1530425,"ARTISAN CONSUMER GOODS, INC.",1000,10,,Mining,WA
1132509,NEW MOMENTUM CORP.,8741,87,"Engineering, Accounting & Management Services",Services,
1434737,"SPIRITS TIME INTERNATIONAL, INC.",1311,13,Oil & Gas Extraction,Mining,UT
894560,BIOETHICS LTD,6770,67,Holding & Investment Offices,"Finance, Insurance & Real Estate",UT
1099132,MANHATTAN SCIENTIFICS INC,3690,36,Electronic & Electrical Equipment,Manufacturing,NY
1383088,CYTTA CORP.,7372,73,Business Services & Software,Services,NV
1590715,AMERICAN RESOURCES CORP,1220,12,,Mining,IN
1386044,"FREEDOM HOLDINGS, INC.",6163,61,,"Finance, Insurance & Real Estate",IN
1921865,ASP ISOTOPES INC.,2890,28,Chemicals & Pharmaceuticals,Manufacturing,DC
860543,JACKSAM CORP,4833,48,Communications,"Transportation, Communications & Utilities",CA
1854526,"BROOQLY, INC.",7374,73,Business Services & Software,Services,IL
1558740,WINVEST GROUP LTD,7812,78,,Services,NV
1103833,"CROWN EQUITY HOLDINGS, INC.",5734,57,,Retail Trade,NV
1605057,"VEMANTI GROUP, INC.",6199,61,,"Finance, Insurance & Real Estate",CA
1800373,"GOLDENWELL BIOTECH, INC.",2000,20,Food & Kindred Products,Manufacturing,OH
1309082,"CAMBER ENERGY, INC.",1311,13,Oil & Gas Extraction,Mining,TX
1533357,DEFENSE TECHNOLOGIES INTERNATIONAL CORP.,1040,10,,Mining,CA
1830503,BUSINESS WARRIOR CORP,7372,73,Business Services & Software,Services,NV
1603345,AGENTIX CORP.,2836,28,Chemicals & Pharmaceuticals,Manufacturing,CA
1374881,KINGFISH HOLDING CORP,5090,50,Wholesale — Durable Goods,Wholesale Trade,FL
1912540,SOUND CAVE TECHNOLOGY INC.,2390,23,,Manufacturing,ON
831378,LVPAI GROUP LTD,6799,67,Holding & Investment Offices,"Finance, Insurance & Real Estate",NY
1546853,"SKKYNET CLOUD SYSTEMS, INC.",7372,73,Business Services & Software,Services,ON
1544400,NFINITI INC.,1382,13,Oil & Gas Extraction,Mining,NV
1729637,KARBON-X CORP.,2844,28,Chemicals & Pharmaceuticals,Manufacturing,AB
1909770,KHEOBA CORP.,7371,73,Business Services & Software,Services,
1730869,"EVERYTHING BLOCKCHAIN, INC.",7372,73,Business Services & Software,Services,FL
1696025,"KINDCARD, INC.",5940,59,Miscellaneous Retail,Retail Trade,FL
352991,ADVANCED OXYGEN TECHNOLOGIES INC,6500,65,,"Finance, Insurance & Real Estate",VT
1643721,"LEAFBUYER TECHNOLOGIES, INC.",8742,87,"Engineering, Accounting & Management Services",Services,CO
1818550,INCORDEX CORP.,7200,72,,Services,
1525306,FIRST AMERICA RESOURCES CORP,5065,50,Wholesale — Durable Goods,Wholesale Trade,IL
1520118,"INTEGRATED VENTURES, INC.",6199,61,,"Finance, Insurance & Real Estate",FL
1780785,CN ENERGY GROUP. INC.,2860,28,Chemicals & Pharmaceuticals,Manufacturing,
1750777,"HAWKEYE SYSTEMS, INC.",3861,38,Instruments & Medical Devices,Manufacturing,GA
1478242,IQVIA HOLDINGS INC.,8731,87,"Engineering, Accounting & Management Services",Services,NC
1479094,"STAG INDUSTRIAL, INC.",6798,67,Holding & Investment Offices,"Finance, Insurance & Real Estate",MA
1479290,"REVANCE THERAPEUTICS, INC.",2834,28,Chemicals & Pharmaceuticals,Manufacturing,TN
1479681,"NUTEX HEALTH, INC.",7389,73,Business Services & Software,Services,TX
1481792,"QUAD/GRAPHICS, INC.",2750,27,,Manufacturing,WI
1482430,"KBS REAL ESTATE INVESTMENT TRUST III, INC.",6798,67,Holding & Investment Offices,"Finance, Insurance & Real Estate",CA
1482512,"HUDSON PACIFIC PROPERTIES, INC.",6500,65,,"Finance, Insurance & Real Estate",CA
1482981,"VITA COCO COMPANY, INC.",2080,20,Food & Kindred Products,Manufacturing,NY
1484778,THREDUP INC.,5961,59,Miscellaneous Retail,Retail Trade,CA
1485003,CARISMA THERAPEUTICS INC.,2834,28,Chemicals & Pharmaceuticals,Manufacturing,PA
1486159,CHORD ENERGY CORP,1311,13,Oil & Gas Extraction,Mining,TX
1486957,"BWX TECHNOLOGIES, INC.",3510,35,Industrial Machinery & Computer Equipment,Manufacturing,VA
1487952,"VISHAY PRECISION GROUP, INC.",3670,36,Electronic & Electrical Equipment,Manufacturing,PA
1488139,"AMERESCO, INC.",1700,17,,Construction,MA
1488813,"CUSTOMERS BANCORP, INC.",6022,60,Depository Institutions,"Finance, Insurance & Real Estate",PA
1489096,"THERMON GROUP HOLDINGS, INC.",3620,36,Electronic & Electrical Equipment,Manufacturing,TX
1489393,LYONDELLBASELL INDUSTRIES N.V.,2860,28,Chemicals & Pharmaceuticals,Manufacturing,TX
1490281,"GROUPON, INC.",7311,73,Business Services & Software,Services,IL
1490906,"CAPITOL FEDERAL FINANCIAL, INC.",6035,60,Depository Institutions,"Finance, Insurance & Real Estate",KS
1490978,"SCHRODINGER, INC.",2834,28,Chemicals & Pharmaceuticals,Manufacturing,NY
1492298,"SABRA HEALTH CARE REIT, INC.",6798,67,Holding & Investment Offices,"Finance, Insurance & Real Estate",CA
1492691,KNIGHT-SWIFT TRANSPORTATION HOLDINGS INC.,4213,42,,"Transportation, Communications & Utilities",AZ
793171,"VITRO BIOPHARMA, INC.",2836,28,Chemicals & Pharmaceuticals,Manufacturing,CO
1171838,"SUNDANCE STRATEGIES, INC.",6411,64,,"Finance, Insurance & Real Estate",UT
1644488,SHARING SERVICES GLOBAL CORP,5122,51,,Wholesale Trade,TX
1672572,LANDBAY INC,1040,10,,Mining,NY
1849221,PERFECT MOMENT LTD.,2300,23,,Manufacturing,
1888151,FEMTO TECHNOLOGIES INC.,7372,73,Business Services & Software,Services,BC
1053369,ELITE PHARMACEUTICALS INC /NV/,2834,28,Chemicals & Pharmaceuticals,Manufacturing,NJ
1603207,"NOTABLE LABS, LTD.",2834,28,Chemicals & Pharmaceuticals,Manufacturing,CA
1984076,"METROS DEVELOPMENT CO., LTD.",6552,65,,"Finance, Insurance & Real Estate",
1460702,"QUALIGEN THERAPEUTICS, INC.",2834,28,Chemicals & Pharmaceuticals,Manufacturing,CA
1955514,RANMARINE TECHNOLOGY B.V.,3730,37,Transportation Equipment,Manufacturing,
1066764,BITECH TECHNOLOGIES CORP,4911,49,"Electric, Gas & Sanitary Services","Transportation, Communications & Utilities",CA
1011060,NORDICUS PARTNERS CORP,8742,87,"Engineering, Accounting & Management Services",Services,CA
1865111,ALPHA STAR ACQUISITION CORP,6770,67,Holding & Investment Offices,"Finance, Insurance & Real Estate",NY
1708599,"SERINA THERAPEUTICS, INC.",2834,28,Chemicals & Pharmaceuticals,Manufacturing,AL
1900679,TECHNOLOGY & TELECOMMUNICATION ACQUISITION CORP,7389,73,Business Services & Software,Services,FL
1559356,BIOSTAX CORP.,2834,28,Chemicals & Pharmaceuticals,Manufacturing,FL
1647822,"JINGBO TECHNOLOGY, INC.",7372,73,Business Services & Software,Services,
1787803,MEIWU TECHNOLOGY CO LTD,4822,48,Communications,"Transportation, Communications & Utilities",
1471727,BETTER CHOICE CO INC.,2080,20,Food & Kindred Products,Manufacturing,FL
1923891,NANO NUCLEAR ENERGY INC.,4911,49,"Electric, Gas & Sanitary Services","Transportation, Communications & Utilities",NY
1295514,"MDWERKS, INC.",2080,20,Food & Kindred Products,Manufacturing,FL
1657214,INTERNATIONAL LAND ALLIANCE INC.,6552,65,,"Finance, Insurance & Real Estate",CA
1861622,JET.AI INC.,4522,45,,"Transportation, Communications & Utilities",NV
1496690,"BLUEONE CARD, INC.",7389,73,Business Services & Software,Services,NV
1851484,"CITIUS ONCOLOGY, INC.",2834,28,Chemicals & Pharmaceuticals,Manufacturing,NJ
1862935,CURRENC GROUP INC.,7389,73,Business Services & Software,Services,NY
1753373,"M2I GLOBAL, INC.",5050,50,Wholesale — Durable Goods,Wholesale Trade,NV
1700844,EVOAIR HOLDINGS INC.,3585,35,Industrial Machinery & Computer Equipment,Manufacturing,
1853825,THUMZUP MEDIA CORP,7374,73,Business Services & Software,Services,CA
1263364,IDAHO COPPER CORP,1000,10,,Mining,ID
1859007,"ZYVERSA THERAPEUTICS, INC.",2834,28,Chemicals & Pharmaceuticals,Manufacturing,NJ
1823635,"CXJ GROUP CO., LTD",3714,37,Transportation Equipment,Manufacturing,
1900402,EVERGREEN CORP,6770,67,Holding & Investment Offices,"Finance, Insurance & Real Estate",FL
1603793,"NORRIS INDUSTRIES, INC.",1311,13,Oil & Gas Extraction,Mining,TX
1580490,I-ON DIGITAL CORP.,2082,20,Food & Kindred Products,Manufacturing,IL
1499717,"STAFFING 360 SOLUTIONS, INC.",7363,73,Business Services & Software,Services,NY
1657045,NEXT-CHEMX CORPORATION.,2890,28,Chemicals & Pharmaceuticals,Manufacturing,TX
1575858,PUREBASE CORP,2870,28,Chemicals & Pharmaceuticals,Manufacturing,CA
1498148,ARTIFICIAL INTELLIGENCE TECHNOLOGY SOLUTIONS INC.,7372,73,Business Services & Software,Services,MI
1650101,ADDENTAX GROUP CORP.,7330,73,Business Services & Software,Services,
1898766,TRIO PETROLEUM CORP.,1311,13,Oil & Gas Extraction,Mining,CA
1938109,PINEAPPLE FINANCIAL INC.,6199,61,,"Finance, Insurance & Real Estate",
1572565,INDOOR HARVEST CORP,3590,35,Industrial Machinery & Computer Equipment,Manufacturing,TX
1901297,ZRCN INC.,3690,36,Electronic & Electrical Equipment,Manufacturing,NY
1572386,GREENWAY TECHNOLOGIES INC,2090,20,Food & Kindred Products,Manufacturing,TX
1873722,BUBBLR INC.,7370,73,Business Services & Software,Services,NY
1761534,GOLDEN ROYAL DEVELOPMENT INC.,1311,13,Oil & Gas Extraction,Mining,NY
1621459,DIAMIR BIOSCIENCES CORP.,3829,38,Instruments & Medical Devices,Manufacturing,NJ
1492617,"FLYWHEEL ADVANCED TECHNOLOGY, INC.",7380,73,Business Services & Software,Services,NV
1509957,CAN B CORP,5122,51,,Wholesale Trade,NY
1113423,COSCIENS BIOPHARMA INC.,2834,28,Chemicals & Pharmaceuticals,Manufacturing,ON
1561880,"LEGACY EDUCATION ALLIANCE, INC.",8200,82,,Services,FL
1470683,ANTELOPE ENTERPRISE HOLDINGS LTD,4899,48,Communications,"Transportation, Communications & Utilities",NY
1166708,"BROWNIE'S MARINE GROUP, INC",3949,39,,Manufacturing,FL
1465470,NATURALSHRIMP INC,900,09,,"Agriculture, Forestry & Fishing",TX
1871181,"FAMILY OFFICE OF AMERICA, INC.",3841,38,Instruments & Medical Devices,Manufacturing,CO
764630,SHOREPOWER TECHNOLOGIES INC.,3790,37,Transportation Equipment,Manufacturing,OR
1743745,"GREENLANE HOLDINGS, INC.",5099,50,Wholesale — Durable Goods,Wholesale Trade,FL
1973368,SRIVARU HOLDING LTD,3711,37,Transportation Equipment,Manufacturing,
1591890,FUNDAMENTAL GLOBAL INC.,6331,63,Insurance Carriers,"Finance, Insurance & Real Estate",IL
1138978,"NOVO INTEGRATED SCIENCES, INC.",3510,35,Industrial Machinery & Computer Equipment,Manufacturing,WA
1021917,"AWAYSIS CAPITAL, INC.",6512,65,,"Finance, Insurance & Real Estate",FL
1664740,MBC FUNDING II CORP.,6798,67,Holding & Investment Offices,"Finance, Insurance & Real Estate",NY
1080340,"MANHATTAN BRIDGE CAPITAL, INC",6798,67,Holding & Investment Offices,"Finance, Insurance & Real Estate",NY
1679817,"OZOP ENERGY SOLUTIONS, INC.",3690,36,Electronic & Electrical Equipment,Manufacturing,NY
1860871,TEVOGEN BIO HOLDINGS INC.,2836,28,Chemicals & Pharmaceuticals,Manufacturing,NJ
1932244,"AI UNLIMITED GROUP, INC.",7372,73,Business Services & Software,Services,CA
1530766,"BIOSIG TECHNOLOGIES, INC.",3845,38,Instruments & Medical Devices,Manufacturing,CT
1674440,CONNEXA SPORTS TECHNOLOGIES INC.,3949,39,,Manufacturing,DE
1948864,HEALTHY CHOICE WELLNESS CORP.,5411,54,,Retail Trade,FL
1812727,"RELIANCE GLOBAL GROUP, INC.",6411,64,,"Finance, Insurance & Real Estate",NJ
1378140,"OCEAN POWER TECHNOLOGIES, INC.",4911,49,"Electric, Gas & Sanitary Services","Transportation, Communications & Utilities",NJ
1957001,FENBO HOLDINGS LTD,3634,36,Electronic & Electrical Equipment,Manufacturing,
1449792,"PIONEER POWER SOLUTIONS, INC.",3612,36,Electronic & Electrical Equipment,Manufacturing,NJ
1838163,BRAND ENGAGEMENT NETWORK INC.,7373,73,Business Services & Software,Services,WY
1882464,METAL SKY STAR ACQUISITION CORP,6770,67,Holding & Investment Offices,"Finance, Insurance & Real Estate",NJ
1922639,PERMEX PETROLEUM CORP,1381,13,Oil & Gas Extraction,Mining,TX
1538495,"EARTH SCIENCE TECH, INC.",2834,28,Chemicals & Pharmaceuticals,Manufacturing,FL
27093,U.S. GOLD CORP.,1000,10,,Mining,NV
1503658,LIQUIDVALUE DEVELOPMENT INC.,6500,65,,"Finance, Insurance & Real Estate",MD
1569340,"CELL SOURCE, INC.",2834,28,Chemicals & Pharmaceuticals,Manufacturing,NY
1414767,NETCAPITAL INC.,6199,61,,"Finance, Insurance & Real Estate",MA
1716166,"VIVOS THERAPEUTICS, INC.",3841,38,Instruments & Medical Devices,Manufacturing,CO
1995648,AFB LTD,7389,73,Business Services & Software,Services,
1944212,DT CLOUD ACQUISITION CORP,6770,67,Holding & Investment Offices,"Finance, Insurance & Real Estate",
1407583,BUNKER HILL MINING CORP.,1000,10,,Mining,ON
1898604,YOSHIHARU GLOBAL CO.,5812,58,Eating & Drinking Places,Retail Trade,CA
1729173,UXIN LTD,7389,73,Business Services & Software,Services,
1661053,ENVVENO MEDICAL CORP,3841,38,Instruments & Medical Devices,Manufacturing,CA
84112,"GEORGE RISK INDUSTRIES, INC.",3669,36,Electronic & Electrical Equipment,Manufacturing,NE
1516899,"YATRA ONLINE, INC.",4700,47,,"Transportation, Communications & Utilities",
1831979,STARDUST POWER INC.,3330,33,,Manufacturing,OK
1945240,ROMA GREEN FINANCE LTD,8742,87,"Engineering, Accounting & Management Services",Services,
793524,RESEARCH FRONTIERS INC,6794,67,Holding & Investment Offices,"Finance, Insurance & Real Estate",NY
1577445,ODYSIGHT.AI INC.,3827,38,Instruments & Medical Devices,Manufacturing,AZ
1317945,"OMEGA FLEX, INC.",3430,34,,Manufacturing,PA
1893657,RUBBER LEAF INC,3714,37,Transportation Equipment,Manufacturing,
1687919,FORGE INNOVATION DEVELOPMENT CORP.,6552,65,,"Finance, Insurance & Real Estate",CA
1954694,LUCAS GC LTD,7370,73,Business Services & Software,Services,
1934245,"SACKS PARENTE GOLF, INC.",3949,39,,Manufacturing,CA
1748232,"GPODS, INC.",5200,52,,Retail Trade,CA
1288855,"OPTIMUMBANK HOLDINGS, INC.",6021,60,Depository Institutions,"Finance, Insurance & Real Estate",FL
1014763,"AINOS, INC.",2834,28,Chemicals & Pharmaceuticals,Manufacturing,CA
1433607,"INSPIREMD, INC.",3841,38,Instruments & Medical Devices,Manufacturing,FL
1730773,BLUE STAR FOODS CORP.,2092,20,Food & Kindred Products,Manufacturing,FL
1042418,"INHIBITOR THERAPEUTICS, INC.",2834,28,Chemicals & Pharmaceuticals,Manufacturing,FL
844856,HEALTHIER CHOICES MANAGEMENT CORP.,2100,21,,Manufacturing,FL
752642,"UMH PROPERTIES, INC.",6798,67,Holding & Investment Offices,"Finance, Insurance & Real Estate",NJ
1641631,"BEYOND AIR, INC.",3841,38,Instruments & Medical Devices,Manufacturing,NY
1613685,TRENDMAKER INC. LTD.,2731,27,,Manufacturing,NC
1828748,ASIAFIN HOLDINGS CORP.,7389,73,Business Services & Software,Services,
1022505,"SIDECHANNEL, INC.",7374,73,Business Services & Software,Services,MA
1829247,"BULLFROG AI HOLDINGS, INC.",2834,28,Chemicals & Pharmaceuticals,Manufacturing,MD
948320,"LIFEMD, INC.",8011,80,Health Services,Services,NY
1643988,"LOOP MEDIA, INC.",7363,73,Business Services & Software,Services,CA
1360214,"HARROW, INC.",2834,28,Chemicals & Pharmaceuticals,Manufacturing,TN
1958777,"FIBROBIOLOGICS, INC.",2834,28,Chemicals & Pharmaceuticals,Manufacturing,TX
1532619,POWER REIT,6798,67,Holding & Investment Offices,"Finance, Insurance & Real Estate",NY
65770,"MICROVISION, INC.",3679,36,Electronic & Electrical Equipment,Manufacturing,WA
1673504,ATLANTIS GLORY INC.,8742,87,"Engineering, Accounting & Management Services",Services,
1535955,LIPOCINE INC.,2834,28,Chemicals & Pharmaceuticals,Manufacturing,
1453593,"XTANT MEDICAL HOLDINGS, INC.",2836,28,Chemicals & Pharmaceuticals,Manufacturing,MT
880984,"ACORN ENERGY, INC.",8711,87,"Engineering, Accounting & Management Services",Services,DE
891532,PERMA FIX ENVIRONMENTAL SERVICES INC,4955,49,"Electric, Gas & Sanitary Services","Transportation, Communications & Utilities",GA
1549145,"BLUE BIOFUELS, INC.",2860,28,Chemicals & Pharmaceuticals,Manufacturing,FL
1360565,"WHERE FOOD COMES FROM, INC.",7372,73,Business Services & Software,Services,CO
1196298,NEPHROS INC,3841,38,Instruments & Medical Devices,Manufacturing,NJ
1584831,OXBRIDGE RE HOLDINGS LTD,6331,63,Insurance Carriers,"Finance, Insurance & Real Estate",
1922335,SYRA HEALTH CORP,7361,73,Business Services & Software,Services,IN
1335105,"LIXTE BIOTECHNOLOGY HOLDINGS, INC.",2834,28,Chemicals & Pharmaceuticals,Manufacturing,NY
1692415,"CO-DIAGNOSTICS, INC.",3841,38,Instruments & Medical Devices,Manufacturing,UT
1534675,TECNOGLASS INC.,3211,32,,Manufacturing,FL
1460602,ORGENESIS INC.,2834,28,Chemicals & Pharmaceuticals,Manufacturing,MD
1438943,"RANGE IMPACT, INC.",1600,16,,Construction,OH
1763950,LANTERN PHARMA INC.,2834,28,Chemicals & Pharmaceuticals,Manufacturing,TX
1054102,"INTERPACE BIOSCIENCES, INC.",3841,38,Instruments & Medical Devices,Manufacturing,NJ
722313,NORTECH SYSTEMS INC,3679,36,Electronic & Electrical Equipment,Manufacturing,MN
1600347,HAPI METAVERSE INC.,8742,87,"Engineering, Accounting & Management Services",Services,MD
66418,MEXCO ENERGY CORP,1311,13,Oil & Gas Extraction,Mining,TX
1642380,ONCOCYTE CORP,2835,28,Chemicals & Pharmaceuticals,Manufacturing,CA
1615063,"INSPIRED ENTERTAINMENT, INC.",7372,73,Business Services & Software,Services,NY
771266,KOPIN CORP,3674,36,Electronic & Electrical Equipment,Manufacturing,MA
1015383,"AMMO, INC.",3480,34,,Manufacturing,AZ
1976900,DFP HOLDINGS LTD,8200,82,,Services,
1979005,"AIMEI HEALTH TECHNOLOGY CO., LTD.",6770,67,Holding & Investment Offices,"Finance, Insurance & Real Estate",NY
1933567,"NEURAXIS, INC",3845,38,Instruments & Medical Devices,Manufacturing,IN
1874875,"HOUR LOOP, INC",5961,59,Miscellaneous Retail,Retail Trade,WA
1162896,PRAIRIE OPERATING CO.,1311,13,Oil & Gas Extraction,Mining,TX
1983736,EVA LIVE INC,7370,73,Business Services & Software,Services,CA
1861657,"THARIMMUNE, INC.",2834,28,Chemicals & Pharmaceuticals,Manufacturing,NJ
1540684,ATLAS LITHIUM CORP,1400,14,,Mining,FL
1691221,FORESIGHT AUTONOMOUS HOLDINGS LTD.,7372,73,Business Services & Software,Services,
1429764,BLINK CHARGING CO.,3790,37,Transportation Equipment,Manufacturing,FL
1178697,SONIM TECHNOLOGIES INC,3661,36,Electronic & Electrical Equipment,Manufacturing,CA
1382574,"SCIENTURE HOLDINGS, INC.",2834,28,Chemicals & Pharmaceuticals,Manufacturing,FL
1821175,MOTORSPORT GAMES INC.,7372,73,Business Services & Software,Services,FL
1419554,BONE BIOLOGICS CORP,3842,38,Instruments & Medical Devices,Manufacturing,MA
1799332,GAN LTD,7370,73,Business Services & Software,Services,CA
1174940,ORAGENICS INC,2834,28,Chemicals & Pharmaceuticals,Manufacturing,FL
1665300,"PHUNWARE, INC.",7374,73,Business Services & Software,Services,TX
1907425,JOCOM HOLDINGS CORP.,7380,73,Business Services & Software,Services,
1695473,"GREATER CANNABIS COMPANY, INC.",2834,28,Chemicals & Pharmaceuticals,Manufacturing,MD
1782430,"STRAWBERRY FIELDS REIT, INC.",6798,67,Holding & Investment Offices,"Finance, Insurance & Real Estate",IN
318306,ABEONA THERAPEUTICS INC.,2834,28,Chemicals & Pharmaceuticals,Manufacturing,OH
1857044,"INDAPTUS THERAPEUTICS, INC.",2834,28,Chemicals & Pharmaceuticals,Manufacturing,NY
1952853,MASSIMO GROUP,3790,37,Transportation Equipment,Manufacturing,TX
1799011,LUCID DIAGNOSTICS INC.,3841,38,Instruments & Medical Devices,Manufacturing,NY
1568969,"APPYEA, INC",7371,73,Business Services & Software,Services,
714256,SANARA MEDTECH INC.,3842,38,Instruments & Medical Devices,Manufacturing,TX
1605481,NEVADA CANYON GOLD CORP.,1040,10,,Mining,NV
723533,LONGWEN GROUP CORP.,8742,87,"Engineering, Accounting & Management Services",Services,
1956744,"SRM ENTERTAINMENT, INC.",3944,39,,Manufacturing,FL
1624326,PAVMED INC.,3841,38,Instruments & Medical Devices,Manufacturing,NY
1211805,"MY SIZE, INC.",7372,73,Business Services & Software,Services,
1632121,"BALANCE LABS, INC.",8742,87,"Engineering, Accounting & Management Services",Services,FL
1598981,SKYX PLATFORMS CORP.,3640,36,Electronic & Electrical Equipment,Manufacturing,FL
1085243,"VIRTRA, INC",3990,39,,Manufacturing,AZ
847942,STRATEGIC ACQUISITIONS INC /NV/,6199,61,,"Finance, Insurance & Real Estate",NY
1371128,"NEWHYDROGEN, INC.",3081,30,,Manufacturing,CA
1970371,BROAD CAPITAL ACQUISITION LTD,6211,62,,"Finance, Insurance & Real Estate",
1966678,PRIMEGA GROUP HOLDINGS LTD,1540,15,,Construction,
1407878,"DIGITAL LOCATIONS, INC.",4953,49,"Electric, Gas & Sanitary Services","Transportation, Communications & Utilities",CA
1331421,"HALLMARK VENTURE GROUP, INC.",6500,65,,"Finance, Insurance & Real Estate",CA
890821,"ENVERIC BIOSCIENCES, INC.",2834,28,Chemicals & Pharmaceuticals,Manufacturing,FL
1961847,INNO HOLDINGS INC.,3317,33,,Manufacturing,TX
1873835,"IMMIX BIOPHARMA, INC.",2834,28,Chemicals & Pharmaceuticals,Manufacturing,CA
1487718,"AMERICAN BATTERY MATERIALS, INC.",1400,14,,Mining,CT
1897245,HWH INTERNATIONAL INC.,5122,51,,Wholesale Trade,MD
1896212,CONDUIT PHARMACEUTICALS INC.,2834,28,Chemicals & Pharmaceuticals,Manufacturing,FL
1940674,SMX (SECURITY MATTERS) PUBLIC LTD CO,3590,35,Industrial Machinery & Computer Equipment,Manufacturing,
1064722,GIVEMEPOWER CORP,6500,65,,"Finance, Insurance & Real Estate",AB
1599117,"MENTOR CAPITAL, INC.",6799,67,Holding & Investment Offices,"Finance, Insurance & Real Estate",TX
1672571,ANTIAGING QUANTUM LIVING INC.,7331,73,Business Services & Software,Services,NY
1862150,CINGULATE INC.,2834,28,Chemicals & Pharmaceuticals,Manufacturing,KS
1597846,GREENPRO CAPITAL CORP.,8742,87,"Engineering, Accounting & Management Services",Services,
1574235,"PULMATRIX, INC.",2834,28,Chemicals & Pharmaceuticals,Manufacturing,MA
1389518,"CLUBHOUSE MEDIA GROUP, INC.",7900,79,,Services,NV
1388295,ONEMETA INC.,7374,73,Business Services & Software,Services,CA
1410738,VOIP-PAL.COM INC,3661,36,Electronic & Electrical Equipment,Manufacturing,TX
1771995,AMERICAN PICTURE HOUSE CORP,7900,79,,Services,NY
315545,"PROVECTUS BIOPHARMACEUTICALS, INC.",2834,28,Chemicals & Pharmaceuticals,Manufacturing,TN
820771,GOLIATH FILM & MEDIA HOLDINGS,7822,78,,Services,CA
1449349,VIVOS INC,3841,38,Instruments & Medical Devices,Manufacturing,WA
1321517,STRATOS RENEWABLES CORP,2860,28,Chemicals & Pharmaceuticals,Manufacturing,NV
1424768,VYCOR MEDICAL INC,3841,38,Instruments & Medical Devices,Manufacturing,FL
1435617,"POWERDYNE INTERNATIONAL, INC.",7374,73,Business Services & Software,Services,MA
1141688,LANDMARK BANCORP INC,6021,60,Depository Institutions,"Finance, Insurance & Real Estate",KS
1938534,FBS GLOBAL LTD,3990,39,,Manufacturing,
1563665,"HARVARD APPARATUS REGENERATIVE TECHNOLOGY, INC.",3841,38,Instruments & Medical Devices,Manufacturing,MA
1583771,"HEPION PHARMACEUTICALS, INC.",2834,28,Chemicals & Pharmaceuticals,Manufacturing,NJ
766792,CVD EQUIPMENT CORP,3559,35,Industrial Machinery & Computer Equipment,Manufacturing,NY
1081745,"INTELLINETICS, INC.",7372,73,Business Services & Software,Services,OH
862651,"INVESTVIEW, INC.",7389,73,Business Services & Software,Services,PA
1069394,FLEXIBLE SOLUTIONS INTERNATIONAL INC,2890,28,Chemicals & Pharmaceuticals,Manufacturing,BC
1096275,WORKSPORT LTD,3714,37,Transportation Equipment,Manufacturing,NY
1140215,"REED'S, INC.",2086,20,Food & Kindred Products,Manufacturing,CT
1297937,"PARKS AMERICA, INC",7990,79,,Services,GA
1642375,"GUARDION HEALTH SCIENCES, INC.",2834,28,Chemicals & Pharmaceuticals,Manufacturing,TX
1902794,MGO GLOBAL INC.,2300,23,,Manufacturing,FL
1971532,"TELOMIR PHARMACEUTICALS, INC.",2834,28,Chemicals & Pharmaceuticals,Manufacturing,FL
1397016,OPTEX SYSTEMS HOLDINGS INC,3827,38,Instruments & Medical Devices,Manufacturing,TX
1888734,GLOBALINK INVESTMENT INC.,6770,67,Holding & Investment Offices,"Finance, Insurance & Real Estate",DE
1506983,"GLUCOTRACK, INC.",3841,38,Instruments & Medical Devices,Manufacturing,NJ
1839133,"IR-MED, INC.",3845,38,Instruments & Medical Devices,Manufacturing,NY
1904286,"MIRA PHARMACEUTICALS, INC.",2834,28,Chemicals & Pharmaceuticals,Manufacturing,FL
1544190,"SHEPHERD'S FINANCE, LLC",6153,61,,"Finance, Insurance & Real Estate",FL
1533743,"PROCESSA PHARMACEUTICALS, INC.",2834,28,Chemicals & Pharmaceuticals,Manufacturing,MD
1392694,"SURGEPAYS, INC.",4813,48,Communications,"Transportation, Communications & Utilities",TN
1786286,DRAGANFLY INC.,3721,37,Transportation Equipment,Manufacturing,SK
1973056,BOWEN ACQUISITION CORP,2840,28,Chemicals & Pharmaceuticals,Manufacturing,NY
1834105,IMPACT BIOMEDICAL INC.,2834,28,Chemicals & Pharmaceuticals,Manufacturing,TX
1505497,"BIORESTORATIVE THERAPIES, INC.",8090,80,Health Services,Services,NY
1582982,"CARECLOUD, INC.",7372,73,Business Services & Software,Services,NJ
748592,ETERNA THERAPEUTICS INC.,2834,28,Chemicals & Pharmaceuticals,Manufacturing,MA
1849296,OKYO PHARMA LTD,2836,28,Chemicals & Pharmaceuticals,Manufacturing,
771999,"DSS, INC.",2650,26,,Manufacturing,NY
1269026,"SINTX TECHNOLOGIES, INC.",3841,38,Instruments & Medical Devices,Manufacturing,UT
1750106,ALSET INC.,6500,65,,"Finance, Insurance & Real Estate",MD
1934642,"MDB CAPITAL HOLDINGS, LLC",6199,61,,"Finance, Insurance & Real Estate",TX
1886894,"SNAIL, INC.",7372,73,Business Services & Software,Services,CA
1854463,WINVEST ACQUISITION CORP.,6770,67,Holding & Investment Offices,"Finance, Insurance & Real Estate",MA
1574094,"RENOVORX, INC.",2834,28,Chemicals & Pharmaceuticals,Manufacturing,CA
1855485,"CALIDI BIOTHERAPEUTICS, INC.",2836,28,Chemicals & Pharmaceuticals,Manufacturing,CA
34285,RELIABILITY INC,7363,73,Business Services & Software,Services,MD
1947244,U.S. GOLDMINING INC.,1040,10,,Mining,BC
1826397,AGRIFORCE GROWING SYSTEMS LTD.,3448,34,,Manufacturing,BC
1049011,KID CASTLE EDUCATIONAL CORP,5040,50,Wholesale — Durable Goods,Wholesale Trade,
1946573,"KINDLY MD, INC.",8000,80,Health Services,Services,UT
1652561,DSWISS INC,2844,28,Chemicals & Pharmaceuticals,Manufacturing,
799698,LADRX CORP,2836,28,Chemicals & Pharmaceuticals,Manufacturing,CA
1777319,"CISO GLOBAL, INC.",8742,87,"Engineering, Accounting & Management Services",Services,AZ
1618835,"EVOFEM BIOSCIENCES, INC.",2834,28,Chemicals & Pharmaceuticals,Manufacturing,CA
1500305,SUSTAINABLE PROJECTS GROUP INC.,1311,13,Oil & Gas Extraction,Mining,FL
1412486,"COCRYSTAL PHARMA, INC.",2834,28,Chemicals & Pharmaceuticals,Manufacturing,WA
856984,"QHSLAB, INC.",3841,38,Instruments & Medical Devices,Manufacturing,FL
1713210,AGAPE ATP CORP,8000,80,Health Services,Services,
1892322,"HEARTCORE ENTERPRISES, INC.",7374,73,Business Services & Software,Services,
1106838,"SONNET BIOTHERAPEUTICS HOLDINGS, INC.",2834,28,Chemicals & Pharmaceuticals,Manufacturing,NJ
749647,"IMUNON, INC.",2834,28,Chemicals & Pharmaceuticals,Manufacturing,NJ
1417926,"NAYA BIOSCIENCES, INC.",3841,38,Instruments & Medical Devices,Manufacturing,FL
1712762,"BIOAFFINITY TECHNOLOGIES, INC.",8731,87,"Engineering, Accounting & Management Services",Services,TX
1310630,CHINA FOODS HOLDINGS LTD.,2833,28,Chemicals & Pharmaceuticals,Manufacturing,
1122020,"PCS EDVENTURES!, INC.",8200,82,,Services,ID
1416876,"FIRST CHOICE HEALTHCARE SOLUTIONS, INC.",8071,80,Health Services,Services,FL
1626745,"FORTUNE VALLEY TREASURES, INC.",5900,59,Miscellaneous Retail,Retail Trade,
1966734,AI TRANSPORTATION ACQUISITION CORP,6770,67,Holding & Investment Offices,"Finance, Insurance & Real Estate",
908259,"ONCOTELIC THERAPEUTICS, INC.",2834,28,Chemicals & Pharmaceuticals,Manufacturing,CA
1763660,SEATECH VENTURES CORP.,7380,73,Business Services & Software,Services,
8504,AGEAGLE AERIAL SYSTEMS INC.,3721,37,Transportation Equipment,Manufacturing,KS
844887,DIAMONDHEAD CASINO CORP,7011,70,,Services,VA
1703073,VIVIC CORP.,7990,79,,Services,NV
318299,"SPARTA COMMERCIAL SERVICES, INC.",7389,73,Business Services & Software,Services,NY
1872292,RAINMAKER WORLDWIDE INC.,2086,20,Food & Kindred Products,Manufacturing,NV
318673,SECURITY NATIONAL FINANCIAL CORP,6199,61,,"Finance, Insurance & Real Estate",UT
883975,MICROBOT MEDICAL INC.,3841,38,Instruments & Medical Devices,Manufacturing,MA
1174891,"CALETHOS, INC.",6798,67,Holding & Investment Offices,"Finance, Insurance & Real Estate",TX
1473490,"GLOBAL AI, INC.",5960,59,Miscellaneous Retail,Retail Trade,FL
825788,DIVALL INSURED INCOME PROPERTIES 2 LIMITED PARTNERSHIP,6500,65,,"Finance, Insurance & Real Estate",MO
1289340,"STEREOTAXIS, INC.",3845,38,Instruments & Medical Devices,Manufacturing,MO
1416697,"BLUE LINE PROTECTION GROUP, INC.",5900,59,Miscellaneous Retail,Retail Trade,CO
1889450,FUTURETECH II ACQUISITION CORP.,6770,67,Holding & Investment Offices,"Finance, Insurance & Real Estate",NY
1565228,"VISLINK TECHNOLOGIES, INC.",3669,36,Electronic & Electrical Equipment,Manufacturing,NJ
1866816,"SYNTEC OPTICS HOLDINGS, INC.",3827,38,Instruments & Medical Devices,Manufacturing,FL
1324759,HONG YUAN HOLDING GROUP,2821,28,Chemicals & Pharmaceuticals,Manufacturing,
1549631,"QUARTA-RAD, INC.",3823,38,Instruments & Medical Devices,Manufacturing,DE
64463,"SOLUNA HOLDINGS, INC",6199,61,,"Finance, Insurance & Real Estate",NY
1539850,"STARCO BRANDS, INC.",7311,73,Business Services & Software,Services,CA
1311673,"YALE TRANSACTION FINDERS, INC.",6770,67,Holding & Investment Offices,"Finance, Insurance & Real Estate",CA
1326706,"NANOVIBRONIX, INC.",3842,38,Instruments & Medical Devices,Manufacturing,TX
1512922,"PETVIVO HOLDINGS, INC.",3841,38,Instruments & Medical Devices,Manufacturing,MN
1482541,CEA INDUSTRIES INC.,700,07,,"Agriculture, Forestry & Fishing",CO
1760233,"GIFTIFY, INC.",5961,59,Miscellaneous Retail,Retail Trade,GA
1648087,AMERICAN REBEL HOLDINGS INC,3490,34,,Manufacturing,TN
109657,"GT BIOPHARMA, INC.",2834,28,Chemicals & Pharmaceuticals,Manufacturing,CA
1582554,"MATINAS BIOPHARMA HOLDINGS, INC.",2834,28,Chemicals & Pharmaceuticals,Manufacturing,NJ
1231457,GENELUX CORP,2834,28,Chemicals & Pharmaceuticals,Manufacturing,CA
1789192,"N2OFF, INC.",2870,28,Chemicals & Pharmaceuticals,Manufacturing,NY
1068689,"DATA443 RISK MITIGATION, INC.",7372,73,Business Services & Software,Services,NC
1725911,NETBRANDS CORP.,2050,20,Food & Kindred Products,Manufacturing,NY
1807046,"BELPOINTE PREP, LLC",6500,65,,"Finance, Insurance & Real Estate",CT
1156041,HOUSTON AMERICAN ENERGY CORP,1311,13,Oil & Gas Extraction,Mining,TX
1848821,GLOBAL TECHNOLOGY ACQUISITION CORP. I,7389,73,Business Services & Software,Services,NV
1413754,"MARIZYME, INC.",3841,38,Instruments & Medical Devices,Manufacturing,FL
1854963,"SHF HOLDINGS, INC.",6199,61,,"Finance, Insurance & Real Estate",CO
1487197,BARFRESH FOOD GROUP INC.,2030,20,Food & Kindred Products,Manufacturing,CA
1851909,COMPASS DIGITAL ACQUISITION CORP.,6770,67,Holding & Investment Offices,"Finance, Insurance & Real Estate",NV
1998781,IB ACQUISITION CORP.,6770,67,Holding & Investment Offices,"Finance, Insurance & Real Estate",FL
1534708,"EASTSIDE DISTILLING, INC.",2080,20,Food & Kindred Products,Manufacturing,OR
1858685,BIOFRONTERA INC.,2834,28,Chemicals & Pharmaceuticals,Manufacturing,MA
1622345,"POLAR POWER, INC.",3690,36,Electronic & Electrical Equipment,Manufacturing,CA
1265521,"POLOMAR HEALTH SERVICES, INC.",7374,73,Business Services & Software,Services,NY
1817004,"NEXTNRG, INC.",5500,55,,Retail Trade,FL
1473334,"NOVA LIFESTYLE, INC.",2510,25,,Manufacturing,CA
1803977,LIMITLESS X HOLDINGS INC.,7990,79,,Services,CA
1435064,CEMTREX INC,3670,36,Electronic & Electrical Equipment,Manufacturing,NY
278165,OMNIQ CORP.,7373,73,Business Services & Software,Services,UT
1895144,GOLDEN STAR ACQUISITION CORP,6770,67,Holding & Investment Offices,"Finance, Insurance & Real Estate",NY
1566610,"VERB TECHNOLOGY COMPANY, INC.",7200,72,,Services,NV
1716947,"ENSYSCE BIOSCIENCES, INC.",2834,28,Chemicals & Pharmaceuticals,Manufacturing,CA
1518461,"AMPLITECH GROUP, INC.",3669,36,Electronic & Electrical Equipment,Manufacturing,NY
1397183,"IVEDA SOLUTIONS, INC.",7372,73,Business Services & Software,Services,AZ
1413119,"KRAIG BIOCRAFT LABORATORIES, INC",2820,28,Chemicals & Pharmaceuticals,Manufacturing,MI
1969475,BAYVIEW ACQUISITION CORP,6770,67,Holding & Investment Offices,"Finance, Insurance & Real Estate",NY
1857086,"TRUGOLF HOLDINGS, INC.",3949,39,,Manufacturing,FL
1799788,"GREENWICH LIFESCIENCES, INC.",2834,28,Chemicals & Pharmaceuticals,Manufacturing,TX
1893448,"STRONG GLOBAL ENTERTAINMENT, INC.",3861,38,Instruments & Medical Devices,Manufacturing,NC
1737995,SHARPS TECHNOLOGY INC.,3841,38,Instruments & Medical Devices,Manufacturing,NY
1889106,ALPHATIME ACQUISITION CORP,6770,67,Holding & Investment Offices,"Finance, Insurance & Real Estate",NY
1847986,DRAGONFLY ENERGY HOLDINGS CORP.,3690,36,Electronic & Electrical Equipment,Manufacturing,NV
1760903,"SAFETY SHOT, INC.",2844,28,Chemicals & Pharmaceuticals,Manufacturing,FL
1588014,"ADM ENDEAVORS, INC.",7310,73,Business Services & Software,Services,TX
1892747,VALUENCE MERGER CORP. I,6770,67,Holding & Investment Offices,"Finance, Insurance & Real Estate",CA
1962481,BRANCHOUT FOOD INC.,2000,20,Food & Kindred Products,Manufacturing,OR
1022899,"PROTAGENIC THERAPEUTICS, INC.NEW",2834,28,Chemicals & Pharmaceuticals,Manufacturing,NY
946644,AIM IMMUNOTECH INC.,2836,28,Chemicals & Pharmaceuticals,Manufacturing,FL
1445815,"BIOXYTRAN, INC",2834,28,Chemicals & Pharmaceuticals,Manufacturing,MA
1502966,"HYPHA LABS, INC.",8734,87,"Engineering, Accounting & Management Services",Services,NV
797542,VIEWBIX INC.,7372,73,Business Services & Software,Services,
1603454,CELCUITY INC.,8071,80,Health Services,Services,MN
912544,NOVELSTEM INTERNATIONAL CORP.,5990,59,Miscellaneous Retail,Retail Trade,FL
1858028,NOVA VISION ACQUISITION CORP,6770,67,Holding & Investment Offices,"Finance, Insurance & Real Estate",
1866030,A2Z CUST2MATE SOLUTIONS CORP.,3569,35,Industrial Machinery & Computer Equipment,Manufacturing,ON
1938046,"MANGOCEUTICALS, INC.",8090,80,Health Services,Services,TX
1559998,"GAUCHO GROUP HOLDINGS, INC.",6552,65,,"Finance, Insurance & Real Estate",FL
1892492,EIGHTCO HOLDINGS INC.,6153,61,,"Finance, Insurance & Real Estate",PA
1771951,DYNAMIC SHARES TRUST,6221,62,,"Finance, Insurance & Real Estate",IL
1084475,"VIDEO RIVER NETWORKS, INC.",6500,65,,"Finance, Insurance & Real Estate",NV
1690437,GRANITESHARES GOLD TRUST,6221,62,,"Finance, Insurance & Real Estate",NY
1690842,GRANITESHARES PLATINUM TRUST,6221,62,,"Finance, Insurance & Real Estate",NY
1714562,"GAMESQUARE HOLDINGS, INC.",7900,79,,Services,TX
730349,TOFUTTI BRANDS INC,2024,20,Food & Kindred Products,Manufacturing,NJ
1086745,"AYRO, INC.",4899,48,Communications,"Transportation, Communications & Utilities",TX
1454742,"GOOD GAMING, INC.",7372,73,Business Services & Software,Services,PA
1479915,CQENS TECHNOLOGIES INC.,2834,28,Chemicals & Pharmaceuticals,Manufacturing,MN
1752372,EZAGOO LTD,7310,73,Business Services & Software,Services,
1169138,"GIVBUX, INC.",7389,73,Business Services & Software,Services,CA
1593549,"LIVENTO GROUP, INC.",7372,73,Business Services & Software,Services,NY
1864055,ABITS GROUP INC,6199,61,,"Finance, Insurance & Real Estate",
1847345,POWERUP ACQUISITION CORP.,2834,28,Chemicals & Pharmaceuticals,Manufacturing,NY
1681348,VIVOPOWER INTERNATIONAL PLC,4931,49,"Electric, Gas & Sanitary Services","Transportation, Communications & Utilities",NY
1342958,"DIGITAL ALLY, INC.",3663,36,Electronic & Electrical Equipment,Manufacturing,KS
727346,"SELECTIS HEALTH, INC.",6798,67,Holding & Investment Offices,"Finance, Insurance & Real Estate",CO
1514056,TITAN ENVIRONMENTAL SOLUTIONS INC.,7371,73,Business Services & Software,Services,WA
1589149,"GREENWAVE TECHNOLOGY SOLUTIONS, INC.",5051,50,Wholesale — Durable Goods,Wholesale Trade,VA
1536089,VIRTUAL INTERACTIVE TECHNOLOGIES CORP.,7372,73,Business Services & Software,Services,CO
1782309,SKILLFUL CRAFTSMAN EDUCATION TECHNOLOGY LTD,8200,82,,Services,
1468929,"NEXGEL, INC.",3841,38,Instruments & Medical Devices,Manufacturing,PA
1321834,"TNF PHARMACEUTICALS, INC.",2835,28,Chemicals & Pharmaceuticals,Manufacturing,MD
894871,"ARENA GROUP HOLDINGS, INC.",4841,48,Communications,"Transportation, Communications & Utilities",NY
923601,"ALGORHYTHM HOLDINGS, INC.",3652,36,Electronic & Electrical Equipment,Manufacturing,FL
1812360,FOXO TECHNOLOGIES INC.,8731,87,"Engineering, Accounting & Management Services",Services,MN
1688126,CRYPTO CO,7374,73,Business Services & Software,Services,CA
1836295,RETINALGENIX TECHNOLOGIES INC.,3841,38,Instruments & Medical Devices,Manufacturing,CA
1865120,BROAD CAPITAL ACQUISITION CORP,6770,67,Holding & Investment Offices,"Finance, Insurance & Real Estate",TX
1883983,VISION SENSING ACQUISITION CORP.,6770,67,Holding & Investment Offices,"Finance, Insurance & Real Estate",FL
1642159,"SIGYN THERAPEUTICS, INC.",3841,38,Instruments & Medical Devices,Manufacturing,CA
1329606,"CLEAN ENERGY TECHNOLOGIES, INC.",4924,49,"Electric, Gas & Sanitary Services","Transportation, Communications & Utilities",CA
1487091,"QUEST WATER GLOBAL, INC.",3585,35,Industrial Machinery & Computer Equipment,Manufacturing,BC
1515139,WASTE ENERGY CORP.,7389,73,Business Services & Software,Services,CA
1879293,"MAG MILE CAPITAL, INC.",3567,35,Industrial Machinery & Computer Equipment,Manufacturing,UT
1687926,"ZEUUS, INC.",7380,73,Business Services & Software,Services,NY
943535,"WORLD HEALTH ENERGY HOLDINGS, INC.",7372,73,Business Services & Software,Services,FL
1645155,WEBSTAR TECHNOLOGY GROUP INC.,7372,73,Business Services & Software,Services,FL
1857855,FINNOVATE ACQUISITION CORP.,6770,67,Holding & Investment Offices,"Finance, Insurance & Real Estate",DE
1879726,SIDUS SPACE INC.,4812,48,Communications,"Transportation, Communications & Utilities",FL
1861522,KIDPIK CORP.,5961,59,Miscellaneous Retail,Retail Trade,NY
1537561,"ARCH THERAPEUTICS, INC.",3841,38,Instruments & Medical Devices,Manufacturing,MA
1937891,ALPHAVEST ACQUISITION CORP.,5700,57,,Retail Trade,NY
1447380,MOBIVITY HOLDINGS CORP.,7372,73,Business Services & Software,Services,AZ
1419051,"THERAPEUTIC SOLUTIONS INTERNATIONAL, INC.",3841,38,Instruments & Medical Devices,Manufacturing,ID
1119190,"HUMBL, INC.",5000,50,Wholesale — Durable Goods,Wholesale Trade,CT
1576197,"STRATEGIC ENVIRONMENTAL & ENERGY RESOURCES, INC.",4955,49,"Electric, Gas & Sanitary Services","Transportation, Communications & Utilities",CO
1527613,"NUZEE, INC.",5900,59,Miscellaneous Retail,Retail Trade,TX
1879851,TMT ACQUISITION CORP.,6770,67,Holding & Investment Offices,"Finance, Insurance & Real Estate",NY
1886799,BRIGHT GREEN CORP,2833,28,Chemicals & Pharmaceuticals,Manufacturing,FL
1555214,"WALLY WORLD MEDIA, INC",7374,73,Business Services & Software,Services,NV
1436229,BTCS INC.,6199,61,,"Finance, Insurance & Real Estate",MD
1375793,"METALERT, INC.",3663,36,Electronic & Electrical Equipment,Manufacturing,CA
1630113,BIOTRICITY INC.,3841,38,Instruments & Medical Devices,Manufacturing,CA
1816937,BOXABL INC.,1520,15,,Construction,NV
1673481,LOTTERY.COM INC.,7372,73,Business Services & Software,Services,TX
1502557,KUN PENG INTERNATIONAL LTD.,8200,82,,Services,
891417,NANO MAGIC INC.,3470,34,,Manufacturing,MI
1668010,"DIGITAL BRANDS GROUP, INC.",5600,56,,Retail Trade,CA
1639068,HUBILU VENTURE CORP,6510,65,,"Finance, Insurance & Real Estate",CA
1437517,"CYBERLOQ TECHNOLOGIES, INC.",7372,73,Business Services & Software,Services,FL
1318482,KIDOZ INC.,7900,79,,Services,BC
897078,"RESONATE BLENDS, INC.",7372,73,Business Services & Software,Services,CA
1559157,"SUNSTOCK, INC.",5331,53,,Retail Trade,CA
1622244,"ONE WORLD PRODUCTS, INC.",2834,28,Chemicals & Pharmaceuticals,Manufacturing,NV
1866547,AETHERIUM ACQUISITION CORP,6770,67,Holding & Investment Offices,"Finance, Insurance & Real Estate",CT
1774170,"POWERFLEET, INC.",3669,36,Electronic & Electrical Equipment,Manufacturing,NJ
1640043,PYXIS TANKERS INC.,4412,44,,"Transportation, Communications & Utilities",
14177,BRIDGFORD FOODS CORP,2013,20,Food & Kindred Products,Manufacturing,CA
1794276,YCQH AGRICULTURAL TECHNOLOGY CO. LTD,2870,28,Chemicals & Pharmaceuticals,Manufacturing,
1832161,"VIP PLAY, INC.",5900,59,Miscellaneous Retail,Retail Trade,FL
813716,CIRTRAN CORP,2080,20,Food & Kindred Products,Manufacturing,NV
1489300,ZHANLING INTERNATIONAL LTD,1000,10,,Mining,NV
1956166,MING SHING GROUP HOLDINGS LTD,1700,17,,Construction,
1971542,QMMM HOLDINGS LTD,7311,73,Business Services & Software,Services,
1804583,CLOOPEN GROUP HOLDING LTD,7372,73,Business Services & Software,Services,
1595353,GALMED PHARMACEUTICALS LTD.,2834,28,Chemicals & Pharmaceuticals,Manufacturing,
73290,BIOMERICA INC,2835,28,Chemicals & Pharmaceuticals,Manufacturing,CA
1807887,LASER PHOTONICS CORP,3690,36,Electronic & Electrical Equipment,Manufacturing,FL
1751707,UNITED EXPRESS INC.,4700,47,,"Transportation, Communications & Utilities",NV
1698514,NATIONAL ENERGY SERVICES REUNITED CORP.,1389,13,Oil & Gas Extraction,Mining,TX
1491829,ALPHA NETWORK ALLIANCE VENTURES INC.,2833,28,Chemicals & Pharmaceuticals,Manufacturing,CA
1978133,YERBAE BRANDS CORP.,2080,20,Food & Kindred Products,Manufacturing,AZ
1941189,TIAN'AN TECHNOLOGY GROUP LTD,3621,36,Electronic & Electrical Equipment,Manufacturing,
835662,"AIXIN LIFE INTERNATIONAL, INC.",5912,59,Miscellaneous Retail,Retail Trade,
1757499,"SHUTTLE PHARMACEUTICALS HOLDINGS, INC.",2834,28,Chemicals & Pharmaceuticals,Manufacturing,MD
788611,"NEXTTRIP, INC.",4700,47,,"Transportation, Communications & Utilities",NM
1997711,LOGISTIC PROPERTIES OF THE AMERICAS,6500,65,,"Finance, Insurance & Real Estate",
1890671,DUET ACQUISITION CORP.,6770,67,Holding & Investment Offices,"Finance, Insurance & Real Estate",FL
1830696,GLOBAL LEADERS CORP,8742,87,"Engineering, Accounting & Management Services",Services,
1552670,TAOPING INC.,7372,73,Business Services & Software,Services,
2017950,DT CLOUD STAR ACQUISITION CORP,6770,67,Holding & Investment Offices,"Finance, Insurance & Real Estate",NY
715446,ANIXA BIOSCIENCES INC,2834,28,Chemicals & Pharmaceuticals,Manufacturing,CA
830656,PRESSURE BIOSCIENCES INC,3826,38,Instruments & Medical Devices,Manufacturing,MA
1308027,VYSTAR CORP,3060,30,,Manufacturing,MA
1518336,DREAM HOMES & DEVELOPMENT CORP.,1531,15,,Construction,NJ
1994373,ACEZTECH CORP,7374,73,Business Services & Software,Services,
1979407,ORANGEKLOUD TECHNOLOGY INC.,7372,73,Business Services & Software,Services,
1836100,GOAL ACQUISITIONS CORP.,6770,67,Holding & Investment Offices,"Finance, Insurance & Real Estate",TX
1874999,"AG ACQUISITION GROUP III, INC.",6770,67,Holding & Investment Offices,"Finance, Insurance & Real Estate",FL
1637866,"DEEP GREEN WASTE & RECYCLING, INC.",4955,49,"Electric, Gas & Sanitary Services","Transportation, Communications & Utilities",WA
1007019,COFFEE HOLDING CO INC,2090,20,Food & Kindred Products,Manufacturing,NY
1334325,"CODA OCTOPUS GROUP, INC.",3812,38,Instruments & Medical Devices,Manufacturing,FL
1850767,ACCUSTEM SCIENCES INC.,2834,28,Chemicals & Pharmaceuticals,Manufacturing,NY
82473,INNSUITES HOSPITALITY TRUST,6798,67,Holding & Investment Offices,"Finance, Insurance & Real Estate",AZ
1172178,LIBERTY STAR URANIUM & METALS CORP.,1000,10,,Mining,AZ
1680935,HUAHUI EDUCATION GROUP LTD,8200,82,,Services,
1725430,INTELLIGENT BIO SOLUTIONS INC.,3841,38,Instruments & Medical Devices,Manufacturing,NY
1005101,"MARYGOLD COMPANIES, INC.",6199,61,,"Finance, Insurance & Real Estate",CA
1978527,GLOBAVEND HOLDINGS LTD,4731,47,,"Transportation, Communications & Utilities",
1852551,NOVA MINERALS LTD,1040,10,,Mining,
1823584,ALLIANCE ENTERTAINMENT HOLDING CORP,5099,50,Wholesale — Durable Goods,Wholesale Trade,FL
1538217,"SRAX, INC.",7311,73,Business Services & Software,Services,CA
1576873,AMERICAN BATTERY TECHNOLOGY CO,1400,14,,Mining,NV
932021,GLOBAL TECHNOLOGIES LTD,3663,36,Electronic & Electrical Equipment,Manufacturing,NJ
1944902,OHMYHOME LTD,6531,65,,"Finance, Insurance & Real Estate",
1375348,GOLDEN STAR RESOURCE CORP.,1090,10,,Mining,NV
1042187,YUNHONG GREEN CTI LTD.,3060,30,,Manufacturing,IL
1815974,"ANEBULO PHARMACEUTICALS, INC.",2834,28,Chemicals & Pharmaceuticals,Manufacturing,TX
2011208,SAFE PRO GROUP INC.,3842,38,Instruments & Medical Devices,Manufacturing,FL
1965473,CHECHE GROUP INC.,6411,64,,"Finance, Insurance & Real Estate",
1932072,LOBO EV TECHNOLOGIES LTD,3751,37,Transportation Equipment,Manufacturing,
1166272,GENETIC TECHNOLOGIES LTD,2836,28,Chemicals & Pharmaceuticals,Manufacturing,
1433551,SINO GREEN LAND CORP.,5090,50,Wholesale — Durable Goods,Wholesale Trade,
1039280,NETSOL TECHNOLOGIES INC,7372,73,Business Services & Software,Services,CA
79661,PORTSMOUTH SQUARE INC,6552,65,,"Finance, Insurance & Real Estate",CA
1854445,"GLIMPSE GROUP, INC.",7371,73,Business Services & Software,Services,NY
1957413,"CHIJET MOTOR COMPANY, INC.",3711,37,Transportation Equipment,Manufacturing,
1517681,"PROPANC BIOPHARMA, INC.",2834,28,Chemicals & Pharmaceuticals,Manufacturing,
1300734,"SHINECO, INC.",100,01,,"Agriculture, Forestry & Fishing",
1493225,"NORTHFIELD BANCORP, INC.",6035,60,Depository Institutions,"Finance, Insurance & Real Estate",NJ
1493594,"MACOM TECHNOLOGY SOLUTIONS HOLDINGS, INC.",3674,36,Electronic & Electrical Equipment,Manufacturing,MA
1494650,"OPTINOSE, INC.",2834,28,Chemicals & Pharmaceuticals,Manufacturing,PA
1495231,"IZEA WORLDWIDE, INC.",7310,73,Business Services & Software,Services,FL
1495240,GLADSTONE LAND CORP,6798,67,Holding & Investment Offices,"Finance, Insurance & Real Estate",VA
1495320,"VERA BRADLEY, INC.",3100,31,,Manufacturing,IN
1496454,"CNL HEALTHCARE PROPERTIES, INC.",6798,67,Holding & Investment Offices,"Finance, Insurance & Real Estate",FL
1496963,"SQUARESPACE, INC.",7372,73,Business Services & Software,Services,NY
1497645,"SUMMIT HOTEL PROPERTIES, INC.",6798,67,Holding & Investment Offices,"Finance, Insurance & Real Estate",TX
1498233,"CEPTON, INC.",3714,37,Transportation Equipment,Manufacturing,CA
1498547,"CIM REAL ESTATE FINANCE TRUST, INC.",6798,67,Holding & Investment Offices,"Finance, Insurance & Real Estate",AZ
1498710,"SPIRIT AIRLINES, INC.",4512,45,,"Transportation, Communications & Utilities",FL
1499200,"SABINE PASS LIQUEFACTION, LLC",4924,49,"Electric, Gas & Sanitary Services","Transportation, Communications & Utilities",TX
1499832,"TOWNSQUARE MEDIA, INC.",4832,48,Communications,"Transportation, Communications & Utilities",NY
1500217,"AMERICAN ASSETS TRUST, INC.",6798,67,Holding & Investment Offices,"Finance, Insurance & Real Estate",CA
1500435,"GOPRO, INC.",3861,38,Instruments & Medical Devices,Manufacturing,CA
1501570,"VERITEX HOLDINGS, INC.",6022,60,Depository Institutions,"Finance, Insurance & Real Estate",TX
1501585,"HUNTINGTON INGALLS INDUSTRIES, INC.",3730,37,Transportation Equipment,Manufacturing,VA
1503274,QUANTERIX CORP,3826,38,Instruments & Medical Devices,Manufacturing,MA
1503707,"NORTHSTAR HEALTHCARE INCOME, INC.",6798,67,Holding & Investment Offices,"Finance, Insurance & Real Estate",NY
1504008,"BANKUNITED, INC.",6035,60,Depository Institutions,"Finance, Insurance & Real Estate",FL
1441236,CLEARWATER PAPER CORP,2631,26,,Manufacturing,WA
1504461,NGL ENERGY PARTNERS LP,4922,49,"Electric, Gas & Sanitary Services","Transportation, Communications & Utilities",OK
1504776,WARBY PARKER INC.,3851,38,Instruments & Medical Devices,Manufacturing,NY
1505155,"UPLAND SOFTWARE, INC.",7372,73,Business Services & Software,Services,TX
1505732,"BANKWELL FINANCIAL GROUP, INC.",6022,60,Depository Institutions,"Finance, Insurance & Real Estate",CT
1505952,"DOMO, INC.",7372,73,Business Services & Software,Services,UT
1506293,"PINTEREST, INC.",7370,73,Business Services & Software,Services,CA
1506307,"KINDER MORGAN, INC.",4922,49,"Electric, Gas & Sanitary Services","Transportation, Communications & Utilities",TX
1507079,"FLOOR & DECOR HOLDINGS, INC.",5211,52,,Retail Trade,GA
1509589,"CIVITAS RESOURCES, INC.",1311,13,Oil & Gas Extraction,Mining,CO
1509991,KOSMOS ENERGY LTD.,1311,13,Oil & Gas Extraction,Mining,TX
1510295,MARATHON PETROLEUM CORP,2911,29,,Manufacturing,OH
1511337,RLJ LODGING TRUST,6798,67,Holding & Investment Offices,"Finance, Insurance & Real Estate",MD
1511737,UBIQUITI INC.,3663,36,Electronic & Electrical Equipment,Manufacturing,NY
71557,"NUVERA COMMUNICATIONS, INC.",4813,48,Communications,"Transportation, Communications & Utilities",MN
99106,TRANS LUX CORP,3990,39,,Manufacturing,NY
1514281,"AG MORTGAGE INVESTMENT TRUST, INC.",6798,67,Holding & Investment Offices,"Finance, Insurance & Real Estate",NY
1514416,BANDWIDTH INC.,7372,73,Business Services & Software,Services,NC
1514705,"SUNCOKE ENERGY, INC.",3312,33,,Manufacturing,IL
1514991,AMC NETWORKS INC.,4841,48,Communications,"Transportation, Communications & Utilities",NY
1515156,"ARQ, INC.",2890,28,Chemicals & Pharmaceuticals,Manufacturing,CO
845819,"KONATEL, INC.",4899,48,Communications,"Transportation, Communications & Utilities",TX
1516513,"DOXIMITY, INC.",7371,73,Business Services & Software,Services,CA
1516551,"SKYE BIOSCIENCE, INC.",2834,28,Chemicals & Pharmaceuticals,Manufacturing,CA
1516912,"ORIGIN BANCORP, INC.",6022,60,Depository Institutions,"Finance, Insurance & Real Estate",LA
1517175,"CHEFS' WAREHOUSE, INC.",5141,51,,Wholesale Trade,CT
1517302,ARTISAN PARTNERS ASSET MANAGEMENT INC.,6282,62,,"Finance, Insurance & Real Estate",WI
1517375,"SPROUT SOCIAL, INC.",7372,73,Business Services & Software,Services,IL
1517413,"FASTLY, INC.",7372,73,Business Services & Software,Services,CA
1518715,"HOMESTREET, INC.",6022,60,Depository Institutions,"Finance, Insurance & Real Estate",WA
1519449,"SKYWARD SPECIALTY INSURANCE GROUP, INC.",6331,63,Insurance Carriers,"Finance, Insurance & Real Estate",TX
1520006,MATADOR RESOURCES CO,1311,13,Oil & Gas Extraction,Mining,TX
1883835,ESG INC.,2836,28,Chemicals & Pharmaceuticals,Manufacturing,PA
1872066,MIAMI BREEZE CAR CARE INC,7500,75,,Services,FL
1718500,"AXIL BRANDS, INC.",2844,28,Chemicals & Pharmaceuticals,Manufacturing,CA
1580149,BIOVIE INC.,2834,28,Chemicals & Pharmaceuticals,Manufacturing,NV
1521332,APTIV PLC,3714,37,Transportation Equipment,Manufacturing,
1522727,"USA COMPRESSION PARTNERS, LP",4922,49,"Electric, Gas & Sanitary Services","Transportation, Communications & Utilities",TX
1522767,MARIMED INC.,2833,28,Chemicals & Pharmaceuticals,Manufacturing,MA
1524358,MARRIOTT VACATIONS WORLDWIDE CORP,6531,65,,"Finance, Insurance & Real Estate",FL
1524472,XYLEM INC.,3561,35,Industrial Machinery & Computer Equipment,Manufacturing,DC
1524741,"U.S. SILICA HOLDINGS, INC.",1400,14,,Mining,TX
1524931,"CHUY'S HOLDINGS, INC.",5812,58,Eating & Drinking Places,Retail Trade,TX
1525221,BRISTOW GROUP INC.,4522,45,,"Transportation, Communications & Utilities",TX
1526113,"GLOBAL NET LEASE, INC.",6798,67,Holding & Investment Offices,"Finance, Insurance & Real Estate",NY
1527166,CARLYLE GROUP INC.,6282,62,,"Finance, Insurance & Real Estate",DC
1527469,ATHENE HOLDING LTD.,6311,63,Insurance Carriers,"Finance, Insurance & Real Estate",IA
1527541,"WHEELER REAL ESTATE INVESTMENT TRUST, INC.",6798,67,Holding & Investment Offices,"Finance, Insurance & Real Estate",VA
1528129,"VITAL ENERGY, INC.",1311,13,Oil & Gas Extraction,Mining,OK
1528287,NEUROPACE INC,3841,38,Instruments & Medical Devices,Manufacturing,CA
1528396,"GUIDEWIRE SOFTWARE, INC.",7372,73,Business Services & Software,Services,CA
1529274,"ALKAMI TECHNOLOGY, INC.",7372,73,Business Services & Software,Services,TX
1529628,"SMART SAND, INC.",1400,14,,Mining,PA
1530721,CAPRI HOLDINGS LTD,3100,31,,Manufacturing,
1530804,TRONOX HOLDINGS PLC,2810,28,Chemicals & Pharmaceuticals,Manufacturing,CT
1530950,"POST HOLDINGS, INC.",2040,20,Food & Kindred Products,Manufacturing,MO
1530979,"HONEST COMPANY, INC.",5961,59,Miscellaneous Retail,Retail Trade,CA
1531048,"INARI MEDICAL, INC.",3841,38,Instruments & Medical Devices,Manufacturing,CA
1531152,"BJ'S WHOLESALE CLUB HOLDINGS, INC.",5331,53,,Retail Trade,MA
1532286,"NINE ENERGY SERVICE, INC.",1389,13,Oil & Gas Extraction,Mining,TX
1533232,BROOKFIELD RENEWABLE PARTNERS L.P.,4911,49,"Electric, Gas & Sanitary Services","Transportation, Communications & Utilities",
1534504,PBF ENERGY INC.,2911,29,,Manufacturing,NJ
1534701,PHILLIPS 66,2911,29,,Manufacturing,TX
1534969,"SERA PROGNOSTICS, INC.",8071,80,Health Services,Services,UT
1535527,"CROWDSTRIKE HOLDINGS, INC.",7372,73,Business Services & Software,Services,TX
1535929,"VOYA FINANCIAL, INC.",6311,63,Insurance Carriers,"Finance, Insurance & Real Estate",NY
1537028,"INDEPENDENCE CONTRACT DRILLING, INC.",1381,13,Oil & Gas Extraction,Mining,TX
1537435,TECOGEN INC.,3585,35,Industrial Machinery & Computer Equipment,Manufacturing,MA
1538263,"HOMETRUST BANCSHARES, INC.",6035,60,Depository Institutions,"Finance, Insurance & Real Estate",NC
1538716,OPORTUN FINANCIAL CORP,6199,61,,"Finance, Insurance & Real Estate",CA
1512228,NIOCORP DEVELOPMENTS LTD,1000,10,,Mining,CO
1539838,"DIAMONDBACK ENERGY, INC.",1311,13,Oil & Gas Extraction,Mining,TX
1541119,"SOUND FINANCIAL BANCORP, INC.",6035,60,Depository Institutions,"Finance, Insurance & Real Estate",WA
1542447,"RREEF PROPERTY TRUST, INC.",6798,67,Holding & Investment Offices,"Finance, Insurance & Real Estate",NY
1543151,"UBER TECHNOLOGIES, INC",7389,73,Business Services & Software,Services,CA
1544522,FRESHWORKS INC.,7372,73,Business Services & Software,Services,CA
1545654,"ALEXANDER & BALDWIN, INC.",6798,67,Holding & Investment Offices,"Finance, Insurance & Real Estate",HI
1545772,BROOKFIELD PROPERTY PARTNERS L.P.,6500,65,,"Finance, Insurance & Real Estate",
825542,SCOTTS MIRACLE-GRO CO,2870,28,Chemicals & Pharmaceuticals,Manufacturing,OH
1546417,"BLOOMIN' BRANDS, INC.",5812,58,Eating & Drinking Places,Retail Trade,FL
1547903,"NMI HOLDINGS, INC.",6351,63,Insurance Carriers,"Finance, Insurance & Real Estate",CA
925660,FLEXPOINT SENSOR SYSTEMS INC,3829,38,Instruments & Medical Devices,Manufacturing,UT
1062506,ATLANTICA INC,6770,67,Holding & Investment Offices,"Finance, Insurance & Real Estate",FL
1103090,"REFLECT SCIENTIFIC, INC.",3821,38,Instruments & Medical Devices,Manufacturing,UT
1543637,"NU-MED PLUS, INC.",3841,38,Instruments & Medical Devices,Manufacturing,NY
1549346,"SHUTTERSTOCK, INC.",7374,73,Business Services & Software,Services,NY
1549595,"NURIX THERAPEUTICS, INC.",2834,28,Chemicals & Pharmaceuticals,Manufacturing,CA
1549922,"SUMMIT MIDSTREAM PARTNERS, LP",4922,49,"Electric, Gas & Sanitary Services","Transportation, Communications & Utilities",TX
1550695,PERFORMANT HEALTHCARE INC,7380,73,Business Services & Software,Services,FL
1551152,ABBVIE INC.,2834,28,Chemicals & Pharmaceuticals,Manufacturing,IL
1551182,EATON CORP PLC,3590,35,Industrial Machinery & Computer Equipment,Manufacturing,
1551306,"PROGYNY, INC.",8090,80,Health Services,Services,NY
1552000,MPLX LP,4610,46,,"Transportation, Communications & Utilities",OH
1552033,TRANSUNION,7320,73,Business Services & Software,Services,IL
1552275,SUNOCO LP,2911,29,,Manufacturing,TX
932781,FIRST COMMUNITY CORP /SC/,6022,60,Depository Institutions,"Finance, Insurance & Real Estate",SC
1668340,"BANCORP 34, INC.",6035,60,Depository Institutions,"Finance, Insurance & Real Estate",NM
1089907,SWK HOLDINGS CORP,6159,61,,"Finance, Insurance & Real Estate",TX
1552797,"DELEK LOGISTICS PARTNERS, LP",4610,46,,"Transportation, Communications & Utilities",TN
1552800,"TILE SHOP HOLDINGS, INC.",5700,57,,Retail Trade,MN
1570132,"ANVI GLOBAL HOLDINGS, INC.",5400,54,,Retail Trade,NC
1935092,"CYBER ENVIRO-TECH, INC.",3690,36,Electronic & Electrical Equipment,Manufacturing,AZ
788920,PRO DEX INC,3841,38,Instruments & Medical Devices,Manufacturing,CA
828530,ADMIRAL FINANCIAL CORP,6035,60,Depository Institutions,"Finance, Insurance & Real Estate",FL
875729,BION ENVIRONMENTAL TECHNOLOGIES INC,2870,28,Chemicals & Pharmaceuticals,Manufacturing,NY
1570937,ALTAIR INTERNATIONAL CORP.,3841,38,Instruments & Medical Devices,Manufacturing,PA
790179,PRESTIGE CAPITAL CORP,6792,67,Holding & Investment Offices,"Finance, Insurance & Real Estate",UT
1430319,"C & C TOURS, INC.",6770,67,Holding & Investment Offices,"Finance, Insurance & Real Estate",UT
748268,"RED CAT HOLDINGS, INC.",7372,73,Business Services & Software,Services,
1118072,SKINOVATION PHARMACEUTICAL INC,6770,67,Holding & Investment Offices,"Finance, Insurance & Real Estate",UT
1160945,NOVA STAR INNOVATIONS INC,6770,67,Holding & Investment Offices,"Finance, Insurance & Real Estate",UT
1130889,CANCER CAPITAL CORP,6770,67,Holding & Investment Offices,"Finance, Insurance & Real Estate",UT
1394108,SUIC WORLDWIDE HOLDINGS LTD.,2860,28,Chemicals & Pharmaceuticals,Manufacturing,NY
1823652,"EVE HOLDING, INC.",3721,37,Transportation Equipment,Manufacturing,FL
1554859,"SEMLER SCIENTIFIC, INC.",3845,38,Instruments & Medical Devices,Manufacturing,CA
1555074,ALTISOURCE ASSET MANAGEMENT CORP,6500,65,,"Finance, Insurance & Real Estate",
1555280,ZOETIS INC.,2834,28,Chemicals & Pharmaceuticals,Manufacturing,NJ
1556593,RITHM CAPITAL CORP.,6798,67,Holding & Investment Offices,"Finance, Insurance & Real Estate",NY
1556739,"THRYV HOLDINGS, INC.",7310,73,Business Services & Software,Services,TX
1543418,TRILOGY METALS INC.,1040,10,,Mining,BC
276720,PURE CYCLE CORP,4941,49,"Electric, Gas & Sanitary Services","Transportation, Communications & Utilities",CO
23217,CONAGRA BRANDS INC.,2000,20,Food & Kindred Products,Manufacturing,IL
724445,BURZYNSKI RESEARCH INSTITUTE INC,2835,28,Chemicals & Pharmaceuticals,Manufacturing,TX
928465,AMCON DISTRIBUTING CO,5141,51,,Wholesale Trade,NE
1786117,"ALPINE INCOME PROPERTY TRUST, INC.",6798,67,Holding & Investment Offices,"Finance, Insurance & Real Estate",FL
917251,AGREE REALTY CORP,6798,67,Holding & Investment Offices,"Finance, Insurance & Real Estate",MI
84246,RLI CORP,6331,63,Insurance Carriers,"Finance, Insurance & Real Estate",IL
745308,ST JOE CO,6552,65,,"Finance, Insurance & Real Estate",FL
812796,"SOLIGENIX, INC.",2834,28,Chemicals & Pharmaceuticals,Manufacturing,NJ
1697862,ARGENX SE,2836,28,Chemicals & Pharmaceuticals,Manufacturing,
1318220,"WASTE CONNECTIONS, INC.",4953,49,"Electric, Gas & Sanitary Services","Transportation, Communications & Utilities",ON
1845097,ARDAGH METAL PACKAGING S.A.,3411,34,,Manufacturing,
823768,WASTE MANAGEMENT INC,4953,49,"Electric, Gas & Sanitary Services","Transportation, Communications & Utilities",TX
742278,RPC INC,1389,13,Oil & Gas Extraction,Mining,GA
1037676,"ARCH RESOURCES, INC.",1221,12,,Mining,MO
1129155,MARINE PRODUCTS CORP,3730,37,Transportation Equipment,Manufacturing,GA
84129,RITE AID CORP,5912,59,Miscellaneous Retail,Retail Trade,PA
1591670,FARMLAND PARTNERS INC.,6798,67,Holding & Investment Offices,"Finance, Insurance & Real Estate",CO
1035983,COMFORT SYSTEMS USA INC,1731,17,,Construction,TX
1730430,"KINIKSA PHARMACEUTICALS INTERNATIONAL, PLC",2834,28,Chemicals & Pharmaceuticals,Manufacturing,
23795,"CTO REALTY GROWTH, INC.",6798,67,Holding & Investment Offices,"Finance, Insurance & Real Estate",FL
846475,ZYNEX INC,3845,38,Instruments & Medical Devices,Manufacturing,CO
1163739,NABORS INDUSTRIES LTD,1381,13,Oil & Gas Extraction,Mining,
793733,SKYWEST INC,4512,45,,"Transportation, Communications & Utilities",UT
820313,AMPHENOL CORP /DE/,3678,36,Electronic & Electrical Equipment,Manufacturing,CT
1385157,TE CONNECTIVITY PLC,5065,50,Wholesale — Durable Goods,Wholesale Trade,
887905,LTC PROPERTIES INC,6798,67,Holding & Investment Offices,"Finance, Insurance & Real Estate",CA
1828377,FORTITUDE GOLD CORP,1040,10,,Mining,CO
927003,ADVANCED ENERGY INDUSTRIES INC,3679,36,Electronic & Electrical Equipment,Manufacturing,CO
1819928,"DOUBLEVERIFY HOLDINGS, INC.",7370,73,Business Services & Software,Services,NY
1689796,JBG SMITH PROPERTIES,6798,67,Holding & Investment Offices,"Finance, Insurance & Real Estate",MD
1031316,FRANKLIN STREET PROPERTIES CORP /MA/,6798,67,Holding & Investment Offices,"Finance, Insurance & Real Estate",MA
1754820,"DESKTOP METAL, INC.",3559,35,Industrial Machinery & Computer Equipment,Manufacturing,MA
1577437,ARDMORE SHIPPING CORP,4412,44,,"Transportation, Communications & Utilities",
1495932,"EXP WORLD HOLDINGS, INC.",6531,65,,"Finance, Insurance & Real Estate",WA
1745916,"PENNYMAC FINANCIAL SERVICES, INC.",6162,61,,"Finance, Insurance & Real Estate",CA
1623925,ANTERO MIDSTREAM CORP,4922,49,"Electric, Gas & Sanitary Services","Transportation, Communications & Utilities",CO
1433270,ANTERO RESOURCES CORP,1311,13,Oil & Gas Extraction,Mining,CO
1050377,PC CONNECTION INC,5961,59,Miscellaneous Retail,Retail Trade,NH
1693256,"SELECT WATER SOLUTIONS, INC.",1389,13,Oil & Gas Extraction,Mining,TX
812074,"O-I GLASS, INC. /DE/",3221,32,,Manufacturing,OH
1934064,"PROSOMNUS, INC.",3841,38,Instruments & Medical Devices,Manufacturing,CA
1167419,"RIOT PLATFORMS, INC.",6199,61,,"Finance, Insurance & Real Estate",CO
1900304,HALEON PLC,2844,28,Chemicals & Pharmaceuticals,Manufacturing,
1341317,BRIDGEWATER BANCSHARES INC,6022,60,Depository Institutions,"Finance, Insurance & Real Estate",MN
1590560,UNIQURE N.V.,2834,28,Chemicals & Pharmaceuticals,Manufacturing,
7536,"ARROW ELECTRONICS, INC.",5065,50,Wholesale — Durable Goods,Wholesale Trade,CO
861884,"RELIANCE, INC.",5051,50,Wholesale — Durable Goods,Wholesale Trade,AZ
9389,BALL CORP,3411,34,,Manufacturing,CO
315709,INTERNATIONAL BANCSHARES CORP,6022,60,Depository Institutions,"Finance, Insurance & Real Estate",TX
1040829,"RYMAN HOSPITALITY PROPERTIES, INC.",6798,67,Holding & Investment Offices,"Finance, Insurance & Real Estate",TN
1113232,AXCELIS TECHNOLOGIES INC,3559,35,Industrial Machinery & Computer Equipment,Manufacturing,MA
1657788,"KIMBELL ROYALTY PARTNERS, LP",1311,13,Oil & Gas Extraction,Mining,TX
1669779,"CAMPING WORLD HOLDINGS, INC.",5500,55,,Retail Trade,IL
858655,HAYNES INTERNATIONAL INC,3310,33,,Manufacturing,IN
1661059,"NEXTCURE, INC.",2834,28,Chemicals & Pharmaceuticals,Manufacturing,MD
1821159,EVGO INC.,7500,75,,Services,CA
1804176,"BUTTERFLY NETWORK, INC.",3844,38,Instruments & Medical Devices,Manufacturing,MA
1325618,IRADIMED CORP,3841,38,Instruments & Medical Devices,Manufacturing,FL
913277,CLARUS CORP,3949,39,,Manufacturing,UT
1597264,BLUEPRINT MEDICINES CORP,2834,28,Chemicals & Pharmaceuticals,Manufacturing,MA
1370450,"WILLDAN GROUP, INC.",8711,87,"Engineering, Accounting & Management Services",Services,CA
3453,"MATSON, INC.",4400,44,,"Transportation, Communications & Utilities",HI
31462,ECOLAB INC.,2840,28,Chemicals & Pharmaceuticals,Manufacturing,MN
830616,"SCI ENGINEERED MATERIALS, INC.",3620,36,Electronic & Electrical Equipment,Manufacturing,OH
1374310,"CBOE GLOBAL MARKETS, INC.",6200,62,,"Finance, Insurance & Real Estate",IL
764038,SOUTHSTATE CORP,6022,60,Depository Institutions,"Finance, Insurance & Real Estate",FL
1289460,"TEXAS ROADHOUSE, INC.",5812,58,Eating & Drinking Places,Retail Trade,KY
1458412,"CROSSFIRST BANKSHARES, INC.",6022,60,Depository Institutions,"Finance, Insurance & Real Estate",KS
894405,ARCBEST CORP /DE/,4213,42,,"Transportation, Communications & Utilities",AR
1552493,CNH INDUSTRIAL CAPITAL LLC,6159,61,,"Finance, Insurance & Real Estate",WI
1001838,SOUTHERN COPPER CORP/,1000,10,,Mining,AZ
1438423,EVERSPIN TECHNOLOGIES INC.,3674,36,Electronic & Electrical Equipment,Manufacturing,AZ
82020,UNITED STATES LIME & MINERALS INC,1400,14,,Mining,TX
1235912,"CVRX, INC.",3841,38,Instruments & Medical Devices,Manufacturing,MN
75252,OWENS & MINOR INC/VA/,5047,50,Wholesale — Durable Goods,Wholesale Trade,VA
1476034,METROPOLITAN BANK HOLDING CORP.,6022,60,Depository Institutions,"Finance, Insurance & Real Estate",NY
1126741,GSI TECHNOLOGY INC,3674,36,Electronic & Electrical Equipment,Manufacturing,CA
1265131,HILLTOP HOLDINGS INC.,6022,60,Depository Institutions,"Finance, Insurance & Real Estate",TX
1192448,GLAUKOS CORP,3841,38,Instruments & Medical Devices,Manufacturing,CA
1297996,"DIGITAL REALTY TRUST, INC.",6798,67,Holding & Investment Offices,"Finance, Insurance & Real Estate",TX
1009759,"CAPSTONE GREEN ENERGY HOLDINGS, INC.",3510,35,Industrial Machinery & Computer Equipment,Manufacturing,CA
1130144,SIERRA BANCORP,6022,60,Depository Institutions,"Finance, Insurance & Real Estate",CA
1633932,ESSA PHARMA INC.,2834,28,Chemicals & Pharmaceuticals,Manufacturing,BC
1027838,TACTILE SYSTEMS TECHNOLOGY INC,3841,38,Instruments & Medical Devices,Manufacturing,MN
1641614,CPI CARD GROUP INC.,2750,27,,Manufacturing,CO
36377,"FIRST HAWAIIAN, INC.",6022,60,Depository Institutions,"Finance, Insurance & Real Estate",HI
1361538,PRIMORIS SERVICES CORP,1623,16,,Construction,TX
1711933,"AKOYA BIOSCIENCES, INC.",3826,38,Instruments & Medical Devices,Manufacturing,MA
1558569,ISPECIMEN INC.,8731,87,"Engineering, Accounting & Management Services",Services,MA
1651625,AC IMMUNE SA,2834,28,Chemicals & Pharmaceuticals,Manufacturing,
1761612,BICYCLE THERAPEUTICS PLC,2834,28,Chemicals & Pharmaceuticals,Manufacturing,
1783032,"ELEVATION ONCOLOGY, INC.",2836,28,Chemicals & Pharmaceuticals,Manufacturing,MA
1802665,"HARMONY BIOSCIENCES HOLDINGS, INC.",2834,28,Chemicals & Pharmaceuticals,Manufacturing,PA
1304421,"CONSOLIDATED COMMUNICATIONS HOLDINGS, INC.",4813,48,Communications,"Transportation, Communications & Utilities",IL
1769617,"HARBORONE BANCORP, INC.",6022,60,Depository Institutions,"Finance, Insurance & Real Estate",MA
1282631,NETLIST INC,3674,36,Electronic & Electrical Equipment,Manufacturing,CA
1720893,"BIOXCEL THERAPEUTICS, INC.",2834,28,Chemicals & Pharmaceuticals,Manufacturing,CT
1555279,908 DEVICES INC.,3829,38,Instruments & Medical Devices,Manufacturing,MA
1875558,"NUVECTIS PHARMA, INC.",2834,28,Chemicals & Pharmaceuticals,Manufacturing,NJ
1640266,"VOYAGER THERAPEUTICS, INC.",2836,28,Chemicals & Pharmaceuticals,Manufacturing,MA
1479419,"KALA BIO, INC.",2834,28,Chemicals & Pharmaceuticals,Manufacturing,MA
1626971,"CORVUS PHARMACEUTICALS, INC.",2834,28,Chemicals & Pharmaceuticals,Manufacturing,CA
1034842,RIGEL PHARMACEUTICALS INC,2834,28,Chemicals & Pharmaceuticals,Manufacturing,CA
1633931,TOPBUILD CORP,1700,17,,Construction,FL
1434588,"GRAND CANYON EDUCATION, INC.",8200,82,,Services,AZ
1278027,"B&G FOODS, INC.",2000,20,Food & Kindred Products,Manufacturing,NJ
1049606,COMPX INTERNATIONAL INC,3420,34,,Manufacturing,TX
1868912,"ENFUSION, INC.",7372,73,Business Services & Software,Services,IL
1377121,"PROTAGONIST THERAPEUTICS, INC",2834,28,Chemicals & Pharmaceuticals,Manufacturing,CA
1606745,"LIBERTY TRIPADVISOR HOLDINGS, INC.",7374,73,Business Services & Software,Services,CO
730464,ADTALEM GLOBAL EDUCATION INC.,8200,82,,Services,IL
1649904,"RHYTHM PHARMACEUTICALS, INC.",2834,28,Chemicals & Pharmaceuticals,Manufacturing,MA
103145,VEECO INSTRUMENTS INC,3559,35,Industrial Machinery & Computer Equipment,Manufacturing,NY
1771706,VIREO GROWTH INC.,2834,28,Chemicals & Pharmaceuticals,Manufacturing,MN
1399520,"ONE GROUP HOSPITALITY, INC.",5812,58,Eating & Drinking Places,Retail Trade,NY
1677576,INNOVATIVE INDUSTRIAL PROPERTIES INC,6500,65,,"Finance, Insurance & Real Estate",UT
1160791,GOLD RESOURCE CORP,1040,10,,Mining,CO
1287098,"MAXCYTE, INC.",8731,87,"Engineering, Accounting & Management Services",Services,MD
1371489,INFORMATION SERVICES GROUP INC.,8742,87,"Engineering, Accounting & Management Services",Services,CT
1157408,"STRIDE, INC.",8200,82,,Services,VA
1844862,"SOLID POWER, INC.",3690,36,Electronic & Electrical Equipment,Manufacturing,CO
1697532,"APPLIED THERAPEUTICS, INC.",2834,28,Chemicals & Pharmaceuticals,Manufacturing,NY
1393434,"OCULAR THERAPEUTIX, INC",2834,28,Chemicals & Pharmaceuticals,Manufacturing,MA
1288403,W&T OFFSHORE INC,1311,13,Oil & Gas Extraction,Mining,TX
1833197,"LATHAM GROUP, INC.",3089,30,,Manufacturing,NY
1819576,LIQUIDIA CORP,2834,28,Chemicals & Pharmaceuticals,Manufacturing,NC
1063761,SIMON PROPERTY GROUP INC /DE/,6798,67,Holding & Investment Offices,"Finance, Insurance & Real Estate",IN
1679049,"INTERNATIONAL SEAWAYS, INC.",4400,44,,"Transportation, Communications & Utilities",NY
1865187,"ARIS WATER SOLUTIONS, INC.",1389,13,Oil & Gas Extraction,Mining,TX
810958,CITIZENS & NORTHERN CORP,6022,60,Depository Institutions,"Finance, Insurance & Real Estate",PA
1766368,"MAYVILLE ENGINEERING COMPANY, INC.",3460,34,,Manufacturing,WI
1519061,TRINSEO PLC,2821,28,Chemicals & Pharmaceuticals,Manufacturing,PA
712770,ONE LIBERTY PROPERTIES INC,6798,67,Holding & Investment Offices,"Finance, Insurance & Real Estate",NY
1295810,"SUNSTONE HOTEL INVESTORS, INC.",7011,70,,Services,CA
912767,UFP INDUSTRIES INC,2421,24,,Manufacturing,MI
1712189,TARGET HOSPITALITY CORP.,7000,70,,Services,TX
1746109,BANK FIRST CORP,6021,60,Depository Institutions,"Finance, Insurance & Real Estate",WI
1967656,"PFS BANCORP, INC.",6036,60,Depository Institutions,"Finance, Insurance & Real Estate",IL
1323468,GLOBAL PARTNERS LP,5171,51,,Wholesale Trade,MA
1056943,PEOPLES FINANCIAL SERVICES CORP.,6021,60,Depository Institutions,"Finance, Insurance & Real Estate",PA
763907,FIRST UNITED CORP/MD/,6021,60,Depository Institutions,"Finance, Insurance & Real Estate",MD
1845815,PAYONEER GLOBAL INC.,7389,73,Business Services & Software,Services,NY
1533615,GLOBAL MEDICAL REIT INC.,6798,67,Holding & Investment Offices,"Finance, Insurance & Real Estate",MD
743367,BAR HARBOR BANKSHARES,6022,60,Depository Institutions,"Finance, Insurance & Real Estate",ME
1257640,KRONOS WORLDWIDE INC,2810,28,Chemicals & Pharmaceuticals,Manufacturing,TX
1733294,GENERATION BIO CO.,2834,28,Chemicals & Pharmaceuticals,Manufacturing,MA
1368265,CLEAN ENERGY FUELS CORP.,4932,49,"Electric, Gas & Sanitary Services","Transportation, Communications & Utilities",CA
46129,ALLIENT INC,3825,38,Instruments & Medical Devices,Manufacturing,NY
1086600,ALLIANCE RESOURCE PARTNERS LP,1221,12,,Mining,OK
1533924,AMPLIFY ENERGY CORP.,1311,13,Oil & Gas Extraction,Mining,TX
72162,NL INDUSTRIES INC,2810,28,Chemicals & Pharmaceuticals,Manufacturing,TX
1867072,"KYNDRYL HOLDINGS, INC.",7373,73,Business Services & Software,Services,NY
813762,ICAHN ENTERPRISES L.P.,3714,37,Transportation Equipment,Manufacturing,FL
1557746,"ACLARIS THERAPEUTICS, INC.",2834,28,Chemicals & Pharmaceuticals,Manufacturing,PA
1806837,"VERTEX, INC.",7372,73,Business Services & Software,Services,PA
1754170,AERSALE CORP,5080,50,Wholesale — Durable Goods,Wholesale Trade,FL
924822,MILLER INDUSTRIES INC /TN/,3713,37,Transportation Equipment,Manufacturing,TN
1326200,GENCO SHIPPING & TRADING LTD,4412,44,,"Transportation, Communications & Utilities",NY
314203,MCEWEN MINING INC.,1040,10,,Mining,ON
1829726,TRIPLE FLAG PRECIOUS METALS CORP.,6795,67,Holding & Investment Offices,"Finance, Insurance & Real Estate",ON
1610250,"BOOT BARN HOLDINGS, INC.",5661,56,,Retail Trade,CA
1533998,DARIOHEALTH CORP.,3841,38,Instruments & Medical Devices,Manufacturing,NY
1497770,"WALKER & DUNLOP, INC.",6199,61,,"Finance, Insurance & Real Estate",MD
1612940,PROQR THERAPEUTICS N.V.,2834,28,Chemicals & Pharmaceuticals,Manufacturing,
1727196,SCHOLAR ROCK HOLDING CORP,2836,28,Chemicals & Pharmaceuticals,Manufacturing,MA
1429560,TREVENA INC,2834,28,Chemicals & Pharmaceuticals,Manufacturing,PA
1787297,"PASSAGE BIO, INC.",2836,28,Chemicals & Pharmaceuticals,Manufacturing,PA
1455365,COGNITION THERAPEUTICS INC,2836,28,Chemicals & Pharmaceuticals,Manufacturing,PA
1850119,"CENTURY THERAPEUTICS, INC.",2836,28,Chemicals & Pharmaceuticals,Manufacturing,PA
1840233,"XILIO THERAPEUTICS, INC.",2834,28,Chemicals & Pharmaceuticals,Manufacturing,MA
1374339,PROMIS NEUROSCIENCES INC.,2834,28,Chemicals & Pharmaceuticals,Manufacturing,ON
1710072,"EDGEWISE THERAPEUTICS, INC.",2834,28,Chemicals & Pharmaceuticals,Manufacturing,CO
795403,WATTS WATER TECHNOLOGIES INC,3490,34,,Manufacturing,MA
1434265,GENMAB A/S,2834,28,Chemicals & Pharmaceuticals,Manufacturing,
1513761,NORWEGIAN CRUISE LINE HOLDINGS LTD.,4400,44,,"Transportation, Communications & Utilities",FL
1318742,NCL CORP LTD.,4400,44,,"Transportation, Communications & Utilities",FL
106532,WEYCO GROUP INC,5130,51,,Wholesale Trade,WI
906465,QCR HOLDINGS INC,6022,60,Depository Institutions,"Finance, Insurance & Real Estate",IL
1022671,STEEL DYNAMICS INC,3312,33,,Manufacturing,IN
1611983,LIBERTY BROADBAND CORP,4841,48,Communications,"Transportation, Communications & Utilities",CO
746514,NEW ENGLAND REALTY ASSOCIATES LIMITED PARTNERSHIP,6513,65,,"Finance, Insurance & Real Estate",MA
1355096,"QVC GROUP, INC.",5961,59,Miscellaneous Retail,Retail Trade,CO
1124524,"CRYOPORT, INC.",2834,28,Chemicals & Pharmaceuticals,Manufacturing,TN
98677,TOOTSIE ROLL INDUSTRIES INC,2060,20,Food & Kindred Products,Manufacturing,IL
1253689,GLYCOMIMETICS INC,2834,28,Chemicals & Pharmaceuticals,Manufacturing,MD
921557,REPUBLIC BANCORP INC /KY/,6022,60,Depository Institutions,"Finance, Insurance & Real Estate",KY
1267565,"COLLEGIUM PHARMACEUTICAL, INC",2834,28,Chemicals & Pharmaceuticals,Manufacturing,MA
1736243,"ACURX PHARMACEUTICALS, INC.",2834,28,Chemicals & Pharmaceuticals,Manufacturing,NY
1701051,"WIDEOPENWEST, INC.",4841,48,Communications,"Transportation, Communications & Utilities",CO
1819411,"GAIN THERAPEUTICS, INC.",2834,28,Chemicals & Pharmaceuticals,Manufacturing,MD
1446847,IRONWOOD PHARMACEUTICALS INC,2834,28,Chemicals & Pharmaceuticals,Manufacturing,MA
1687187,"RAMACO RESOURCES, INC.",1220,12,,Mining,KY
1093691,PLUG POWER INC,3620,36,Electronic & Electrical Equipment,Manufacturing,NY
1838359,"RIGETTI COMPUTING, INC.",7371,73,Business Services & Software,Services,CA
1526119,"VERASTEM, INC.",2834,28,Chemicals & Pharmaceuticals,Manufacturing,MA
1120914,PDF SOLUTIONS INC,7372,73,Business Services & Software,Services,CA
1958140,"ATLANTA BRAVES HOLDINGS, INC.",7900,79,,Services,GA
1408443,MILESTONE PHARMACEUTICALS INC.,2834,28,Chemicals & Pharmaceuticals,Manufacturing,QC
59255,VALHI INC /DE/,2810,28,Chemicals & Pharmaceuticals,Manufacturing,TX
1581091,"RE/MAX HOLDINGS, INC.",6531,65,,"Finance, Insurance & Real Estate",CO
907242,MONARCH CASINO & RESORT INC,7011,70,,Services,NV
1013880,"TTEC HOLDINGS, INC.",7363,73,Business Services & Software,Services,CO
1616543,"SENSEONICS HOLDINGS, INC.",3823,38,Instruments & Medical Devices,Manufacturing,MD
1888886,STRUCTURE THERAPEUTICS INC.,2834,28,Chemicals & Pharmaceuticals,Manufacturing,CA
1053352,HERITAGE COMMERCE CORP,6022,60,Depository Institutions,"Finance, Insurance & Real Estate",CA
903419,ALERUS FINANCIAL CORP,6021,60,Depository Institutions,"Finance, Insurance & Real Estate",ND
1512762,"COHERUS BIOSCIENCES, INC.",2836,28,Chemicals & Pharmaceuticals,Manufacturing,CA
1436208,LEGACY HOUSING CORP,2451,24,,Manufacturing,TX
1583107,"THERAVANCE BIOPHARMA, INC.",2834,28,Chemicals & Pharmaceuticals,Manufacturing,
923139,FLUSHING FINANCIAL CORP,6022,60,Depository Institutions,"Finance, Insurance & Real Estate",NY
1133869,"CAPRICOR THERAPEUTICS, INC.",2834,28,Chemicals & Pharmaceuticals,Manufacturing,CA
1425205,"IOVANCE BIOTHERAPEUTICS, INC.",2836,28,Chemicals & Pharmaceuticals,Manufacturing,CA
2013792,"EWSB BANCORP, INC. /MD/",6036,60,Depository Institutions,"Finance, Insurance & Real Estate",WI
1413837,FIRST FOUNDATION INC.,6022,60,Depository Institutions,"Finance, Insurance & Real Estate",CA
1806347,WESTROCK COFFEE CO,2080,20,Food & Kindred Products,Manufacturing,AR
1760542,HOOKIPA PHARMA INC.,2834,28,Chemicals & Pharmaceuticals,Manufacturing,NY
1560385,LIBERTY MEDIA CORP,4833,48,Communications,"Transportation, Communications & Utilities",CO
1604821,"NATERA, INC.",8071,80,Health Services,Services,TX
1415404,ECHOSTAR CORP,4899,48,Communications,"Transportation, Communications & Utilities",CO
1761510,TILT HOLDINGS INC.,2111,21,,Manufacturing,BC
1290476,VILLAGE BANK & TRUST FINANCIAL CORP.,6022,60,Depository Institutions,"Finance, Insurance & Real Estate",VA
1818844,"DOGWOOD THERAPEUTICS, INC.",2834,28,Chemicals & Pharmaceuticals,Manufacturing,GA
1847398,"NORTHEAST COMMUNITY BANCORP, INC./MD/",6036,60,Depository Institutions,"Finance, Insurance & Real Estate",NY
879585,"ATN INTERNATIONAL, INC.",4813,48,Communications,"Transportation, Communications & Utilities",MA
1979330,"NB BANCORP, INC.",6036,60,Depository Institutions,"Finance, Insurance & Real Estate",MA
1942722,"BGO INDUSTRIAL REAL ESTATE INCOME TRUST, INC.",6798,67,Holding & Investment Offices,"Finance, Insurance & Real Estate",NY
886136,SAGA COMMUNICATIONS INC,4832,48,Communications,"Transportation, Communications & Utilities",MI
1629019,MERCHANTS BANCORP,6022,60,Depository Institutions,"Finance, Insurance & Real Estate",IN
1978811,"GOUVERNEUR BANCORP, INC./MD/",6036,60,Depository Institutions,"Finance, Insurance & Real Estate",NY
1051627,AXT INC,3674,36,Electronic & Electrical Equipment,Manufacturing,CA
1654595,"MEDALIST DIVERSIFIED REIT, INC.",6798,67,Holding & Investment Offices,"Finance, Insurance & Real Estate",
1860543,"CADRE HOLDINGS, INC.",3842,38,Instruments & Medical Devices,Manufacturing,FL
1823365,"GENERATIONS BANCORP NY, INC.",6035,60,Depository Institutions,"Finance, Insurance & Real Estate",NY
1038773,SMARTFINANCIAL INC.,6021,60,Depository Institutions,"Finance, Insurance & Real Estate",TN
1527590,READY CAPITAL CORP,6798,67,Holding & Investment Offices,"Finance, Insurance & Real Estate",NY
1735438,MEIRAGTX HOLDINGS PLC,2836,28,Chemicals & Pharmaceuticals,Manufacturing,NY
1722964,"Y-MABS THERAPEUTICS, INC.",2834,28,Chemicals & Pharmaceuticals,Manufacturing,NJ
1621227,ADAPTIMMUNE THERAPEUTICS PLC,2836,28,Chemicals & Pharmaceuticals,Manufacturing,
1227636,"NEURONETICS, INC.",3841,38,Instruments & Medical Devices,Manufacturing,PA
1754226,"ORANGE COUNTY BANCORP, INC. /DE/",6022,60,Depository Institutions,"Finance, Insurance & Real Estate",NY
1781983,"APREA THERAPEUTICS, INC.",2834,28,Chemicals & Pharmaceuticals,Manufacturing,PA
1839530,"XBP EUROPE HOLDINGS, INC.",7389,73,Business Services & Software,Services,TX
714712,JUNIATA VALLEY FINANCIAL CORP,6022,60,Depository Institutions,"Finance, Insurance & Real Estate",PA
1692345,"PROCACCIANTI HOTEL REIT, INC.",6798,67,Holding & Investment Offices,"Finance, Insurance & Real Estate",RI
890066,GLEN BURNIE BANCORP,6022,60,Depository Institutions,"Finance, Insurance & Real Estate",MD
1327978,ARES REAL ESTATE INCOME TRUST INC.,6798,67,Holding & Investment Offices,"Finance, Insurance & Real Estate",CO
1625941,ARES INDUSTRIAL REAL ESTATE INCOME TRUST INC.,6798,67,Holding & Investment Offices,"Finance, Insurance & Real Estate",CO
707605,AMERISERV FINANCIAL INC /PA/,6021,60,Depository Institutions,"Finance, Insurance & Real Estate",PA
1447051,TERRITORIAL BANCORP INC.,6035,60,Depository Institutions,"Finance, Insurance & Real Estate",HI
1817760,"SMARTKEM, INC.",3674,36,Electronic & Electrical Equipment,Manufacturing,
1837607,"AEON BIOPHARMA, INC.",2834,28,Chemicals & Pharmaceuticals,Manufacturing,CA
1472012,IMMUNOME INC.,2834,28,Chemicals & Pharmaceuticals,Manufacturing,WA
1814114,"ORCHESTRA BIOMED HOLDINGS, INC.",3841,38,Instruments & Medical Devices,Manufacturing,PA
1261249,AGILE THERAPEUTICS INC,2834,28,Chemicals & Pharmaceuticals,Manufacturing,NJ
1610853,"HELIUS MEDICAL TECHNOLOGIES, INC.",3845,38,Instruments & Medical Devices,Manufacturing,PA
1883814,"SOUTHLAND HOLDINGS, INC.",1600,16,,Construction,TX
1347858,"22ND CENTURY GROUP, INC.",2111,21,,Manufacturing,NY
1964789,HUT 8 CORP.,6199,61,,"Finance, Insurance & Real Estate",FL
1585608,"JAGUAR HEALTH, INC.",2834,28,Chemicals & Pharmaceuticals,Manufacturing,CA
1876183,IHS HOLDING LTD,3669,36,Electronic & Electrical Equipment,Manufacturing,
791908,XOMA ROYALTY CORP,2834,28,Chemicals & Pharmaceuticals,Manufacturing,CA
1267813,"MARINUS PHARMACEUTICALS, INC.",2834,28,Chemicals & Pharmaceuticals,Manufacturing,PA
1710482,"JOHN MARSHALL BANCORP, INC.",6022,60,Depository Institutions,"Finance, Insurance & Real Estate",VA
1708527,ELUTIA INC.,2836,28,Chemicals & Pharmaceuticals,Manufacturing,MD
1319229,TRANSMONTAIGNE PARTNERS LLC,4610,46,,"Transportation, Communications & Utilities",CO
1849867,"CATALYST BANCORP, INC.",6035,60,Depository Institutions,"Finance, Insurance & Real Estate",LA
1828588,"HANOVER BANCORP, INC. /NY",6022,60,Depository Institutions,"Finance, Insurance & Real Estate",NY
1680048,"MUSTANG BIO, INC.",2834,28,Chemicals & Pharmaceuticals,Manufacturing,MA
1043961,"PRECIPIO, INC.",3826,38,Instruments & Medical Devices,Manufacturing,NE
1726126,EPSILON ENERGY LTD.,1311,13,Oil & Gas Extraction,Mining,TX
1561921,"TELA BIO, INC.",3841,38,Instruments & Medical Devices,Manufacturing,PA
921114,"ARMATA PHARMACEUTICALS, INC.",2836,28,Chemicals & Pharmaceuticals,Manufacturing,CA
1864943,FGI INDUSTRIES LTD.,3430,34,,Manufacturing,NJ
1429260,"FORTRESS BIOTECH, INC.",2834,28,Chemicals & Pharmaceuticals,Manufacturing,FL
1759546,NU RIDE INC.,3711,37,Transportation Equipment,Manufacturing,NY
799165,DAWSON GEOPHYSICAL CO,1382,13,Oil & Gas Extraction,Mining,TX
1211583,FENNEC PHARMACEUTICALS INC.,2836,28,Chemicals & Pharmaceuticals,Manufacturing,NC
1001082,DISH NETWORK CORP,4841,48,Communications,"Transportation, Communications & Utilities",CO
1849466,"TEXAS COMMUNITY BANCSHARES, INC.",6036,60,Depository Institutions,"Finance, Insurance & Real Estate",TX
1847367,ALUMIS INC.,2834,28,Chemicals & Pharmaceuticals,Manufacturing,CA
1412502,STERLING REAL ESTATE TRUST,6798,67,Holding & Investment Offices,"Finance, Insurance & Real Estate",ND
1456346,FRANCO NEVADA CORP,1040,10,,Mining,ON
1011509,GOLDEN MINERALS CO,1040,10,,Mining,CO
1083220,"XCEL BRANDS, INC.",6794,67,Holding & Investment Offices,"Finance, Insurance & Real Estate",NY
1006281,"PROTALIX BIOTHERAPEUTICS, INC.",2836,28,Chemicals & Pharmaceuticals,Manufacturing,NJ
1400118,SAGIMET BIOSCIENCES INC.,2834,28,Chemicals & Pharmaceuticals,Manufacturing,CA
845698,GRANT PARK FUTURES FUND LIMITED PARTNERSHIP,6221,62,,"Finance, Insurance & Real Estate",IL
1575048,"ATEL 16, LLC",7359,73,Business Services & Software,Services,CA
1640982,"ATEL 17, LLC",7359,73,Business Services & Software,Services,CA
946563,RETRACTABLE TECHNOLOGIES INC,3841,38,Instruments & Medical Devices,Manufacturing,TX
1531031,"ESQUIRE FINANCIAL HOLDINGS, INC.",6029,60,Depository Institutions,"Finance, Insurance & Real Estate",NY
1533758,HUGHES SATELLITE SYSTEMS CORP,4899,48,Communications,"Transportation, Communications & Utilities",CO
836690,INNOVATIVE SOLUTIONS & SUPPORT INC,7371,73,Business Services & Software,Services,PA
1967306,"MERCER BANCORP, INC.",6036,60,Depository Institutions,"Finance, Insurance & Real Estate",OH
1620179,"EXELA TECHNOLOGIES, INC.",7389,73,Business Services & Software,Services,TX
1780201,"LULU'S FASHION LOUNGE HOLDINGS, INC.",5961,59,Miscellaneous Retail,Retail Trade,CA
1434524,CLEARSIGN TECHNOLOGIES CORP,3823,38,Instruments & Medical Devices,Manufacturing,OK
1477845,"ANNOVIS BIO, INC.",2834,28,Chemicals & Pharmaceuticals,Manufacturing,PA
1684144,ZOMEDICA CORP.,2834,28,Chemicals & Pharmaceuticals,Manufacturing,MI
1346830,"CARA THERAPEUTICS, INC.",2834,28,Chemicals & Pharmaceuticals,Manufacturing,CT
839470,"WESTWATER RESOURCES, INC.",1000,10,,Mining,CO
1649989,"OUTLOOK THERAPEUTICS, INC.",2836,28,Chemicals & Pharmaceuticals,Manufacturing,NJ
1410428,"XWELL, INC.",7200,72,,Services,NY
1868279,"ARRIVENT BIOPHARMA, INC.",2834,28,Chemicals & Pharmaceuticals,Manufacturing,PA
1463972,VUZIX CORP,3663,36,Electronic & Electrical Equipment,Manufacturing,NY
724742,TRINITY PLACE HOLDINGS INC.,6512,65,,"Finance, Insurance & Real Estate",NY
928340,CONSOLIDATED WATER CO. LTD.,4941,49,"Electric, Gas & Sanitary Services","Transportation, Communications & Utilities",
1427570,RESHAPE LIFESCIENCES INC.,2834,28,Chemicals & Pharmaceuticals,Manufacturing,CA
1849670,"PB BANKSHARES, INC.",6036,60,Depository Institutions,"Finance, Insurance & Real Estate",PA
1661779,"STARTENGINE CROWDFUNDING, INC.",6199,61,,"Finance, Insurance & Real Estate",CA
1282648,BATTALION OIL CORP,1311,13,Oil & Gas Extraction,Mining,TX
2012726,"FIFTH DISTRICT BANCORP, INC.",6035,60,Depository Institutions,"Finance, Insurance & Real Estate",LA
1183765,"MOLECULAR TEMPLATES, INC.",2834,28,Chemicals & Pharmaceuticals,Manufacturing,TX
1133818,"BIO-PATH HOLDINGS, INC.",2834,28,Chemicals & Pharmaceuticals,Manufacturing,TX
1820566,INSPIRATO INC,6770,67,Holding & Investment Offices,"Finance, Insurance & Real Estate",CO
1829635,"TRANSCODE THERAPEUTICS, INC.",2834,28,Chemicals & Pharmaceuticals,Manufacturing,MA
1600983,"KNIGHTSCOPE, INC.",3669,36,Electronic & Electrical Equipment,Manufacturing,CA
1671941,"ANGEL STUDIOS, INC.",7812,78,,Services,UT
1130166,"CYCLACEL PHARMACEUTICALS, INC.",2834,28,Chemicals & Pharmaceuticals,Manufacturing,NJ
1638287,METAVIA INC.,2834,28,Chemicals & Pharmaceuticals,Manufacturing,MA
1042642,DISH DBS CORP,4899,48,Communications,"Transportation, Communications & Utilities",CO
1130598,"TRAWS PHARMA, INC.",2834,28,Chemicals & Pharmaceuticals,Manufacturing,PA
1175680,CYTODYN INC.,2834,28,Chemicals & Pharmaceuticals,Manufacturing,WA
1476963,"SCORPIUS HOLDINGS, INC.",2834,28,Chemicals & Pharmaceuticals,Manufacturing,NC
2009684,SEAPORT ENTERTAINMENT GROUP INC.,7990,79,,Services,NY
842023,BIO-TECHNE CORP,2836,28,Chemicals & Pharmaceuticals,Manufacturing,MN
1745032,"LODGING FUND REIT III, INC.",6798,67,Holding & Investment Offices,"Finance, Insurance & Real Estate",ND
1069899,PHIBRO ANIMAL HEALTH CORP,2834,28,Chemicals & Pharmaceuticals,Manufacturing,NJ
29534,DOLLAR GENERAL CORP,5331,53,,Retail Trade,TN
1553846,REDHILL BIOPHARMA LTD.,2834,28,Chemicals & Pharmaceuticals,Manufacturing,
315189,DEERE & CO,3523,35,Industrial Machinery & Computer Equipment,Manufacturing,IL
27673,DEERE JOHN CAPITAL CORP,6153,61,,"Finance, Insurance & Real Estate",WI
1403568,"ULTA BEAUTY, INC.",5990,59,Miscellaneous Retail,Retail Trade,IL
69633,"NAPCO SECURITY TECHNOLOGIES, INC",3669,36,Electronic & Electrical Equipment,Manufacturing,NY
1368622,AEROVIRONMENT INC,3721,37,Transportation Equipment,Manufacturing,VA
886128,FUELCELL ENERGY INC,3620,36,Electronic & Electrical Equipment,Manufacturing,CT
100591,ARGAN INC,1700,17,,Construction,VA
65172,MESABI TRUST,6795,67,Holding & Investment Offices,"Finance, Insurance & Real Estate",NY
315374,HURCO COMPANIES INC,3823,38,Instruments & Medical Devices,Manufacturing,IN
821002,G III APPAREL GROUP LTD /DE/,2300,23,,Manufacturing,NY
1133470,CALAVO GROWERS INC,700,07,,"Agriculture, Forestry & Fishing",CA
1318484,CITI TRENDS INC,5600,56,,Retail Trade,GA
1006655,EVOLUTION PETROLEUM CORP,1311,13,Oil & Gas Extraction,Mining,TX
1066194,EGAIN CORP,7372,73,Business Services & Software,Services,CA
1528849,RH,5712,57,,Retail Trade,CA
916907,"SOUTHERN MISSOURI BANCORP, INC.",6036,60,Depository Institutions,"Finance, Insurance & Real Estate",MO
1509261,"REZOLUTE, INC.",2834,28,Chemicals & Pharmaceuticals,Manufacturing,CA
15357,CHASE GENERAL CORP,2060,20,Food & Kindred Products,Manufacturing,MO
1386301,"RESEARCH SOLUTIONS, INC.",7389,73,Business Services & Software,Services,NV
56873,KROGER CO,5411,54,,Retail Trade,OH
1811623,"PAXMEDICA, INC.",2834,28,Chemicals & Pharmaceuticals,Manufacturing,NY
2024899,"MONROE FEDERAL BANCORP, INC.",6035,60,Depository Institutions,"Finance, Insurance & Real Estate",OH
1769663,"PIONEER BANCORP, INC./MD",6036,60,Depository Institutions,"Finance, Insurance & Real Estate",NY
1835385,"MARATHON BANCORP, INC. /MD/",6036,60,Depository Institutions,"Finance, Insurance & Real Estate",WI
922358,FERRELLGAS PARTNERS L P,5900,59,Miscellaneous Retail,Retail Trade,MO
1067294,"CRACKER BARREL OLD COUNTRY STORE, INC",5812,58,Eating & Drinking Places,Retail Trade,TN
1913838,"VWF BANCORP, INC.",6036,60,Depository Institutions,"Finance, Insurance & Real Estate",OH
1770236,MOVING IMAGE TECHNOLOGIES INC.,3861,38,Instruments & Medical Devices,Manufacturing,CA
1559053,PROTHENA CORP PUBLIC LTD CO,2834,28,Chemicals & Pharmaceuticals,Manufacturing,
1559432,"TXO PARTNERS, L.P.",1311,13,Oil & Gas Extraction,Mining,TX
1559720,"AIRBNB, INC.",7340,73,Business Services & Software,Services,CA
1559865,"EVERTEC, INC.",7374,73,Business Services & Software,Services,
1560327,"RAPID7, INC.",7372,73,Business Services & Software,Services,MA
1560672,ELLINGTON CREDIT CO,6798,67,Holding & Investment Offices,"Finance, Insurance & Real Estate",CT
1561032,"NATIONAL HEALTHCARE PROPERTIES, INC.",6798,67,Holding & Investment Offices,"Finance, Insurance & Real Estate",NY
1561550,"DATADOG, INC.",7372,73,Business Services & Software,Services,NY
1561680,"TRI POINTE HOMES, INC.",1531,15,,Construction,NV
1561894,"HA SUSTAINABLE INFRASTRUCTURE CAPITAL, INC.",6798,67,Holding & Investment Offices,"Finance, Insurance & Real Estate",MD
1562088,"DUOLINGO, INC.",7372,73,Business Services & Software,Services,PA
1562151,"CRIMSON WINE GROUP, LTD",2080,20,Food & Kindred Products,Manufacturing,CA
1562401,AMERICAN HOMES 4 RENT,6798,67,Holding & Investment Offices,"Finance, Insurance & Real Estate",NV
1562463,FIRST INTERNET BANCORP,6022,60,Depository Institutions,"Finance, Insurance & Real Estate",IN
1562528,"FRANKLIN BSP REALTY TRUST, INC.",6798,67,Holding & Investment Offices,"Finance, Insurance & Real Estate",NY
16160,CAL-MAINE FOODS INC,200,02,,"Agriculture, Forestry & Fishing",MS
19584,CHEMED CORP,8082,80,Health Services,Services,OH
876427,"MONRO, INC.",7500,75,,Services,NY
20520,"FRONTIER COMMUNICATIONS PARENT, INC.",4813,48,Communications,"Transportation, Communications & Utilities",TX
1770561,CORONADO GLOBAL RESOURCES INC.,1220,12,,Mining,WV
78128,"ESSENTIAL UTILITIES, INC.",4941,49,"Electric, Gas & Sanitary Services","Transportation, Communications & Utilities",PA
1237831,GLOBUS MEDICAL INC,3841,38,Instruments & Medical Devices,Manufacturing,PA
1013272,NORWOOD FINANCIAL CORP,6022,60,Depository Institutions,"Finance, Insurance & Real Estate",PA
1295401,"BANCORP, INC.",6021,60,Depository Institutions,"Finance, Insurance & Real Estate",DE
1275101,BANK OF THE JAMES FINANCIAL GROUP INC,6022,60,Depository Institutions,"Finance, Insurance & Real Estate",VA
1901637,"USCB FINANCIAL HOLDINGS, INC.",6022,60,Depository Institutions,"Finance, Insurance & Real Estate",FL
947263,TORONTO DOMINION BANK,6029,60,Depository Institutions,"Finance, Insurance & Real Estate",ON
18255,CATO CORP,5621,56,,Retail Trade,NC
1041514,LESAKA TECHNOLOGIES INC,6099,60,Depository Institutions,"Finance, Insurance & Real Estate",
1318885,DIANA SHIPPING INC.,4412,44,,"Transportation, Communications & Utilities",
1563190,"COMPASS, INC.",7371,73,Business Services & Software,Services,NY
1563411,CONSTELLIUM SE,3341,33,,Manufacturing,
1563922,GREENBACKER RENEWABLE ENERGY CO LLC,4911,49,"Electric, Gas & Sanitary Services","Transportation, Communications & Utilities",NY
1564408,SNAP INC,7370,73,Business Services & Software,Services,CA
1564618,"INDEPENDENT BANK GROUP, INC.",6022,60,Depository Institutions,"Finance, Insurance & Real Estate",TX
1564708,NEWS CORP,2711,27,,Manufacturing,NY
1566011,PBF HOLDING CO LLC,2911,29,,Manufacturing,NJ
1567264,"INTENSITY THERAPEUTICS, INC.",2836,28,Chemicals & Pharmaceuticals,Manufacturing,CT
1567683,"CLEARWAY ENERGY, INC.",4911,49,"Electric, Gas & Sanitary Services","Transportation, Communications & Utilities",NJ
1567892,MALLINCKRODT PLC,2834,28,Chemicals & Pharmaceuticals,Manufacturing,
1567925,"SILA REALTY TRUST, INC.",6798,67,Holding & Investment Offices,"Finance, Insurance & Real Estate",FL
1568100,"PAGERDUTY, INC.",7372,73,Business Services & Software,Services,CA
1568651,"OSCAR HEALTH, INC.",6324,63,Insurance Carriers,"Finance, Insurance & Real Estate",NY
1569187,"ARMADA HOFFLER PROPERTIES, INC.",6500,65,,"Finance, Insurance & Real Estate",VA
1569345,"SPRINKLR, INC.",7372,73,Business Services & Software,Services,NY
1570562,"EVOLUS, INC.",2834,28,Chemicals & Pharmaceuticals,Manufacturing,CA
1570585,LIBERTY GLOBAL LTD.,4841,48,Communications,"Transportation, Communications & Utilities",
1571123,SCIENCE APPLICATIONS INTERNATIONAL CORP,7373,73,Business Services & Software,Services,VA
1571283,"REXFORD INDUSTRIAL REALTY, INC.",6798,67,Holding & Investment Offices,"Finance, Insurance & Real Estate",CA
1571949,"INTERCONTINENTAL EXCHANGE, INC.",6200,62,,"Finance, Insurance & Real Estate",GA
1571996,DELL TECHNOLOGIES INC.,3571,35,Industrial Machinery & Computer Equipment,Manufacturing,TX
1573221,"THEREALREAL, INC.",5900,59,Miscellaneous Retail,Retail Trade,CA
1573516,MURPHY USA INC.,5500,55,,Retail Trade,AR
1574085,BRAEMAR HOTELS & RESORTS INC.,6798,67,Holding & Investment Offices,"Finance, Insurance & Real Estate",TX
1574197,"FIVE POINT HOLDINGS, LLC",6500,65,,"Finance, Insurance & Real Estate",CA
1575515,"SPROUTS FARMERS MARKET, INC.",5411,54,,Retail Trade,AZ
1677897,UPAY,7372,73,Business Services & Software,Services,TX
1651958,EOS INC.,2844,28,Chemicals & Pharmaceuticals,Manufacturing,
1418302,RENEWABLE ENERGY ACQUISITION CORP.,6770,67,Holding & Investment Offices,"Finance, Insurance & Real Estate",MN
1805526,JANOVER INC.,6163,61,,"Finance, Insurance & Real Estate",FL
1923780,NORTHANN CORP.,3089,30,,Manufacturing,CA
1852707,"BETTER FOR YOU WELLNESS, INC.",2844,28,Chemicals & Pharmaceuticals,Manufacturing,OH
1335112,"LOGIQ, INC.",7389,73,Business Services & Software,Services,NY
1575965,"GAMING & LEISURE PROPERTIES, INC.",6798,67,Holding & Investment Offices,"Finance, Insurance & Real Estate",PA
1576018,SIRIUSPOINT LTD,6331,63,Insurance Carriers,"Finance, Insurance & Real Estate",NY
1576280,"GUARDANT HEALTH, INC.",8071,80,Health Services,Services,CA
1576427,CRITEO S.A.,7311,73,Business Services & Software,Services,
1576885,"ACUMEN PHARMACEUTICALS, INC.",2836,28,Chemicals & Pharmaceuticals,Manufacturing,VA
1576940,"CENTURY COMMUNITIES, INC.",1531,15,,Construction,CO
1576942,"STITCH FIX, INC.",5961,59,Miscellaneous Retail,Retail Trade,CA
1577134,"TERRA INCOME FUND 6, LLC",6798,67,Holding & Investment Offices,"Finance, Insurance & Real Estate",NY
1577670,LADDER CAPITAL CORP,6798,67,Holding & Investment Offices,"Finance, Insurance & Real Estate",NY
1577916,"PREMIER, INC.",8741,87,"Engineering, Accounting & Management Services",Services,NC
1578732,"MARCUS & MILLICHAP, INC.",6531,65,,"Finance, Insurance & Real Estate",CA
1579091,MAPLEBEAR INC.,7389,73,Business Services & Software,Services,CA
1579241,ALLEGION PLC,7381,73,Business Services & Software,Services,
1579684,"GANNETT CO., INC.",2711,27,,Manufacturing,NY
1579877,OUTFRONT MEDIA INC.,6798,67,Holding & Investment Offices,"Finance, Insurance & Real Estate",NY
1580670,"LGI HOMES, INC.",1531,15,,Construction,TX
1580808,"A10 NETWORKS, INC.",3576,35,Industrial Machinery & Computer Equipment,Manufacturing,CA
1580905,"INSTALLED BUILDING PRODUCTS, INC.",1520,15,,Construction,OH
1581068,BRIXMOR PROPERTY GROUP INC.,6798,67,Holding & Investment Offices,"Finance, Insurance & Real Estate",NY
1581760,"LIFE360, INC.",7374,73,Business Services & Software,Services,CA
1581990,PLAINS GP HOLDINGS LP,4610,46,,"Transportation, Communications & Utilities",TX
1582961,"DIGITALOCEAN HOLDINGS, INC.",7370,73,Business Services & Software,Services,NY
1583708,"SENTINELONE, INC.",7372,73,Business Services & Software,Services,CA
1584207,"ONEMAIN HOLDINGS, INC.",6141,61,,"Finance, Insurance & Real Estate",IN
1584509,ARAMARK,5812,58,Eating & Drinking Places,Retail Trade,PA
1585101,"HINES GLOBAL INCOME TRUST, INC.",6798,67,Holding & Investment Offices,"Finance, Insurance & Real Estate",TX
1585364,PERRIGO CO PLC,2834,28,Chemicals & Pharmaceuticals,Manufacturing,
1585521,"ZOOM COMMUNICATIONS, INC.",7370,73,Business Services & Software,Services,CA
1585689,HILTON WORLDWIDE HOLDINGS INC.,7011,70,,Services,VA
1587523,KNOWLES CORP,3651,36,Electronic & Electrical Equipment,Manufacturing,IL
1587732,"ONE GAS, INC.",4924,49,"Electric, Gas & Sanitary Services","Transportation, Communications & Utilities",OK
1587987,"NEWTEKONE, INC.",6021,60,Depository Institutions,"Finance, Insurance & Real Estate",FL
1588978,PROCEPT BIOROBOTICS CORP,3841,38,Instruments & Medical Devices,Manufacturing,CA
1589526,BLUE BIRD CORP,3713,37,Transportation Equipment,Manufacturing,GA
1590364,FTAI AVIATION LTD.,7350,73,Business Services & Software,Services,NY
1590584,CIVEO CORP,7000,70,,Services,TX
1590714,ELEMENT SOLUTIONS INC,2890,28,Chemicals & Pharmaceuticals,Manufacturing,FL
1590750,"VIRIDIAN THERAPEUTICS, INC.DE",8071,80,Health Services,Services,MA
1590895,"CAESARS ENTERTAINMENT, INC.",7011,70,,Services,NV
1590976,"MALIBU BOATS, INC.",3730,37,Transportation Equipment,Manufacturing,TN
1591698,PAYLOCITY HOLDING CORP,7372,73,Business Services & Software,Services,IL
1591956,SPHERE 3D CORP.,6199,61,,"Finance, Insurance & Real Estate",CT
1592000,"ENLINK MIDSTREAM, LLC",4922,49,"Electric, Gas & Sanitary Services","Transportation, Communications & Utilities",TX
1592386,"VIRTU FINANCIAL, INC.",6211,62,,"Finance, Insurance & Real Estate",NY
1593275,"HAMILTON INSURANCE GROUP, LTD.",6331,63,Insurance Carriers,"Finance, Insurance & Real Estate",
1595527,AMERICAN STRATEGIC INVESTMENT CO.,6798,67,Holding & Investment Offices,"Finance, Insurance & Real Estate",RI
1595974,"MAGNITE, INC.",7370,73,Business Services & Software,Services,NY
1596532,"ARISTA NETWORKS, INC.",3576,35,Industrial Machinery & Computer Equipment,Manufacturing,CA
1596783,"CATALENT, INC.",2834,28,Chemicals & Pharmaceuticals,Manufacturing,NJ
1596961,"RUMBLEON, INC.",7371,73,Business Services & Software,Services,TX
1596993,DORIAN LPG LTD.,4412,44,,"Transportation, Communications & Utilities",CT
1597033,SABRE CORP,7370,73,Business Services & Software,Services,TX
1597672,RAYONIER ADVANCED MATERIALS INC.,2611,26,,Manufacturing,FL
1598665,"HERITAGE INSURANCE HOLDINGS, INC.",6331,63,Insurance Carriers,"Finance, Insurance & Real Estate",FL
1599298,SUMMIT THERAPEUTICS INC.,2834,28,Chemicals & Pharmaceuticals,Manufacturing,FL
1599901,"AVIDITY BIOSCIENCES, INC.",2834,28,Chemicals & Pharmaceuticals,Manufacturing,CA
1702015,"AIS HOLDINGS GROUP, INC.",6770,67,Holding & Investment Offices,"Finance, Insurance & Real Estate",
1627469,"PHOTOZOU HOLDINGS, INC.",7310,73,Business Services & Software,Services,
1818152,"ZENTRUM HOLDINGS, INC.",4899,48,Communications,"Transportation, Communications & Utilities",
1888846,"ULTIMATE HOLDINGS GROUP, INC.",6770,67,Holding & Investment Offices,"Finance, Insurance & Real Estate",
1857910,"JAPAN FOOD TECH HOLDINGS, INC.",6770,67,Holding & Investment Offices,"Finance, Insurance & Real Estate",
1634293,"EXCEED WORLD, INC.",8200,82,,Services,
1882781,"C2 BLOCKCHAIN,INC.",6199,61,,"Finance, Insurance & Real Estate",FL
1600033,"E.L.F. BEAUTY, INC.",2844,28,Chemicals & Pharmaceuticals,Manufacturing,CA
1600620,AURINIA PHARMACEUTICALS INC.,2834,28,Chemicals & Pharmaceuticals,Manufacturing,AB
1600626,PEAKSTONE REALTY TRUST,6798,67,Holding & Investment Offices,"Finance, Insurance & Real Estate",
1600641,"1STDIBS.COM, INC.",5961,59,Miscellaneous Retail,Retail Trade,NY
1601046,"KEYSIGHT TECHNOLOGIES, INC.",3823,38,Instruments & Medical Devices,Manufacturing,CA
1601485,"ELICIO THERAPEUTICS, INC.",2834,28,Chemicals & Pharmaceuticals,Manufacturing,MA
1601548,"V2X, INC.",8744,87,"Engineering, Accounting & Management Services",Services,VA
1601712,SYNCHRONY FINANCIAL,6199,61,,"Finance, Insurance & Real Estate",CT
1601830,"RECURSION PHARMACEUTICALS, INC.",2836,28,Chemicals & Pharmaceuticals,Manufacturing,UT
1602065,"VIPER ENERGY, INC.",1311,13,Oil & Gas Extraction,Mining,TX
1603145,"XPLR INFRASTRUCTURE, LP",4911,49,"Electric, Gas & Sanitary Services","Transportation, Communications & Utilities",FL
1603756,"AXONICS, INC.",3841,38,Instruments & Medical Devices,Manufacturing,CA
1603923,WEATHERFORD INTERNATIONAL PLC,3533,35,Industrial Machinery & Computer Equipment,Manufacturing,TX
1603978,AQUABOUNTY TECHNOLOGIES INC,900,09,,"Agriculture, Forestry & Fishing",MA
1604028,"ADVANCED DRAINAGE SYSTEMS, INC.",3086,30,,Manufacturing,OH
1604481,EURONAV NV,4412,44,,"Transportation, Communications & Utilities",
1604665,WESTLAKE CHEMICAL PARTNERS LP,2860,28,Chemicals & Pharmaceuticals,Manufacturing,TX
1604738,ASHFORD INC.,8742,87,"Engineering, Accounting & Management Services",Services,TX
1604778,"QORVO, INC.",3674,36,Electronic & Electrical Equipment,Manufacturing,NC
1605301,"CB FINANCIAL SERVICES, INC.",6022,60,Depository Institutions,"Finance, Insurance & Real Estate",PA
1606268,"VIA RENEWABLES, INC.",4931,49,"Electric, Gas & Sanitary Services","Transportation, Communications & Utilities",TX
1606366,"EL POLLO LOCO HOLDINGS, INC.",5812,58,Eating & Drinking Places,Retail Trade,CA
1606498,"AVANOS MEDICAL, INC.",3842,38,Instruments & Medical Devices,Manufacturing,GA
1606757,"KIMBALL ELECTRONICS, INC.",3672,36,Electronic & Electrical Equipment,Manufacturing,IN
1606909,PANGAEA LOGISTICS SOLUTIONS LTD.,4412,44,,"Transportation, Communications & Utilities",RI
1589150,REGEN BIOPHARMA INC,2834,28,Chemicals & Pharmaceuticals,Manufacturing,CA
1607939,"UDEMY, INC.",8200,82,,Services,CA
1609151,"WEAVE COMMUNICATIONS, INC.",7372,73,Business Services & Software,Services,UT
1609253,CALIFORNIA RESOURCES CORP,1311,13,Oil & Gas Extraction,Mining,CA
1609550,"INSPIRE MEDICAL SYSTEMS, INC.",3841,38,Instruments & Medical Devices,Manufacturing,MN
1609711,GODADDY INC.,7373,73,Business Services & Software,Services,AZ
1609804,ORION S.A.,2890,28,Chemicals & Pharmaceuticals,Manufacturing,TX
1610520,UBS GROUP AG,6021,60,Depository Institutions,"Finance, Insurance & Real Estate",
1610618,"CIDARA THERAPEUTICS, INC.",2836,28,Chemicals & Pharmaceuticals,Manufacturing,CA
1611547,URBAN EDGE PROPERTIES,6500,65,,"Finance, Insurance & Real Estate",NY
1611647,"FRESHPET, INC.",2040,20,Food & Kindred Products,Manufacturing,NJ
1613103,MEDTRONIC PLC,3845,38,Instruments & Medical Devices,Manufacturing,
1614178,"YEXT, INC.",7374,73,Business Services & Software,Services,NY
1615219,"SALARIUS PHARMACEUTICALS, INC.",2834,28,Chemicals & Pharmaceuticals,Manufacturing,TX
1616000,"XENIA HOTELS & RESORTS, INC.",7011,70,,Services,FL
1616318,VISTA OUTDOOR INC.,3480,34,,Manufacturing,MN
1616707,WAYFAIR INC.,5961,59,Miscellaneous Retail,Retail Trade,MA
1616862,AXALTA COATING SYSTEMS LTD.,2851,28,Chemicals & Pharmaceuticals,Manufacturing,PA
1617242,KEARNY FINANCIAL CORP.,6035,60,Depository Institutions,"Finance, Insurance & Real Estate",NJ
1617406,PARK HOTELS & RESORTS INC.,7011,70,,Services,VA
1617553,"ZIPRECRUITER, INC.",7370,73,Business Services & Software,Services,CA
1617640,"ZILLOW GROUP, INC.",7389,73,Business Services & Software,Services,WA
1285785,MOSAIC CO,2870,28,Chemicals & Pharmaceuticals,Manufacturing,FL
1618755,RESTAURANT BRANDS INTERNATIONAL LIMITED PARTNERSHIP,5812,58,Eating & Drinking Places,Retail Trade,ON
1618756,RESTAURANT BRANDS INTERNATIONAL INC.,5812,58,Eating & Drinking Places,Retail Trade,ON
1619856,"CARIBOU BIOSCIENCES, INC.",2836,28,Chemicals & Pharmaceuticals,Manufacturing,CA
1620459,"JAMES RIVER GROUP HOLDINGS, LTD.",6331,63,Insurance Carriers,"Finance, Insurance & Real Estate",
1620533,SHAKE SHACK INC.,5810,58,Eating & Drinking Places,Retail Trade,NY
1624322,"BUSINESS FIRST BANCSHARES, INC.",6022,60,Depository Institutions,"Finance, Insurance & Real Estate",LA
1624794,"CSW INDUSTRIALS, INC.",2891,28,Chemicals & Pharmaceuticals,Manufacturing,TX
1625278,"NERDWALLET, INC.",7374,73,Business Services & Software,Services,CA
1625641,"CS DISCO, INC.",7372,73,Business Services & Software,Services,TX
1627282,CALIBERCOS INC.,6500,65,,"Finance, Insurance & Real Estate",AZ
1627475,"UPWORK, INC",7374,73,Business Services & Software,Services,CA
713425,"LOGILITY SUPPLY CHAIN SOLUTIONS, INC",7372,73,Business Services & Software,Services,GA
1852633,"PINSTRIPES HOLDINGS, INC.",5810,58,Eating & Drinking Places,Retail Trade,IL
898293,JABIL INC,3672,36,Electronic & Electrical Equipment,Manufacturing,FL
1616533,"PENGUIN SOLUTIONS, INC.",3674,36,Electronic & Electrical Equipment,Manufacturing,CA
1362988,AIRCASTLE LTD,7359,73,Business Services & Software,Services,CT
1534120,"AVALO THERAPEUTICS, INC.",2834,28,Chemicals & Pharmaceuticals,Manufacturing,MD
1941536,"BRIDGER AEROSPACE GROUP HOLDINGS, INC.",7389,73,Business Services & Software,Services,MT
1539638,"TRIUMPH FINANCIAL, INC.",6022,60,Depository Institutions,"Finance, Insurance & Real Estate",TX
771856,"CHAMPIONS ONCOLOGY, INC.",2836,28,Chemicals & Pharmaceuticals,Manufacturing,MD
931015,POLARIS INC.,3790,37,Transportation Equipment,Manufacturing,MN
1318605,"TESLA, INC.",3711,37,Transportation Equipment,Manufacturing,CA
1038074,SILICON LABORATORIES INC.,3674,36,Electronic & Electrical Equipment,Manufacturing,TX
943452,WESTINGHOUSE AIR BRAKE TECHNOLOGIES CORP,3743,37,Transportation Equipment,Manufacturing,PA
1069202,LENNOX INTERNATIONAL INC,3585,35,Industrial Machinery & Computer Equipment,Manufacturing,TX
1032033,SLM CORP,6141,61,,"Finance, Insurance & Real Estate",DE
1562476,TAYLOR MORRISON HOME CORP,1531,15,,Construction,AZ
861878,STERICYCLE INC,4955,49,"Electric, Gas & Sanitary Services","Transportation, Communications & Utilities",IL
1275187,ANGIODYNAMICS INC,3841,38,Instruments & Medical Devices,Manufacturing,NY
789460,WORLD KINECT CORP,5172,51,,Wholesale Trade,FL
91576,KEYCORP /NEW/,6021,60,Depository Institutions,"Finance, Insurance & Real Estate",OH
1275014,"ULTRA CLEAN HOLDINGS, INC.",3674,36,Electronic & Electrical Equipment,Manufacturing,CA
765880,"HEALTHPEAK PROPERTIES, INC.",6798,67,Holding & Investment Offices,"Finance, Insurance & Real Estate",CO
315293,AON PLC,6411,64,,"Finance, Insurance & Real Estate",
1311370,"LAZARD, INC.",6282,62,,"Finance, Insurance & Real Estate",NY
1326141,LAZARD GROUP LLC,6282,62,,"Finance, Insurance & Real Estate",NY
1674101,VERTIV HOLDINGS CO,3679,36,Electronic & Electrical Equipment,Manufacturing,OH
9326,BALCHEM CORP,2800,28,Chemicals & Pharmaceuticals,Manufacturing,NJ
1981792,HOWARD HUGHES HOLDINGS INC.,6798,67,Holding & Investment Offices,"Finance, Insurance & Real Estate",TX
1043219,ANNALY CAPITAL MANAGEMENT INC,6798,67,Holding & Investment Offices,"Finance, Insurance & Real Estate",NY
1097864,ON SEMICONDUCTOR CORP,3674,36,Electronic & Electrical Equipment,Manufacturing,AZ
1088856,CORCEPT THERAPEUTICS INC,2834,28,Chemicals & Pharmaceuticals,Manufacturing,CA
889900,PATTERSON UTI ENERGY INC,1381,13,Oil & Gas Extraction,Mining,TX
63276,MATTEL INC /DE/,3942,39,,Manufacturing,CA
1833756,"LEONARDO DRS, INC.",3812,38,Instruments & Medical Devices,Manufacturing,VA
1361113,VARONIS SYSTEMS INC,7372,73,Business Services & Software,Services,NY
788784,PUBLIC SERVICE ENTERPRISE GROUP INC,4931,49,"Electric, Gas & Sanitary Services","Transportation, Communications & Utilities",NJ
1805521,FARADAY FUTURE INTELLIGENT ELECTRIC INC.,3711,37,Transportation Equipment,Manufacturing,NY
863064,RIO TINTO PLC,1000,10,,Mining,
1834974,LION ELECTRIC CO,3711,37,Transportation Equipment,Manufacturing,QC
1521036,"LANTHEUS HOLDINGS, INC.",2835,28,Chemicals & Pharmaceuticals,Manufacturing,MA
48898,HUBBELL INC,3670,36,Electronic & Electrical Equipment,Manufacturing,CT
1048286,MARRIOTT INTERNATIONAL INC /MD/,7011,70,,Services,MD
1800,ABBOTT LABORATORIES,2834,28,Chemicals & Pharmaceuticals,Manufacturing,IL
1944013,CRANE CO,3490,34,,Manufacturing,CT
1816590,COMPASS PATHWAYS PLC,2834,28,Chemicals & Pharmaceuticals,Manufacturing,
1347178,VANDA PHARMACEUTICALS INC.,2834,28,Chemicals & Pharmaceuticals,Manufacturing,DC
912766,"LAUREATE EDUCATION, INC.",8200,82,,Services,FL
1662579,"C4 THERAPEUTICS, INC.",2836,28,Chemicals & Pharmaceuticals,Manufacturing,MA
835011,MGP INGREDIENTS INC,5180,51,,Wholesale Trade,KS
1039765,ING GROEP NV,6029,60,Depository Institutions,"Finance, Insurance & Real Estate",
887359,VERICEL CORP,2836,28,Chemicals & Pharmaceuticals,Manufacturing,MA
1712463,RANPAK HOLDINGS CORP.,2670,26,,Manufacturing,OH
1141103,CROSS COUNTRY HEALTHCARE INC,7363,73,Business Services & Software,Services,FL
1895262,NOBLE CORP PLC,1381,13,Oil & Gas Extraction,Mining,TX
1796209,API GROUP CORP,7340,73,Business Services & Software,Services,MN
944148,"CBIZ, INC.",7389,73,Business Services & Software,Services,OH
932696,INSIGHT ENTERPRISES INC,5961,59,Miscellaneous Retail,Retail Trade,AZ
1705012,"FAT BRANDS, INC",5812,58,Eating & Drinking Places,Retail Trade,CA
1832466,"ALIGNMENT HEALTHCARE, INC.",6324,63,Insurance Carriers,"Finance, Insurance & Real Estate",CA
1487712,AIR LEASE CORP,7359,73,Business Services & Software,Services,CA
1437402,"ARDELYX, INC.",2834,28,Chemicals & Pharmaceuticals,Manufacturing,CA
1792789,"DOORDASH, INC.",7389,73,Business Services & Software,Services,CA
1620280,UNITI GROUP INC.,6798,67,Holding & Investment Offices,"Finance, Insurance & Real Estate",AR
55067,KELLANOVA,2040,20,Food & Kindred Products,Manufacturing,IL
1512673,"BLOCK, INC.",7372,73,Business Services & Software,Services,CA
775215,"HBT FINANCIAL, INC.",6022,60,Depository Institutions,"Finance, Insurance & Real Estate",IL
1866368,"CLEARWATER ANALYTICS HOLDINGS, INC.",7372,73,Business Services & Software,Services,ID
1320414,SELECT MEDICAL HOLDINGS CORP,8060,80,Health Services,Services,PA
1743725,"GRID DYNAMICS HOLDINGS, INC.",7372,73,Business Services & Software,Services,CA
1706431,"VIR BIOTECHNOLOGY, INC.",2836,28,Chemicals & Pharmaceuticals,Manufacturing,CA
1507605,"MARA HOLDINGS, INC.",6199,61,,"Finance, Insurance & Real Estate",FL
873860,ONITY GROUP INC.,6162,61,,"Finance, Insurance & Real Estate",FL
1044777,ONESPAN INC.,7373,73,Business Services & Software,Services,MA
1702780,"ALTICE USA, INC.",4841,48,Communications,"Transportation, Communications & Utilities",NY
913241,"STEVEN MADDEN, LTD.",3140,31,,Manufacturing,NY
1124198,FLUOR CORP,1600,16,,Construction,TX
1590717,"CARETRUST REIT, INC.",6798,67,Holding & Investment Offices,"Finance, Insurance & Real Estate",CA
1614806,RITHM PROPERTY TRUST INC.,6798,67,Holding & Investment Offices,"Finance, Insurance & Real Estate",NY
1707925,LINDE PLC,2810,28,Chemicals & Pharmaceuticals,Manufacturing,
58361,"LEE ENTERPRISES, INC",2711,27,,Manufacturing,IA
828944,WSFS FINANCIAL CORP,6021,60,Depository Institutions,"Finance, Insurance & Real Estate",DE
1567094,CNH INDUSTRIAL N.V.,3531,35,Industrial Machinery & Computer Equipment,Manufacturing,
1443669,PROTO LABS INC,3440,34,,Manufacturing,MN
1699150,INGERSOLL RAND INC.,3560,35,Industrial Machinery & Computer Equipment,Manufacturing,NC
1611052,"PROCORE TECHNOLOGIES, INC.",7372,73,Business Services & Software,Services,CA
1809987,"MIRION TECHNOLOGIES, INC.",3829,38,Instruments & Medical Devices,Manufacturing,GA
1581280,TWIST BIOSCIENCE CORP,2836,28,Chemicals & Pharmaceuticals,Manufacturing,CA
1289490,EXTRA SPACE STORAGE INC.,6798,67,Holding & Investment Offices,"Finance, Insurance & Real Estate",UT
1828318,ENOVIX CORP,3690,36,Electronic & Electrical Equipment,Manufacturing,CA
36270,M&T BANK CORP,6022,60,Depository Institutions,"Finance, Insurance & Real Estate",NY
310158,"MERCK & CO., INC.",2834,28,Chemicals & Pharmaceuticals,Manufacturing,NJ
1078075,NETSCOUT SYSTEMS INC,7373,73,Business Services & Software,Services,MA
1498828,HOWARD HUGHES CORP,6798,67,Holding & Investment Offices,"Finance, Insurance & Real Estate",TX
1811210,"LUCID GROUP, INC.",3711,37,Transportation Equipment,Manufacturing,CA
1853138,ARES ACQUISITION CORP II,6770,67,Holding & Investment Offices,"Finance, Insurance & Real Estate",NY
1364885,"SPIRIT AEROSYSTEMS HOLDINGS, INC.",3728,37,Transportation Equipment,Manufacturing,KS
872912,"DELCATH SYSTEMS, INC.",3841,38,Instruments & Medical Devices,Manufacturing,NY
1290900,"COMMERCIAL VEHICLE GROUP, INC.",3714,37,Transportation Equipment,Manufacturing,OH
910329,MEDIFAST INC,2090,20,Food & Kindred Products,Manufacturing,MD
1618563,NATIONAL STORAGE AFFILIATES TRUST,6798,67,Holding & Investment Offices,"Finance, Insurance & Real Estate",CO
1737706,SEADRILL LTD,1381,13,Oil & Gas Extraction,Mining,
1253986,ARBOR REALTY TRUST INC,6798,67,Holding & Investment Offices,"Finance, Insurance & Real Estate",NY
1529377,ARES COMMERCIAL REAL ESTATE CORP,6798,67,Holding & Investment Offices,"Finance, Insurance & Real Estate",NY
1973832,ANGLOGOLD ASHANTI PLC,1040,10,,Mining,
1465128,"STARWOOD PROPERTY TRUST, INC.",6798,67,Holding & Investment Offices,"Finance, Insurance & Real Estate",FL
10456,BAXTER INTERNATIONAL INC,3841,38,Instruments & Medical Devices,Manufacturing,IL
1754195,TRULIEVE CANNABIS CORP.,2833,28,Chemicals & Pharmaceuticals,Manufacturing,FL
1046102,RB GLOBAL INC.,7389,73,Business Services & Software,Services,IL
1665988,BIOVENTUS INC.,3841,38,Instruments & Medical Devices,Manufacturing,NC
1484769,FUBOTV INC. /FL,7812,78,,Services,NY
1771910,ADC THERAPEUTICS SA,2834,28,Chemicals & Pharmaceuticals,Manufacturing,
1621563,"SUMMIT MATERIALS, INC.",1400,14,,Mining,CO
90498,SIMMONS FIRST NATIONAL CORP,6021,60,Depository Institutions,"Finance, Insurance & Real Estate",AR
946155,TIAA REAL ESTATE ACCOUNT,6500,65,,"Finance, Insurance & Real Estate",NY
1621434,"BLACK STONE MINERALS, L.P.",1311,13,Oil & Gas Extraction,Mining,TX
1018963,ATI INC,3317,33,,Manufacturing,TX
1001233,"SANGAMO THERAPEUTICS, INC",2836,28,Chemicals & Pharmaceuticals,Manufacturing,CA
882796,BIOCRYST PHARMACEUTICALS INC,2836,28,Chemicals & Pharmaceuticals,Manufacturing,NC
1831097,"AGILON HEALTH, INC.",8090,80,Health Services,Services,TX
1866550,"THOUGHTWORKS HOLDING, INC.",7371,73,Business Services & Software,Services,IL
1959348,WK KELLOGG CO,2040,20,Food & Kindred Products,Manufacturing,MI
216085,HAVERTY FURNITURE COMPANIES INC,5712,57,,Retail Trade,GA
1096752,EDGEWELL PERSONAL CARE CO,2844,28,Chemicals & Pharmaceuticals,Manufacturing,CT
1517006,"GATOS SILVER, INC.",1040,10,,Mining,BC
1759774,"POSTAL REALTY TRUST, INC.",6798,67,Holding & Investment Offices,"Finance, Insurance & Real Estate",NY
1606163,"LIMBACH HOLDINGS, INC.",1700,17,,Construction,PA
1289850,"NEUROMETRIX, INC.",3841,38,Instruments & Medical Devices,Manufacturing,MA
1398733,"AQUESTIVE THERAPEUTICS, INC.",2834,28,Chemicals & Pharmaceuticals,Manufacturing,NJ
1704292,ZAI LAB LTD,2834,28,Chemicals & Pharmaceuticals,Manufacturing,
1056903,AMERICAN STATES WATER CO,4941,49,"Electric, Gas & Sanitary Services","Transportation, Communications & Utilities",CA
1725255,ADAPTHEALTH CORP.,8082,80,Health Services,Services,PA
1591587,"ASSETMARK FINANCIAL HOLDINGS, INC.",6282,62,,"Finance, Insurance & Real Estate",CA
1384195,"RING ENERGY, INC.",1311,13,Oil & Gas Extraction,Mining,TX
1703057,ABCELLERA BIOLOGICS INC.,2834,28,Chemicals & Pharmaceuticals,Manufacturing,BC
1831915,"CYTEK BIOSCIENCES, INC.",3826,38,Instruments & Medical Devices,Manufacturing,CA
1176948,ARES MANAGEMENT CORP,6282,62,,"Finance, Insurance & Real Estate",CA
1848416,VERANO HOLDINGS CORP.,100,01,,"Agriculture, Forestry & Fishing",IL
49754,"DINE BRANDS GLOBAL, INC.",5812,58,Eating & Drinking Places,Retail Trade,CA
1567514,"INTRA-CELLULAR THERAPIES, INC.",2834,28,Chemicals & Pharmaceuticals,Manufacturing,NJ
1411688,"CONTAINER STORE GROUP, INC.",5700,57,,Retail Trade,TX
354963,SHENANDOAH TELECOMMUNICATIONS CO/VA/,4813,48,Communications,"Transportation, Communications & Utilities",VA
1910851,R1 RCM INC. /DE,8741,87,"Engineering, Accounting & Management Services",Services,UT
1296445,"ORMAT TECHNOLOGIES, INC.",4911,49,"Electric, Gas & Sanitary Services","Transportation, Communications & Utilities",NV
1157601,"MADRIGAL PHARMACEUTICALS, INC.",2834,28,Chemicals & Pharmaceuticals,Manufacturing,PA
1786431,REYNOLDS CONSUMER PRODUCTS INC.,2673,26,,Manufacturing,IL
1652535,"ICHOR HOLDINGS, LTD.",3674,36,Electronic & Electrical Equipment,Manufacturing,CA
874499,GULFPORT ENERGY CORP,1311,13,Oil & Gas Extraction,Mining,OK
806968,WPP PLC,7311,73,Business Services & Software,Services,
1810546,"EASTERN BANKSHARES, INC.",6035,60,Depository Institutions,"Finance, Insurance & Real Estate",MA
60519,LOUISIANA-PACIFIC CORP,2400,24,,Manufacturing,TN
1386570,CHROMADEX CORP.,2833,28,Chemicals & Pharmaceuticals,Manufacturing,CA
1538210,"NEXIMMUNE, INC.",2834,28,Chemicals & Pharmaceuticals,Manufacturing,MD
1721947,JAMF HOLDING CORP.,7372,73,Business Services & Software,Services,MN
1788882,"ROOT, INC.",6331,63,Insurance Carriers,"Finance, Insurance & Real Estate",OH
1806952,"LYELL IMMUNOPHARMA, INC.",2834,28,Chemicals & Pharmaceuticals,Manufacturing,CA
1909747,JUSHI HOLDINGS INC.,2833,28,Chemicals & Pharmaceuticals,Manufacturing,FL
1816431,QUANTUM-SI INC,3829,38,Instruments & Medical Devices,Manufacturing,CT
1409493,CHIMERA INVESTMENT CORP,6798,67,Holding & Investment Offices,"Finance, Insurance & Real Estate",NY
1422142,"WHITEHAWK THERAPEUTICS, INC.",2834,28,Chemicals & Pharmaceuticals,Manufacturing,NJ
1101239,EQUINIX INC,6798,67,Holding & Investment Offices,"Finance, Insurance & Real Estate",CA
1832511,P3 HEALTH PARTNERS INC.,8000,80,Health Services,Services,IL
25445,"CRANE NXT, CO.",3490,34,,Manufacturing,MA
1756390,"ASCEND WELLNESS HOLDINGS, INC.",2833,28,Chemicals & Pharmaceuticals,Manufacturing,NJ
850141,HORACE MANN EDUCATORS CORP /DE/,6331,63,Insurance Carriers,"Finance, Insurance & Real Estate",IL
317788,"DIGITAL TURBINE, INC.",6794,67,Holding & Investment Offices,"Finance, Insurance & Real Estate",TX
1827821,"FORGE GLOBAL HOLDINGS, INC.",6200,62,,"Finance, Insurance & Real Estate",CA
1847590,BOWMAN CONSULTING GROUP LTD.,8742,87,"Engineering, Accounting & Management Services",Services,VA
1637873,ACV AUCTIONS INC.,7389,73,Business Services & Software,Services,NY
1308547,"DOLBY LABORATORIES, INC.",6794,67,Holding & Investment Offices,"Finance, Insurance & Real Estate",CA
1522540,"MARQETA, INC.",7372,73,Business Services & Software,Services,CA
1943289,"SILVACO GROUP, INC.",7372,73,Business Services & Software,Services,CA
1839341,"CORE SCIENTIFIC, INC./TX",6199,61,,"Finance, Insurance & Real Estate",DE
1653909,"ALLBIRDS, INC.",2300,23,,Manufacturing,CA
890447,VERTEX ENERGY INC.,2911,29,,Manufacturing,TX
1654795,BROOKFIELD BUSINESS PARTNERS L.P.,1700,17,,Construction,
1871130,BROOKFIELD BUSINESS CORP,1700,17,,Construction,NY
1668673,"PETIQ, INC.",5122,51,,Wholesale Trade,ID
1372299,"OCUGEN, INC.",2836,28,Chemicals & Pharmaceuticals,Manufacturing,PA
849395,CRH PUBLIC LTD CO,3241,32,,Manufacturing,
1843724,"LANZATECH GLOBAL, INC.",2860,28,Chemicals & Pharmaceuticals,Manufacturing,IL
30305,DUCOMMUN INC /DE/,3728,37,Transportation Equipment,Manufacturing,CA
1828811,LI-CYCLE HOLDINGS CORP.,4955,49,"Electric, Gas & Sanitary Services","Transportation, Communications & Utilities",ON
1041024,"ROCKWELL MEDICAL, INC.",2834,28,Chemicals & Pharmaceuticals,Manufacturing,MI
901491,PAPA JOHNS INTERNATIONAL INC,5812,58,Eating & Drinking Places,Retail Trade,KY
1822462,FOGHORN THERAPEUTICS INC.,2834,28,Chemicals & Pharmaceuticals,Manufacturing,MA
1517022,"AKEBIA THERAPEUTICS, INC.",2834,28,Chemicals & Pharmaceuticals,Manufacturing,MA
1094831,"BGC GROUP, INC.",6200,62,,"Finance, Insurance & Real Estate",NY
1894562,"PRIME MEDICINE, INC.",2836,28,Chemicals & Pharmaceuticals,Manufacturing,MA
1695295,"HYDROFARM HOLDINGS GROUP, INC.",5190,51,,Wholesale Trade,PA
1782754,AZEK CO INC.,3089,30,,Manufacturing,IL
1090425,LAMAR ADVERTISING CO/NEW,6798,67,Holding & Investment Offices,"Finance, Insurance & Real Estate",LA
1532961,"NV5 GLOBAL, INC.",7380,73,Business Services & Software,Services,FL
1178970,PROVIDENT FINANCIAL SERVICES INC,6035,60,Depository Institutions,"Finance, Insurance & Real Estate",NJ
1674168,HILTON GRAND VACATIONS INC.,7000,70,,Services,FL
1213037,"CARDIFF ONCOLOGY, INC.",2836,28,Chemicals & Pharmaceuticals,Manufacturing,CA
879407,"ARROWHEAD PHARMACEUTICALS, INC.",2834,28,Chemicals & Pharmaceuticals,Manufacturing,CA
1455863,AMERICOLD REALTY TRUST,6798,67,Holding & Investment Offices,"Finance, Insurance & Real Estate",GA
935419,"RCI HOSPITALITY HOLDINGS, INC.",5812,58,Eating & Drinking Places,Retail Trade,TX
1754301,FOX CORP,4833,48,Communications,"Transportation, Communications & Utilities",NY
1501697,"X4 PHARMACEUTICALS, INC",2836,28,Chemicals & Pharmaceuticals,Manufacturing,MA
2002473,BOWHEAD SPECIALTY HOLDINGS INC.,6331,63,Insurance Carriers,"Finance, Insurance & Real Estate",NY
1462056,"BACKBLAZE, INC.",7372,73,Business Services & Software,Services,CA
4447,HESS CORP,2911,29,,Manufacturing,NY
1560241,"G1 THERAPEUTICS, INC.",2834,28,Chemicals & Pharmaceuticals,Manufacturing,NC
1846576,"FIGS, INC.",2300,23,,Manufacturing,CA
874396,"LIFETIME BRANDS, INC",3420,34,,Manufacturing,NY
917491,FARO TECHNOLOGIES INC,3829,38,Instruments & Medical Devices,Manufacturing,FL
1505512,REGULUS THERAPEUTICS INC.,2834,28,Chemicals & Pharmaceuticals,Manufacturing,CA
1012100,SEALED AIR CORP/DE,2820,28,Chemicals & Pharmaceuticals,Manufacturing,NC
1604868,GROWGENERATION CORP.,5200,52,,Retail Trade,CO
1805385,"EVOLV TECHNOLOGIES HOLDINGS, INC.",3577,35,Industrial Machinery & Computer Equipment,Manufacturing,TX
1705843,"CIBUS, INC.",2870,28,Chemicals & Pharmaceuticals,Manufacturing,CA
1805833,"SYSTEM1, INC.",7370,73,Business Services & Software,Services,CA
19745,CHESAPEAKE UTILITIES CORP,4923,49,"Electric, Gas & Sanitary Services","Transportation, Communications & Utilities",DE
1045742,LIVE VENTURES INC,5900,59,Miscellaneous Retail,Retail Trade,NV
1664703,BLOOM ENERGY CORP,3620,36,Electronic & Electrical Equipment,Manufacturing,CA
1830214,"GINKGO BIOWORKS HOLDINGS, INC.",2836,28,Chemicals & Pharmaceuticals,Manufacturing,MA
909327,SUZANO S.A.,2621,26,,Manufacturing,
275053,NATURES SUNSHINE PRODUCTS INC,2834,28,Chemicals & Pharmaceuticals,Manufacturing,UT
1522860,"ACUTUS MEDICAL, INC.",3841,38,Instruments & Medical Devices,Manufacturing,CA
1818093,BEAUTY HEALTH CO,3841,38,Instruments & Medical Devices,Manufacturing,CA
1349436,SANDRIDGE ENERGY INC,1311,13,Oil & Gas Extraction,Mining,OK
1758057,"LUMINAR TECHNOLOGIES, INC./DE",3714,37,Transportation Equipment,Manufacturing,FL
1680378,"SENESTECH, INC.",2870,28,Chemicals & Pharmaceuticals,Manufacturing,AZ
727207,"ACCELERATE DIAGNOSTICS, INC",3826,38,Instruments & Medical Devices,Manufacturing,AZ
946581,TAKE TWO INTERACTIVE SOFTWARE INC,7372,73,Business Services & Software,Services,NY
1824502,ARCHER AVIATION INC.,3721,37,Transportation Equipment,Manufacturing,CA
720154,"INOTIV, INC.",8731,87,"Engineering, Accounting & Management Services",Services,IN
1612630,JOINT CORP,6794,67,Holding & Investment Offices,"Finance, Insurance & Real Estate",AZ
1477815,"SWEETGREEN, INC.",5812,58,Eating & Drinking Places,Retail Trade,CA
1816233,"SHARECARE, INC.",8000,80,Health Services,Services,GA
1898496,"GETTY IMAGES HOLDINGS, INC.",7389,73,Business Services & Software,Services,WA
1091748,"ARGO GROUP INTERNATIONAL HOLDINGS, INC.",6361,63,Insurance Carriers,"Finance, Insurance & Real Estate",NY
912728,FORWARD AIR CORP,4731,47,,"Transportation, Communications & Utilities",TN
1711799,"NUVEEN GLOBAL CITIES REIT, INC.",6798,67,Holding & Investment Offices,"Finance, Insurance & Real Estate",NY
1035092,SHORE BANCSHARES INC,6021,60,Depository Institutions,"Finance, Insurance & Real Estate",MD
1838615,"ALTI GLOBAL, INC.",6282,62,,"Finance, Insurance & Real Estate",NY
1175454,"CORPAY, INC.",7389,73,Business Services & Software,Services,GA
1098146,PATRIOT NATIONAL BANCORP INC,6021,60,Depository Institutions,"Finance, Insurance & Real Estate",CT
1758021,KARAT PACKAGING INC.,3089,30,,Manufacturing,CA
790526,"RADNET, INC.",8071,80,Health Services,Services,CA
1067837,"AUDACY, INC.",4832,48,Communications,"Transportation, Communications & Utilities",PA
834365,BIOLIFE SOLUTIONS INC,3845,38,Instruments & Medical Devices,Manufacturing,WA
1841925,"INDIE SEMICONDUCTOR, INC.",3674,36,Electronic & Electrical Equipment,Manufacturing,CA
1846017,BLUE FOUNDRY BANCORP,6036,60,Depository Institutions,"Finance, Insurance & Real Estate",NJ
1831840,"SEMRUSH HOLDINGS, INC.",7372,73,Business Services & Software,Services,MA
1836981,"BIGBEAR.AI HOLDINGS, INC.",7372,73,Business Services & Software,Services,VA
1337013,"INFUSYSTEM HOLDINGS, INC",3841,38,Instruments & Medical Devices,Manufacturing,MI
1169770,"BANC OF CALIFORNIA, INC.",6021,60,Depository Institutions,"Finance, Insurance & Real Estate",CA
1162461,CUTERA INC,3845,38,Instruments & Medical Devices,Manufacturing,CA
1087294,CUMBERLAND PHARMACEUTICALS INC,2834,28,Chemicals & Pharmaceuticals,Manufacturing,TN
1406234,BROOKFIELD INFRASTRUCTURE PARTNERS L.P.,4400,44,,"Transportation, Communications & Utilities",
1788348,BROOKFIELD INFRASTRUCTURE CORP,4923,49,"Electric, Gas & Sanitary Services","Transportation, Communications & Utilities",NY
926660,"APARTMENT INCOME REIT, L.P.",6513,65,,"Finance, Insurance & Real Estate",NY
1127371,COMMUNITY WEST BANCSHARES,6022,60,Depository Institutions,"Finance, Insurance & Real Estate",CA
1649373,SANTANDER UK GROUP HOLDINGS PLC,6029,60,Depository Institutions,"Finance, Insurance & Real Estate",
1087711,SANTANDER UK PLC,6029,60,Depository Institutions,"Finance, Insurance & Real Estate",
1690536,"FS CREDIT REAL ESTATE INCOME TRUST, INC.",6798,67,Holding & Investment Offices,"Finance, Insurance & Real Estate",PA
1043000,"SONIDA SENIOR LIVING, INC.",8050,80,Health Services,Services,TX
1417663,"SANUWAVE HEALTH, INC.",3841,38,Instruments & Medical Devices,Manufacturing,GA
1434868,"ESPERION THERAPEUTICS, INC.",2834,28,Chemicals & Pharmaceuticals,Manufacturing,MI
1501756,"ADVERUM BIOTECHNOLOGIES, INC.",2836,28,Chemicals & Pharmaceuticals,Manufacturing,CA
1769804,"AUGMEDIX, INC.",7389,73,Business Services & Software,Services,CA
1799567,"DOUBLEDOWN INTERACTIVE CO., LTD.",7374,73,Business Services & Software,Services,
1547546,"LUMENT FINANCE TRUST, INC.",6798,67,Holding & Investment Offices,"Finance, Insurance & Real Estate",NY
1841761,"GROVE COLLABORATIVE HOLDINGS, INC.",5961,59,Miscellaneous Retail,Retail Trade,CA
1843973,FLYEXCLUSIVE INC.,4522,45,,"Transportation, Communications & Utilities",NY
1636651,OVID THERAPEUTICS INC.,2834,28,Chemicals & Pharmaceuticals,Manufacturing,NY
1442836,"MERSANA THERAPEUTICS, INC.",2834,28,Chemicals & Pharmaceuticals,Manufacturing,MA
1836564,VALNEVA SE,2836,28,Chemicals & Pharmaceuticals,Manufacturing,
924168,"ENERGY FOCUS, INC/DE",3640,36,Electronic & Electrical Equipment,Manufacturing,OH
1622536,TALEN ENERGY CORP,4911,49,"Electric, Gas & Sanitary Services","Transportation, Communications & Utilities",TX
1624512,BOXLIGHT CORP,8200,82,,Services,GA
1699031,"GRAIL, INC.",8071,80,Health Services,Services,CA
1980088,MACH NATURAL RESOURCES LP,1311,13,Oil & Gas Extraction,Mining,OK
1753162,FATHOM HOLDINGS INC.,6531,65,,"Finance, Insurance & Real Estate",NC
1538379,"IBOTTA, INC.",7310,73,Business Services & Software,Services,CO
1816581,"OUSTER, INC.",3569,35,Industrial Machinery & Computer Equipment,Manufacturing,CA
1835856,BETTER HOME & FINANCE HOLDING CO,6163,61,,"Finance, Insurance & Real Estate",NY
1785424,"KATAPULT HOLDINGS, INC.",7359,73,Business Services & Software,Services,NY
1805651,"MARKETWISE, INC.",7372,73,Business Services & Software,Services,NY
1236275,"QXO, INC.",7374,73,Business Services & Software,Services,CT
1689731,"SOUTHERN STATES BANCSHARES, INC.",6022,60,Depository Institutions,"Finance, Insurance & Real Estate",AL
1568385,"BRIGHT MOUNTAIN MEDIA, INC.",7371,73,Business Services & Software,Services,FL
1566044,VYNE THERAPEUTICS INC.,2834,28,Chemicals & Pharmaceuticals,Manufacturing,NJ
1856028,"STRONGHOLD DIGITAL MINING, INC.",6199,61,,"Finance, Insurance & Real Estate",NY
1852973,BOREALIS FOODS INC.,2000,20,Food & Kindred Products,Manufacturing,ON
1040896,"INTELLICHECK, INC.",7372,73,Business Services & Software,Services,NY
1776909,CURIOSITYSTREAM INC.,7812,78,,Services,MD
1672688,ABSCI CORP,8731,87,"Engineering, Accounting & Management Services",Services,WA
1783875,4FRONT VENTURES CORP.,2833,28,Chemicals & Pharmaceuticals,Manufacturing,AZ
1779372,"HEARTBEAM, INC.",3841,38,Instruments & Medical Devices,Manufacturing,CA
1581804,NAVIGATOR HOLDINGS LTD.,4412,44,,"Transportation, Communications & Utilities",
1722010,OP BANCORP,6022,60,Depository Institutions,"Finance, Insurance & Real Estate",CA
1612720,NEXTDECADE CORP.,4923,49,"Electric, Gas & Sanitary Services","Transportation, Communications & Utilities",TX
1855457,"KORE GROUP HOLDINGS, INC.",4899,48,Communications,"Transportation, Communications & Utilities",GA
788816,OGLETHORPE POWER CORP,4911,49,"Electric, Gas & Sanitary Services","Transportation, Communications & Utilities",GA
1772720,SPRUCE POWER HOLDING CORP,4911,49,"Electric, Gas & Sanitary Services","Transportation, Communications & Utilities",CO
1839998,"AMERICAN ONCOLOGY NETWORK, INC.",8000,80,Health Services,Services,FL
1816708,"OWLET, INC.",3829,38,Instruments & Medical Devices,Manufacturing,UT
1136174,"ONTRAK, INC.",8090,80,Health Services,Services,FL
1819438,"ESS TECH, INC.",3690,36,Electronic & Electrical Equipment,Manufacturing,OR
1529113,"XTI AEROSPACE, INC.",7371,73,Business Services & Software,Services,CO
1756655,"ARDENT HEALTH PARTNERS, INC.",8062,80,Health Services,Services,TN
1725872,"BM TECHNOLOGIES, INC.",6022,60,Depository Institutions,"Finance, Insurance & Real Estate",PA
1750153,CANOO INC.,3714,37,Transportation Equipment,Manufacturing,CA
1844971,GREENIDGE GENERATION HOLDINGS INC.,6199,61,,"Finance, Insurance & Real Estate",NY
1721741,"LAZYDAYS HOLDINGS, INC.",5500,55,,Retail Trade,FL
1715497,BORR DRILLING LTD,1381,13,Oil & Gas Extraction,Mining,
1898416,ALVOTECH,2836,28,Chemicals & Pharmaceuticals,Manufacturing,
1874315,SATELLOGIC INC.,3663,36,Electronic & Electrical Equipment,Manufacturing,NC
862861,ALT5 SIGMA CORP,2834,28,Chemicals & Pharmaceuticals,Manufacturing,NV
1988894,"AMER SPORTS, INC.",2300,23,,Manufacturing,
1633978,LUMENTUM HOLDINGS INC.,3669,36,Electronic & Electrical Equipment,Manufacturing,CA
1639438,"CAVA GROUP, INC.",5812,58,Eating & Drinking Places,Retail Trade,DC
719955,WILLIAMS SONOMA INC,5700,57,,Retail Trade,CA
2014596,"CONCENTRA GROUP HOLDINGS PARENT, INC.",8093,80,Health Services,Services,PA
1878848,IREN LTD,6199,61,,"Finance, Insurance & Real Estate",
1708441,"MYND.AI, INC.",3577,35,Industrial Machinery & Computer Equipment,Manufacturing,WA
1517396,STRATASYS LTD.,3577,35,Industrial Machinery & Computer Equipment,Manufacturing,MN
1600438,GMS INC.,5030,50,Wholesale — Durable Goods,Wholesale Trade,GA
1901440,UL SOLUTIONS INC.,8734,87,"Engineering, Accounting & Management Services",Services,IL
2001184,"PACS GROUP, INC.",8051,80,Health Services,Services,UT
1653482,GITLAB INC.,7372,73,Business Services & Software,Services,CA
794367,"MACY'S, INC.",5311,53,,Retail Trade,NY
1577526,"C3.AI, INC.",7372,73,Business Services & Software,Services,CA
1840572,LUCKY STRIKE ENTERTAINMENT CORP,7900,79,,Services,VA
1807794,CREDO TECHNOLOGY GROUP HOLDING LTD,3674,36,Electronic & Electrical Equipment,Manufacturing,
56679,KORN FERRY,7361,73,Business Services & Software,Services,CA
1524025,"TILLY'S, INC.",5600,56,,Retail Trade,CA
1819493,"XOS, INC.",3714,37,Transportation Equipment,Manufacturing,CA
751365,VIRCO MFG CORPORATION,2531,25,,Manufacturing,CA
1792781,TORRID HOLDINGS INC.,5600,56,,Retail Trade,CA
1520358,"MAMA'S CREATIONS, INC.",2013,20,Food & Kindred Products,Manufacturing,NJ
1525769,"DAVE & BUSTER'S ENTERTAINMENT, INC.",5812,58,Eating & Drinking Places,Retail Trade,TX
896429,"CANTALOUPE, INC.",3578,35,Industrial Machinery & Computer Equipment,Manufacturing,PA
1474432,"PURE STORAGE, INC.",3572,35,Industrial Machinery & Computer Equipment,Manufacturing,CA
1041859,"CHILDRENS PLACE, INC.",5651,56,,Retail Trade,NJ
1815776,"LENZ THERAPEUTICS, INC.",2836,28,Chemicals & Pharmaceuticals,Manufacturing,CA
1598599,INNATE PHARMA SA,2836,28,Chemicals & Pharmaceuticals,Manufacturing,
1701758,LOVESAC CO,5712,57,,Retail Trade,CT
1845459,"NKGEN BIOTECH, INC.",2836,28,Chemicals & Pharmaceuticals,Manufacturing,CA
1843588,REE AUTOMOTIVE LTD.,3711,37,Transportation Equipment,Manufacturing,
1861974,ECARX HOLDINGS INC.,7373,73,Business Services & Software,Services,
1628369,CUSHMAN & WAKEFIELD PLC,6500,65,,"Finance, Insurance & Real Estate",
1628908,"EVOLENT HEALTH, INC.",8741,87,"Engineering, Accounting & Management Services",Services,VA
1630472,"TPG RE FINANCE TRUST, INC.",6798,67,Holding & Investment Offices,"Finance, Insurance & Real Estate",CA
1630805,"BABCOCK & WILCOX ENTERPRISES, INC.",3433,34,,Manufacturing,OH
1631569,COMMUNITY HEALTHCARE TRUST INC,6798,67,Holding & Investment Offices,"Finance, Insurance & Real Estate",TN
1631596,KKR REAL ESTATE FINANCE TRUST INC.,6798,67,Holding & Investment Offices,"Finance, Insurance & Real Estate",NY
1632127,"CABLE ONE, INC.",4841,48,Communications,"Transportation, Communications & Utilities",AZ
1632790,"ENERGIZER HOLDINGS, INC.",3690,36,Electronic & Electrical Equipment,Manufacturing,MO
1632970,"AMERICAN HEALTHCARE REIT, INC.",6798,67,Holding & Investment Offices,"Finance, Insurance & Real Estate",CA
1633917,"PAYPAL HOLDINGS, INC.",7389,73,Business Services & Software,Services,CA
1634117,"BARNES & NOBLE EDUCATION, INC.",5940,59,Miscellaneous Retail,Retail Trade,NJ
1634997,"AVANGRID, INC.",4911,49,"Electric, Gas & Sanitary Services","Transportation, Communications & Utilities",CT
1635282,"RIMINI STREET, INC.",7389,73,Business Services & Software,Services,NV
1636222,WINGSTOP INC.,5812,58,Eating & Drinking Places,Retail Trade,TX
1636282,"SPYRE THERAPEUTICS, INC.",2834,28,Chemicals & Pharmaceuticals,Manufacturing,MA
1636422,"HEALTH CATALYST, INC.",7370,73,Business Services & Software,Services,UT
1636519,MADISON SQUARE GARDEN SPORTS CORP.,7990,79,,Services,NY
1636639,FIDELIS INSURANCE HOLDINGS LTD,6331,63,Insurance Carriers,"Finance, Insurance & Real Estate",
1637207,"PLANET FITNESS, INC.",7997,79,,Services,NH
1637459,KRAFT HEINZ CO,2030,20,Food & Kindred Products,Manufacturing,PA
1637757,CLEARWAY ENERGY LLC,4911,49,"Electric, Gas & Sanitary Services","Transportation, Communications & Utilities",NJ
1637880,"TRI-STATE GENERATION & TRANSMISSION ASSOCIATION, INC.",4911,49,"Electric, Gas & Sanitary Services","Transportation, Communications & Utilities",CO
1638833,"SURGERY PARTNERS, INC.",8062,80,Health Services,Services,TN
1639691,LIVANOVA PLC,3845,38,Instruments & Medical Devices,Manufacturing,
1639825,"PELOTON INTERACTIVE, INC.",3949,39,,Manufacturing,NY
1640147,SNOWFLAKE INC.,7372,73,Business Services & Software,Services,MT
1678105,CARO HOLDINGS INC.,5961,59,Miscellaneous Retail,Retail Trade,
1668523,GSG GROUP INC.,2750,27,,Manufacturing,
1569083,"MAKINGORG, INC.",3751,37,Transportation Equipment,Manufacturing,CA
1765651,PACIFIC SPORTS EXCHANGE INC.,5940,59,Miscellaneous Retail,Retail Trade,OR
1348362,LEXARIA BIOSCIENCE CORP.,2834,28,Chemicals & Pharmaceuticals,Manufacturing,BC
1438461,YINFU GOLD CORP.,1090,10,,Mining,
1407704,"LINGERIE FIGHTING CHAMPIONSHIPS, INC.",7900,79,,Services,NV
1172069,"P2 SOLAR, INC.",1700,17,,Construction,BC
1680689,"NATURAL RESOURCE HOLDINGS, INC.",5960,59,Miscellaneous Retail,Retail Trade,TX
1693687,GREENLIT VENTURES INC.,8742,87,"Engineering, Accounting & Management Services",Services,
894556,"GENERAL ENTERPRISE VENTURES, INC.",2800,28,Chemicals & Pharmaceuticals,Manufacturing,WY
1609258,PETROGAS CO,1311,13,Oil & Gas Extraction,Mining,TX
1619227,"CLOUDWEB, INC.",7370,73,Business Services & Software,Services,CA
1591565,"BALLY, CORP.",5200,52,,Retail Trade,
1887912,WELSIS CORP.,8000,80,Health Services,Services,PA
1621221,"ARTELO BIOSCIENCES, INC.",2834,28,Chemicals & Pharmaceuticals,Manufacturing,CA
1651932,"XENOUS HOLDINGS, INC.",6770,67,Holding & Investment Offices,"Finance, Insurance & Real Estate",
1519472,"SOLARMAX TECHNOLOGY, INC.",1700,17,,Construction,CA
1794942,"STARK FOCUS GROUP, INC.",5130,51,,Wholesale Trade,AB
895464,YUBO INTERNATIONAL BIOTECH LTD,3845,38,Instruments & Medical Devices,Manufacturing,
1575142,"BIOADAPTIVES, INC.",2834,28,Chemicals & Pharmaceuticals,Manufacturing,NV
1970129,"LEGEND SPICES, INC.",2030,20,Food & Kindred Products,Manufacturing,
1415332,LITHIUM CORP,1000,10,,Mining,NV
1673475,"GPO PLUS, INC.",8900,89,,Services,NV
1584480,"STARTECH LABS, INC.",7372,73,Business Services & Software,Services,NY
1567388,NAMI CORP.,1400,14,,Mining,
1018735,NYMOX PHARMACEUTICAL CORP,2835,28,Chemicals & Pharmaceuticals,Manufacturing,QC
1803096,"STARGUIDE GROUP, INC.",5190,51,,Wholesale Trade,NV
1641489,VTV THERAPEUTICS INC.,2834,28,Chemicals & Pharmaceuticals,Manufacturing,NC
1642896,SAMSARA INC.,7373,73,Business Services & Software,Services,CA
1644378,RMR GROUP INC.,8742,87,"Engineering, Accounting & Management Services",Services,MA
1645070,STERLING CHECK CORP.,7374,73,Business Services & Software,Services,OH
1645113,NOVOCURE LTD,3841,38,Instruments & Medical Devices,Manufacturing,
1645590,HEWLETT PACKARD ENTERPRISE CO,3570,35,Industrial Machinery & Computer Equipment,Manufacturing,TX
1645873,"MODIV INDUSTRIAL, INC.",6798,67,Holding & Investment Offices,"Finance, Insurance & Real Estate",CO
1646972,"ALBERTSONS COMPANIES, INC.",5411,54,,Retail Trade,ID
1647088,WILLSCOT HOLDINGS CORP,7350,73,Business Services & Software,Services,AZ
1647639,"UPSTART HOLDINGS, INC.",6199,61,,"Finance, Insurance & Real Estate",CA
1649094,"VAXCYTE, INC.",2836,28,Chemicals & Pharmaceuticals,Manufacturing,CA
1649739,BAYFIRST FINANCIAL CORP.,6022,60,Depository Institutions,"Finance, Insurance & Real Estate",FL
1649744,DULUTH HOLDINGS INC.,5600,56,,Retail Trade,WI
1649749,FB FINANCIAL CORP,6022,60,Depository Institutions,"Finance, Insurance & Real Estate",TN
1650107,COCA-COLA EUROPACIFIC PARTNERS PLC,2086,20,Food & Kindred Products,Manufacturing,
1650164,"TOAST, INC.",7374,73,Business Services & Software,Services,MA
1650372,ATLASSIAN CORP,7372,73,Business Services & Software,Services,CA
1650664,"EDITAS MEDICINE, INC.",2836,28,Chemicals & Pharmaceuticals,Manufacturing,MA
1650729,"SITEONE LANDSCAPE SUPPLY, INC.",5040,50,Wholesale — Durable Goods,Wholesale Trade,GA
1651308,"BEIGENE, LTD.",2834,28,Chemicals & Pharmaceuticals,Manufacturing,
1651562,"COURSERA, INC.",7372,73,Business Services & Software,Services,CA
1651717,NOMAD FOODS LTD,2000,20,Food & Kindred Products,Manufacturing,
1652044,ALPHABET INC.,7370,73,Business Services & Software,Services,CA
1653477,INGEVITY CORP,2800,28,Chemicals & Pharmaceuticals,Manufacturing,SC
1653558,"PRIORITY TECHNOLOGY HOLDINGS, INC.",7389,73,Business Services & Software,Services,GA
1653653,"RED ROCK RESORTS, INC.",7011,70,,Services,NV
1842566,"AIRSHIP AI HOLDINGS, INC.",7372,73,Business Services & Software,Services,WA
91668,SOLITRON DEVICES INC,3674,36,Electronic & Electrical Equipment,Manufacturing,FL
1504678,"LOOP INDUSTRIES, INC.",2800,28,Chemicals & Pharmaceuticals,Manufacturing,QC
1661039,"TPT GLOBAL TECH, INC.",4899,48,Communications,"Transportation, Communications & Utilities",CA
87802,SCIENTIFIC INDUSTRIES INC,3826,38,Instruments & Medical Devices,Manufacturing,NY
1175596,AMARC RESOURCES LTD,1040,10,,Mining,BC
1831114,NOVUSTERRA INC,1090,10,,Mining,FL
1030192,"IDAHO STRATEGIC RESOURCES, INC.",1040,10,,Mining,ID
917225,SOLITARIO RESOURCES CORP.,1040,10,,Mining,CO
1040470,AEHR TEST SYSTEMS,3825,38,Instruments & Medical Devices,Manufacturing,CA
314227,"TOMI ENVIRONMENTAL SOLUTIONS, INC.",2860,28,Chemicals & Pharmaceuticals,Manufacturing,MD
1093672,PEOPLES BANCORP OF NORTH CAROLINA INC,6022,60,Depository Institutions,"Finance, Insurance & Real Estate",NC
31107,EASTERN CO,3420,34,,Manufacturing,CT
1075736,"CREXENDO, INC.",4813,48,Communications,"Transportation, Communications & Utilities",AZ
1853816,"DERMATA THERAPEUTICS, INC.",2834,28,Chemicals & Pharmaceuticals,Manufacturing,CA
701719,ENVELA CORP,5944,59,Miscellaneous Retail,Retail Trade,TX
2186,BK TECHNOLOGIES,3663,36,Electronic & Electrical Equipment,Manufacturing,FL
933738,ENGLOBAL CORP,8711,87,"Engineering, Accounting & Management Services",Services,TX
829323,"INUVO, INC.",7310,73,Business Services & Software,Services,AR
843006,ACCESS NEWSWIRE INC.,8742,87,"Engineering, Accounting & Management Services",Services,NC
701288,ATRION CORP,3841,38,Instruments & Medical Devices,Manufacturing,TX
1288750,TIMBERLINE RESOURCES CORP,1040,10,,Mining,ID
101538,UNITED STATES ANTIMONY CORP,3330,33,,Manufacturing,TX
1375205,UR-ENERGY INC,1040,10,,Mining,CO
351998,DATA I/O CORP,3825,38,Instruments & Medical Devices,Manufacturing,WA
34956,"TENAX THERAPEUTICS, INC.",2834,28,Chemicals & Pharmaceuticals,Manufacturing,NC
1838128,LOWELL FARMS INC.,100,01,,"Agriculture, Forestry & Fishing",CA
1716621,"CATHETER PRECISION, INC.",3841,38,Instruments & Medical Devices,Manufacturing,SC
718413,COMMUNITY BANCORP /VT,6021,60,Depository Institutions,"Finance, Insurance & Real Estate",VT
1392449,GREEN PLANET BIO ENGINEERING CO. LTD.,2836,28,Chemicals & Pharmaceuticals,Manufacturing,FL
1101433,QUOTEMEDIA INC,7389,73,Business Services & Software,Services,AZ
740806,F&M BANK CORP,6022,60,Depository Institutions,"Finance, Insurance & Real Estate",VA
33992,"KINGSTONE COMPANIES, INC.",6331,63,Insurance Carriers,"Finance, Insurance & Real Estate",NY
1074828,"KNOW LABS, INC.",3829,38,Instruments & Medical Devices,Manufacturing,WA
1825452,"ONFOLIO HOLDINGS, INC",7374,73,Business Services & Software,Services,DE
709005,NOBLE ROMANS INC,5812,58,Eating & Drinking Places,Retail Trade,IN
1462223,"NIXXY, INC.",7371,73,Business Services & Software,Services,CT
1681682,ENDRA LIFE SCIENCES INC.,3845,38,Instruments & Medical Devices,Manufacturing,MI
1034760,WIDEPOINT CORP,7373,73,Business Services & Software,Services,VA
1101026,"ZIVO BIOSCIENCE, INC.",2836,28,Chemicals & Pharmaceuticals,Manufacturing,MI
924719,SMITH MIDLAND CORP,3272,32,,Manufacturing,VA
1425355,"MILL CITY VENTURES III, LTD",6153,61,,"Finance, Insurance & Real Estate",MN
725363,CEL SCI CORP,2836,28,Chemicals & Pharmaceuticals,Manufacturing,VA
1141197,PEDEVCO CORP,1311,13,Oil & Gas Extraction,Mining,TX
933972,374WATER INC.,3621,36,Electronic & Electrical Equipment,Manufacturing,NC
875355,"LENDWAY, INC.",100,01,,"Agriculture, Forestry & Fishing",MN
1771885,QUANTUM BIOPHARMA LTD.,2834,28,Chemicals & Pharmaceuticals,Manufacturing,ON
1497230,"SMC ENTERTAINMENT, INC.",7374,73,Business Services & Software,Services,FL
798081,LAKELAND INDUSTRIES INC,3842,38,Instruments & Medical Devices,Manufacturing,AL
1304161,"PHARMA-BIO SERV, INC.",8742,87,"Engineering, Accounting & Management Services",Services,
889971,LIGHTPATH TECHNOLOGIES INC,3674,36,Electronic & Electrical Equipment,Manufacturing,FL
1374567,"LUVU BRANDS, INC.",2510,25,,Manufacturing,GA
911216,PALATIN TECHNOLOGIES INC,2834,28,Chemicals & Pharmaceuticals,Manufacturing,NJ
1082733,"VISIUM TECHNOLOGIES, INC.",7371,73,Business Services & Software,Services,FL
1655210,"BEYOND MEAT, INC.",2000,20,Food & Kindred Products,Manufacturing,CA
1655759,"ARVINAS, INC.",2834,28,Chemicals & Pharmaceuticals,Manufacturing,CT
1655891,TORM PLC,4412,44,,"Transportation, Communications & Utilities",
1656081,ENDAVA PLC,7371,73,Business Services & Software,Services,
1037540,"BXP, INC.",6798,67,Holding & Investment Offices,"Finance, Insurance & Real Estate",MA
1656472,CRONOS GROUP INC.,2833,28,Chemicals & Pharmaceuticals,Manufacturing,ON
1657312,VERONA PHARMA PLC,2834,28,Chemicals & Pharmaceuticals,Manufacturing,
1657853,"HERTZ GLOBAL HOLDINGS, INC",7510,75,,Services,FL
1658566,PERMIAN RESOURCES CORP,1311,13,Oil & Gas Extraction,Mining,TX
1659166,FORTIVE CORP,3823,38,Instruments & Medical Devices,Manufacturing,WA
1660134,"OKTA, INC.",7372,73,Business Services & Software,Services,CA
1660280,"TENABLE HOLDINGS, INC.",7372,73,Business Services & Software,Services,MD
1660734,TRITON INTERNATIONAL LTD,7359,73,Business Services & Software,Services,
1661458,"HIGHLANDS REIT, INC.",6798,67,Holding & Investment Offices,"Finance, Insurance & Real Estate",IL
1662774,"QUINCE THERAPEUTICS, INC.",2836,28,Chemicals & Pharmaceuticals,Manufacturing,CA
1662972,"BLACKSTONE REAL ESTATE INCOME TRUST, INC.",6798,67,Holding & Investment Offices,"Finance, Insurance & Real Estate",NY
1662991,SEZZLE INC.,7389,73,Business Services & Software,Services,MN
1931055,MEDINOTEC INC.,3841,38,Instruments & Medical Devices,Manufacturing,
1605331,AB INTERNATIONAL GROUP CORP.,6794,67,Holding & Investment Offices,"Finance, Insurance & Real Estate",NY
1442999,ALTEROLA BIOTECH INC.,2833,28,Chemicals & Pharmaceuticals,Manufacturing,
1527702,IQSTEL INC,4813,48,Communications,"Transportation, Communications & Utilities",FL
1085277,"SKINVISIBLE, INC.",2834,28,Chemicals & Pharmaceuticals,Manufacturing,NV
1664710,"KEROS THERAPEUTICS, INC.",2834,28,Chemicals & Pharmaceuticals,Manufacturing,MA
1665918,US FOODS HOLDING CORP.,5140,51,,Wholesale Trade,IL
1666071,"CARDLYTICS, INC.",7370,73,Business Services & Software,Services,GA
1666134,"BLACKLINE, INC.",7372,73,Business Services & Software,Services,CA
1666138,ATKORE INC.,3690,36,Electronic & Electrical Equipment,Manufacturing,IL
1666175,FORTIS INC.,4911,49,"Electric, Gas & Sanitary Services","Transportation, Communications & Utilities",NL
1666700,"DUPONT DE NEMOURS, INC.",2821,28,Chemicals & Pharmaceuticals,Manufacturing,DE
1667011,"ARTERIS, INC.",3674,36,Electronic & Electrical Equipment,Manufacturing,CA
1668397,"MEDPACE HOLDINGS, INC.",8731,87,"Engineering, Accounting & Management Services",Services,OH
1669162,"KINSALE CAPITAL GROUP, INC.",6331,63,Insurance Carriers,"Finance, Insurance & Real Estate",VA
1670076,"FRONTIER GROUP HOLDINGS, INC.",4512,45,,"Transportation, Communications & Utilities",CO
1670541,ADIENT PLC,3714,37,Transportation Equipment,Manufacturing,
1670592,"YETI HOLDINGS, INC.",3949,39,,Manufacturing,TX
1671284,"NEUEHEALTH, INC.",6324,63,Insurance Carriers,"Finance, Insurance & Real Estate",FL
1671927,IMMUNOCORE HOLDINGS PLC,2836,28,Chemicals & Pharmaceuticals,Manufacturing,
1671933,"TRADE DESK, INC.",7370,73,Business Services & Software,Services,CA
1672013,ACUSHNET HOLDINGS CORP.,3949,39,,Manufacturing,MA
1673985,ADVANSIX INC.,2821,28,Chemicals & Pharmaceuticals,Manufacturing,NJ
1674335,"JELD-WEN HOLDING, INC.",2430,24,,Manufacturing,NC
1674356,"TERRA PROPERTY TRUST, INC.",6798,67,Holding & Investment Offices,"Finance, Insurance & Real Estate",NY
797564,"HST GLOBAL, INC.",2834,28,Chemicals & Pharmaceuticals,Manufacturing,VA
1674910,VALVOLINE INC,2990,29,,Manufacturing,KY
1675644,"FVCBANKCORP, INC.",6022,60,Depository Institutions,"Finance, Insurance & Real Estate",VA
1676238,"BRAZE, INC.",7372,73,Business Services & Software,Services,NY
1677703,CONDUENT INC,7389,73,Business Services & Software,Services,NJ
1679268,"MAMMOTH ENERGY SERVICES, INC.",1389,13,Oil & Gas Extraction,Mining,OK
1679273,"LAMB WESTON HOLDINGS, INC.",2030,20,Food & Kindred Products,Manufacturing,ID
1679363,"MORPHIC HOLDING, INC.",2834,28,Chemicals & Pharmaceuticals,Manufacturing,MA
1679688,"DIGITALBRIDGE GROUP, INC.",6282,62,,"Finance, Insurance & Real Estate",FL
1679788,"COINBASE GLOBAL, INC.",6199,61,,"Finance, Insurance & Real Estate",NY
1680062,"ACM RESEARCH, INC.",3559,35,Industrial Machinery & Computer Equipment,Manufacturing,CA
1680247,PROPETRO HOLDING CORP.,1389,13,Oil & Gas Extraction,Mining,TX
1680367,"SHATTUCK LABS, INC.",2834,28,Chemicals & Pharmaceuticals,Manufacturing,TX
1680873,HF FOODS GROUP INC.,5140,51,,Wholesale Trade,NV
1681459,TECHNIPFMC PLC,3533,35,Industrial Machinery & Computer Equipment,Manufacturing,
1681622,VAREX IMAGING CORP,3679,36,Electronic & Electrical Equipment,Manufacturing,UT
1682852,"MODERNA, INC.",2836,28,Chemicals & Pharmaceuticals,Manufacturing,MA
1300781,"DH ENCHANTMENT, INC.",5122,51,,Wholesale Trade,
1990446,"TRANS AMERICAN AQUACULTURE, INC",200,02,,"Agriculture, Forestry & Fishing",TX
704562,"AVID BIOSERVICES, INC.",2834,28,Chemicals & Pharmaceuticals,Manufacturing,CA
1290658,"IIOT-OXYS, INC.",7372,73,Business Services & Software,Services,MA
1511820,STEMTECH CORP,5122,51,,Wholesale Trade,FL
1829311,"BITMINE IMMERSION TECHNOLOGIES, INC.",6199,61,,"Finance, Insurance & Real Estate",NV
1343009,CNBX PHARMACEUTICALS INC.,2834,28,Chemicals & Pharmaceuticals,Manufacturing,MD
1918694,MEDIES,7812,78,,Services,CA
866439,"DARKPULSE, INC.",7372,73,Business Services & Software,Services,NY
1608092,KISSES FROM ITALY INC.,5810,58,Eating & Drinking Places,Retail Trade,FL
774415,ONESOLUTION TECHNOLOGY INC.,3612,36,Electronic & Electrical Equipment,Manufacturing,
1474558,"KAT EXPLORATION, INC.",6770,67,Holding & Investment Offices,"Finance, Insurance & Real Estate",FL
1557798,"TIANCI INTERNATIONAL, INC.",3576,35,Industrial Machinery & Computer Equipment,Manufacturing,NV
1830072,IPOWER INC.,5200,52,,Retail Trade,CA
811222,CARDIFF LEXINGTON CORP,8011,80,Health Services,Services,NV
1816554,EVENTIKO INC.,7990,79,,Services,GA
1699709,YIJIA GROUP CORP.,5130,51,,Wholesale Trade,NY
1420520,ATOMERA INC,3674,36,Electronic & Electrical Equipment,Manufacturing,CA
1467845,"KASHIN, INC.",8200,82,,Services,NV
1496443,"PAYSIGN, INC.",7389,73,Business Services & Software,Services,NV
1110607,"KOIL ENERGY SOLUTIONS, INC.",3533,35,Industrial Machinery & Computer Equipment,Manufacturing,TX
1829794,"VOLCON, INC.",3711,37,Transportation Equipment,Manufacturing,TX
790273,CONECTISYS CORP,3663,36,Electronic & Electrical Equipment,Manufacturing,WA
1884164,"KWIKCLICK, INC.",7374,73,Business Services & Software,Services,UT
1554818,AUDDIA INC.,7374,73,Business Services & Software,Services,CO
889609,"CONSUMER PORTFOLIO SERVICES, INC.",6199,61,,"Finance, Insurance & Real Estate",CA
1367083,"SONOMA PHARMACEUTICALS, INC.",3841,38,Instruments & Medical Devices,Manufacturing,CO
1289237,"U. S. PREMIUM BEEF, LLC",200,02,,"Agriculture, Forestry & Fishing",MO
1103795,"QS ENERGY, INC.",3533,35,Industrial Machinery & Computer Equipment,Manufacturing,TX
1652958,"EDGEMODE, INC.",8082,80,Health Services,Services,FL
1956955,"UNUSUAL MACHINES, INC.",3663,36,Electronic & Electrical Equipment,Manufacturing,FL
1737193,LUDUSON G INC.,7372,73,Business Services & Software,Services,
1009919,"INVECH HOLDINGS, INC.",8742,87,"Engineering, Accounting & Management Services",Services,AZ
1084267,"MOBIQUITY TECHNOLOGIES, INC.",7310,73,Business Services & Software,Services,NY
1182731,CONNEXIONONE CORP.,7370,73,Business Services & Software,Services,CA
814586,"LIFEWAY FOODS, INC.",2020,20,Food & Kindred Products,Manufacturing,IL
1198415,"ALTEGRIS WINTON FUTURES FUND, L.P.",6221,62,,"Finance, Insurance & Real Estate",CA
1398805,BEAM GLOBAL,3674,36,Electronic & Electrical Equipment,Manufacturing,CA
1534525,"XENETIC BIOSCIENCES, INC.",2834,28,Chemicals & Pharmaceuticals,Manufacturing,MA
1157075,"PHARMACYTE BIOTECH, INC.",2836,28,Chemicals & Pharmaceuticals,Manufacturing,CA
736012,INTRUSION INC,3576,35,Industrial Machinery & Computer Equipment,Manufacturing,TX
1590418,FOCUS UNIVERSAL INC.,3823,38,Instruments & Medical Devices,Manufacturing,CA
1070050,APPTECH PAYMENTS CORP.,7372,73,Business Services & Software,Services,CA
1013706,"WILHELMINA INTERNATIONAL, INC.",8742,87,"Engineering, Accounting & Management Services",Services,TX
1661600,SATIVUS TECH CORP.,8742,87,"Engineering, Accounting & Management Services",Services,MD
1481443,"TECHCOM, INC.",6770,67,Holding & Investment Offices,"Finance, Insurance & Real Estate",
1439264,MARVION INC.,6199,61,,"Finance, Insurance & Real Estate",
1304409,ATHENA GOLD CORP,1040,10,,Mining,CA
1594968,"VESTIAGE, INC.",7900,79,,Services,CA
1838876,"GEOSOLAR TECHNOLOGIES, INC.",3690,36,Electronic & Electrical Equipment,Manufacturing,CO
1080448,PATRIOT GOLD CORP,1040,10,,Mining,NV
1756180,"NOCERA, INC.",200,02,,"Agriculture, Forestry & Fishing",GA
836564,MOSAIC IMMUNOENGINEERING INC.,2836,28,Chemicals & Pharmaceuticals,Manufacturing,CA
1560143,WYTEC INTERNATIONAL INC,4822,48,Communications,"Transportation, Communications & Utilities",TX
1635077,"ACLARION, INC.",8071,80,Health Services,Services,CO
1753391,"TANCHENG GROUP CO., LTD.",7370,73,Business Services & Software,Services,
38264,"FORWARD INDUSTRIES, INC.",3089,30,,Manufacturing,NY
1081938,"CANNAPHARMARX, INC.",2834,28,Chemicals & Pharmaceuticals,Manufacturing,AB
1533040,PHIO PHARMACEUTICALS CORP.,2834,28,Chemicals & Pharmaceuticals,Manufacturing,MA
882291,AETHLON MEDICAL INC,3841,38,Instruments & Medical Devices,Manufacturing,CA
1729427,"CNS PHARMACEUTICALS, INC.",2834,28,Chemicals & Pharmaceuticals,Manufacturing,TX
1415813,UN MONDE INTERNATIONAL LTD.,6770,67,Holding & Investment Offices,"Finance, Insurance & Real Estate",ON
1892274,VISIONARY HOLDINGS INC.,8200,82,,Services,ON
1827855,MEDICALE CORP.,8000,80,Health Services,Services,FL
1759186,"COEPTIS THERAPEUTICS HOLDINGS, INC.",2836,28,Chemicals & Pharmaceuticals,Manufacturing,PA
1586495,LEET TECHNOLOGY INC.,7372,73,Business Services & Software,Services,
1402328,SUNSHINE BIOPHARMA INC.,2834,28,Chemicals & Pharmaceuticals,Manufacturing,FL
1945619,KINETIC SEAS INC.,6770,67,Holding & Investment Offices,"Finance, Insurance & Real Estate",IL
1985554,LONDAX CORP.,7371,73,Business Services & Software,Services,WY
1524872,THUNDER ENERGIES CORP,3559,35,Industrial Machinery & Computer Equipment,Manufacturing,FL
1727255,CHILEAN COBALT CORP.,1000,10,,Mining,PA
1849294,FORTUNE RISE ACQUISITION CORP,3559,35,Industrial Machinery & Computer Equipment,Manufacturing,FL
1933359,NATICS CORP.,7374,73,Business Services & Software,Services,
1910975,RAPID LINE INC.,8200,82,,Services,
1852536,"INTORIO, CORP.",8200,82,,Services,CA
1854183,ORION BLISS CORP.,2840,28,Chemicals & Pharmaceuticals,Manufacturing,NV
1939937,LAMY,8200,82,,Services,
1114925,LANTRONIX INC,3576,35,Industrial Machinery & Computer Equipment,Manufacturing,CA
1434601,"MARQUIE GROUP, INC.",4832,48,Communications,"Transportation, Communications & Utilities",FL
1411057,"CANNABIS BIOSCIENCE INTERNATIONAL HOLDINGS, INC.",8731,87,"Engineering, Accounting & Management Services",Services,TX
2000762,GMTECH INC.,7371,73,Business Services & Software,Services,NY
1652935,"ACTUATE THERAPEUTICS, INC.",2834,28,Chemicals & Pharmaceuticals,Manufacturing,TX
1941360,NEOLARA CORP.,1520,15,,Construction,WY
1748137,NEOVOLTA INC.,3690,36,Electronic & Electrical Equipment,Manufacturing,CA
722572,FRANKLIN WIRELESS CORP,3661,36,Electronic & Electrical Equipment,Manufacturing,CA
867840,"PRECISION OPTICS CORPORATION, INC.",3845,38,Instruments & Medical Devices,Manufacturing,MA
1376793,"CAVITATION TECHNOLOGIES, INC.",700,07,,"Agriculture, Forestry & Fishing",CA
1683695,"INTERNATIONAL MONEY EXPRESS, INC.",7389,73,Business Services & Software,Services,FL
1684682,"CNL STRATEGIC CAPITAL, LLC",6282,62,,"Finance, Insurance & Real Estate",FL
1685040,"BRIGHTHOUSE FINANCIAL, INC.",6311,63,Insurance Carriers,"Finance, Insurance & Real Estate",NC
1687229,INVITATION HOMES INC.,6510,65,,"Finance, Insurance & Real Estate",TX
1688568,DXC TECHNOLOGY CO,7374,73,Business Services & Software,Services,VA
1688757,ESTABLISHMENT LABS HOLDINGS INC.,3842,38,Instruments & Medical Devices,Manufacturing,
1689375,"ENTRADA THERAPEUTICS, INC.",2834,28,Chemicals & Pharmaceuticals,Manufacturing,MA
1689548,"PRAXIS PRECISION MEDICINES, INC.",2834,28,Chemicals & Pharmaceuticals,Manufacturing,MA
1690680,"NEWMARK GROUP, INC.",6531,65,,"Finance, Insurance & Real Estate",NY
1690820,CARVANA CO.,5500,55,,Retail Trade,AZ
1691303,"WARRIOR MET COAL, INC.",1220,12,,Mining,AL
1691421,"LEMONADE, INC.",6331,63,Insurance Carriers,"Finance, Insurance & Real Estate",NY
1692063,"SCHNEIDER NATIONAL, INC.",4213,42,,"Transportation, Communications & Utilities",WI
1692115,"SOUTHWEST GAS HOLDINGS, INC.",4923,49,"Electric, Gas & Sanitary Services","Transportation, Communications & Utilities",NV
1692412,PLAYA HOTELS & RESORTS N.V.,7011,70,,Services,
1692787,KINETIK HOLDINGS INC.,4922,49,"Electric, Gas & Sanitary Services","Transportation, Communications & Utilities",TX
1692819,VISTRA CORP.,4911,49,"Electric, Gas & Sanitary Services","Transportation, Communications & Utilities",TX
1692951,"COTTONWOOD COMMUNITIES, INC.",6798,67,Holding & Investment Offices,"Finance, Insurance & Real Estate",UT
1693317,"CHENIERE CORPUS CHRISTI HOLDINGS, LLC",4924,49,"Electric, Gas & Sanitary Services","Transportation, Communications & Utilities",TX
1694028,LIBERTY ENERGY INC.,1389,13,Oil & Gas Extraction,Mining,CO
1694426,"DELEK US HOLDINGS, INC.",2911,29,,Manufacturing,TN
1697500,"SOLARIS ENERGY INFRASTRUCTURE, INC.",3533,35,Industrial Machinery & Computer Equipment,Manufacturing,TX
1698530,"EXICURE, INC.",2834,28,Chemicals & Pharmaceuticals,Manufacturing,IL
1698990,MAGNOLIA OIL & GAS CORP,1311,13,Oil & Gas Extraction,Mining,TX
1698991,"ACCEL ENTERTAINMENT, INC.",7900,79,,Services,IL
1699039,"RANGER ENERGY SERVICES, INC.",1389,13,Oil & Gas Extraction,Mining,TX
1699136,"CACTUS, INC.",3533,35,Industrial Machinery & Computer Equipment,Manufacturing,TX
1701478,"AZITRA, INC.",2834,28,Chemicals & Pharmaceuticals,Manufacturing,CT
1701541,"BLACK DIAMOND THERAPEUTICS, INC.",2836,28,Chemicals & Pharmaceuticals,Manufacturing,MA
1701605,BAKER HUGHES CO,3533,35,Industrial Machinery & Computer Equipment,Manufacturing,TX
1701756,SADOT GROUP INC.,5810,58,Eating & Drinking Places,Retail Trade,TX
1703056,ADT INC.,7381,73,Business Services & Software,Services,FL
1703644,GRANITE POINT MORTGAGE TRUST INC.,6798,67,Holding & Investment Offices,"Finance, Insurance & Real Estate",NY
1704711,"FUNKO, INC.",3944,39,,Manufacturing,WA
1704715,"ALPHA METALLURGICAL RESOURCES, INC.",1221,12,,Mining,TN
1704720,"CANNAE HOLDINGS, INC.",5810,58,Eating & Drinking Places,Retail Trade,NV
1705110,ANGI INC.,7310,73,Business Services & Software,Services,NY
1705696,VICI PROPERTIES INC.,6798,67,Holding & Investment Offices,"Finance, Insurance & Real Estate",NY
1705873,BERRY CORP (BRY),1311,13,Oil & Gas Extraction,Mining,TX
1706946,"VIRGIN GALACTIC HOLDINGS, INC",4700,47,,"Transportation, Communications & Utilities",CA
1707753,ELASTIC N.V.,7372,73,Business Services & Software,Services,
1708035,ECOVYST INC.,2800,28,Chemicals & Pharmaceuticals,Manufacturing,PA
1708055,RIBBON COMMUNICATIONS INC.,7373,73,Business Services & Software,Services,TX
1709164,HAMILTON BEACH BRANDS HOLDING CO,3634,36,Electronic & Electrical Equipment,Manufacturing,VA
1709442,FIRSTSUN CAPITAL BANCORP,6021,60,Depository Institutions,"Finance, Insurance & Real Estate",CO
1709682,"CUSTOM TRUCK ONE SOURCE, INC.",7359,73,Business Services & Software,Services,MO
1710155,"NATIONAL VISION HOLDINGS, INC.",3851,38,Instruments & Medical Devices,Manufacturing,GA
1710366,"CORE NATURAL RESOURCES, INC.",1220,12,,Mining,PA
1711269,"EVERGY, INC.",4931,49,"Electric, Gas & Sanitary Services","Transportation, Communications & Utilities",MO
1711279,"KRYSTAL BIOTECH, INC.",2836,28,Chemicals & Pharmaceuticals,Manufacturing,PA
1712184,LIBERTY LATIN AMERICA LTD.,4841,48,Communications,"Transportation, Communications & Utilities",CO
1113313,ARVANA INC,6770,67,Holding & Investment Offices,"Finance, Insurance & Real Estate",UT
1713407,BROOKFIELD REAL ESTATE INCOME TRUST INC.,6798,67,Holding & Investment Offices,"Finance, Insurance & Real Estate",NY
1713445,"REDDIT, INC.",7374,73,Business Services & Software,Services,CA
1713683,"ZSCALER, INC.",7371,73,Business Services & Software,Services,CA
1714899,DENALI THERAPEUTICS INC.,2836,28,Chemicals & Pharmaceuticals,Manufacturing,CA
1716583,HYZON MOTORS INC.,3620,36,Electronic & Electrical Equipment,Manufacturing,IL
1717307,INDUSTRIAL LOGISTICS PROPERTIES TRUST,6798,67,Holding & Investment Offices,"Finance, Insurance & Real Estate",MA
1717547,"BRIGHTSPIRE CAPITAL, INC.",6798,67,Holding & Investment Offices,"Finance, Insurance & Real Estate",NY
1718227,"CONSTRUCTION PARTNERS, INC.",1600,16,,Construction,AL
1718405,HYCROFT MINING HOLDING CORP,1040,10,,Mining,NV
1718512,GATES INDUSTRIAL CORP PLC,3560,35,Industrial Machinery & Computer Equipment,Manufacturing,CO
1718939,T STAMP INC,7372,73,Business Services & Software,Services,GA
1720420,IBEX LTD,7374,73,Business Services & Software,Services,DC
1720635,NVENT ELECTRIC PLC,3550,35,Industrial Machinery & Computer Equipment,Manufacturing,
1720671,"HASHICORP, INC.",7371,73,Business Services & Software,Services,CA
1721386,LANDSEA HOMES CORP,1531,15,,Construction,TX
1722482,"AVANTOR, INC.",3826,38,Instruments & Medical Devices,Manufacturing,PA
1722684,"WYNDHAM HOTELS & RESORTS, INC.",7011,70,,Services,NJ
1723089,CHAMPIONX CORP,3530,35,Industrial Machinery & Computer Equipment,Manufacturing,TX
1723128,"AMNEAL PHARMACEUTICALS, INC.",2834,28,Chemicals & Pharmaceuticals,Manufacturing,
1723596,"COLUMBIA FINANCIAL, INC.",6035,60,Depository Institutions,"Finance, Insurance & Real Estate",NJ
1724521,"ARCUS BIOSCIENCES, INC.",2834,28,Chemicals & Pharmaceuticals,Manufacturing,CA
1725160,"ZENTALIS PHARMACEUTICALS, INC.",2834,28,Chemicals & Pharmaceuticals,Manufacturing,CA
1726173,BIGLARI HOLDINGS INC.,5812,58,Eating & Drinking Places,Retail Trade,TX
1726978,"GOOSEHEAD INSURANCE, INC.",6411,64,,"Finance, Insurance & Real Estate",TX
1728117,"GOSSAMER BIO, INC.",2834,28,Chemicals & Pharmaceuticals,Manufacturing,CA
1728205,PIEDMONT LITHIUM INC.,1400,14,,Mining,NC
1728688,"I3 VERTICALS, INC.",7389,73,Business Services & Software,Services,TN
1728951,"ESSENTIAL PROPERTIES REALTY TRUST, INC.",6798,67,Holding & Investment Offices,"Finance, Insurance & Real Estate",NJ
1729149,"VIEMED HEALTHCARE, INC.",8090,80,Health Services,Services,LA
1730168,BROADCOM INC.,3674,36,Electronic & Electrical Equipment,Manufacturing,CA
1730463,AUTOLUS THERAPEUTICS PLC,2836,28,Chemicals & Pharmaceuticals,Manufacturing,
1730984,BAYCOM CORP,6022,60,Depository Institutions,"Finance, Insurance & Real Estate",CA
1815566,"INFOBIRD CO., LTD",7372,73,Business Services & Software,Services,
1845942,BANNIX ACQUISITION CORP.,7372,73,Business Services & Software,Services,NJ
1314052,ANAVEX LIFE SCIENCES CORP.,2836,28,Chemicals & Pharmaceuticals,Manufacturing,NY
1759136,BLUE HAT INTERACTIVE ENTERTAINMENT TECHNOLOGY,3944,39,,Manufacturing,
1690384,"BIOCRUDE TECHNOLOGIES USA, INC.",4953,49,"Electric, Gas & Sanitary Services","Transportation, Communications & Utilities",QC
1419951,DATA STORAGE CORP,7374,73,Business Services & Software,Services,NY
1553788,"SPLASH BEVERAGE GROUP, INC.",2080,20,Food & Kindred Products,Manufacturing,FL
1855509,"TWIN VEE POWERCATS, CO.",3730,37,Transportation Equipment,Manufacturing,FL
1901305,"FORZA X1, INC.",3730,37,Transportation Equipment,Manufacturing,FL
1471781,GBT TECHNOLOGIES INC.,8742,87,"Engineering, Accounting & Management Services",Services,CA
1358633,SENTIENT BRANDS HOLDINGS INC.,5734,57,,Retail Trade,NY
1527728,RENOVARO INC.,2834,28,Chemicals & Pharmaceuticals,Manufacturing,CA
1837774,GLOBAL INNOVATIVE PLATFORMS INC.,6770,67,Holding & Investment Offices,"Finance, Insurance & Real Estate",FL
1394638,"DRIVEITAWAY HOLDINGS, INC.",8200,82,,Services,PA
1762239,"KAIVAL BRANDS INNOVATIONS GROUP, INC.",5960,59,Miscellaneous Retail,Retail Trade,FL
1731289,NIKOLA CORP,3711,37,Transportation Equipment,Manufacturing,AZ
1733998,NORTHWEST NATURAL HOLDING CO,4924,49,"Electric, Gas & Sanitary Services","Transportation, Communications & Utilities",OR
1734342,AMERANT BANCORP INC.,6021,60,Depository Institutions,"Finance, Insurance & Real Estate",FL
1734722,"UIPATH, INC.",7372,73,Business Services & Software,Services,NY
1735707,GARRETT MOTION INC.,3714,37,Transportation Equipment,Manufacturing,
1736297,"ASTERA LABS, INC.",3674,36,Electronic & Electrical Equipment,Manufacturing,CA
1736946,"ARLO TECHNOLOGIES, INC.",3651,36,Electronic & Electrical Equipment,Manufacturing,CA
1737287,"ALLOGENE THERAPEUTICS, INC.",2836,28,Chemicals & Pharmaceuticals,Manufacturing,CA
1737953,"REPLIMUNE GROUP, INC.",2836,28,Chemicals & Pharmaceuticals,Manufacturing,MA
1738827,"KLX ENERGY SERVICES HOLDINGS, INC.",1389,13,Oil & Gas Extraction,Mining,TX
1739104,ELANCO ANIMAL HEALTH INC,2834,28,Chemicals & Pharmaceuticals,Manufacturing,IN
1739410,RALLYBIO CORP,2834,28,Chemicals & Pharmaceuticals,Manufacturing,CT
1739445,"ARCOSA, INC.",3440,34,,Manufacturing,TX
1739566,"UTZ BRANDS, INC.",2090,20,Food & Kindred Products,Manufacturing,PA
1739940,CIGNA GROUP,6324,63,Insurance Carriers,"Finance, Insurance & Real Estate",CT
1739942,SOLARWINDS CORP,7372,73,Business Services & Software,Services,TX
1740332,"RESIDEO TECHNOLOGIES, INC.",5072,50,Wholesale — Durable Goods,Wholesale Trade,TX
1740797,AVANT TECHNOLOGIES INC.,7374,73,Business Services & Software,Services,NV
1741830,"KRONOS BIO, INC.",2834,28,Chemicals & Pharmaceuticals,Manufacturing,CA
1743907,"SUN COUNTRY AIRLINES HOLDINGS, INC.",4512,45,,"Transportation, Communications & Utilities",MN
1744489,WALT DISNEY CO,7990,79,,Services,CA
1745114,MOLECULAR PARTNERS AG,2836,28,Chemicals & Pharmaceuticals,Manufacturing,
1746473,"PLIANT THERAPEUTICS, INC.",2834,28,Chemicals & Pharmaceuticals,Manufacturing,CA
1747009,EQUITRANS MIDSTREAM CORP,4922,49,"Electric, Gas & Sanitary Services","Transportation, Communications & Utilities",PA
1747068,"METROCITY BANKSHARES, INC.",6022,60,Depository Institutions,"Finance, Insurance & Real Estate",GA
1747079,BALLY'S CORP,7011,70,,Services,RI
1748790,AMCOR PLC,3990,39,,Manufacturing,
1748824,ACADIAN ASSET MANAGEMENT INC.,6282,62,,"Finance, Insurance & Real Estate",MA
1749723,NEW FORTRESS ENERGY INC.,4924,49,"Electric, Gas & Sanitary Services","Transportation, Communications & Utilities",NY
1750155,"CHARLOTTE'S WEB HOLDINGS, INC.",100,01,,"Agriculture, Forestry & Fishing",CO
1750735,MERIDIAN CORP,6021,60,Depository Institutions,"Finance, Insurance & Real Estate",PA
1751008,APPLOVIN CORP,7370,73,Business Services & Software,Services,CA
1751783,"RHINEBECK BANCORP, INC.",6036,60,Depository Institutions,"Finance, Insurance & Real Estate",NY
1751788,DOW INC.,2821,28,Chemicals & Pharmaceuticals,Manufacturing,MI
1753368,SANGOMA TECHNOLOGIES CORP,7370,73,Business Services & Software,Services,ON
1753539,BLACKSKY TECHNOLOGY INC.,3663,36,Electronic & Electrical Equipment,Manufacturing,VA
1753706,"WHOLE EARTH BRANDS, INC.",2060,20,Food & Kindred Products,Manufacturing,IL
1490078,FIRST PHOSPHATE CORP.,1400,14,,Mining,BC
1590695,"TWINLAB CONSOLIDATED HOLDINGS, INC.",2833,28,Chemicals & Pharmaceuticals,Manufacturing,FL
822663,INTERPARFUMS INC,2844,28,Chemicals & Pharmaceuticals,Manufacturing,NY
1763925,COJAX OIL & GAS CORP,1311,13,Oil & Gas Extraction,Mining,VA
1347242,LIPELLA PHARMACEUTICALS INC.,2834,28,Chemicals & Pharmaceuticals,Manufacturing,PA
1266806,"VIVANI MEDICAL, INC.",3845,38,Instruments & Medical Devices,Manufacturing,CA
1919246,CHANNEL THERAPEUTICS CORP,2836,28,Chemicals & Pharmaceuticals,Manufacturing,NJ
840715,CLEARONE INC,3661,36,Electronic & Electrical Equipment,Manufacturing,UT
1623590,FINTECH SCION LTD,7389,73,Business Services & Software,Services,
357294,HOVNANIAN ENTERPRISES INC,1531,15,,Construction,NJ
1566243,ARAX HOLDINGS CORP,5812,58,Eating & Drinking Places,Retail Trade,NY
1755672,"CORTEVA, INC.",100,01,,"Agriculture, Forestry & Fishing",IN
1755755,"VINEBROOK HOMES TRUST, INC.",6798,67,Holding & Investment Offices,"Finance, Insurance & Real Estate",TX
1138724,"GLOBAL ARENA HOLDING, INC.",7372,73,Business Services & Software,Services,NY
1756708,JUMIA TECHNOLOGIES AG,5961,59,Miscellaneous Retail,Retail Trade,
1756761,INVESCO REAL ESTATE INCOME TRUST INC.,6798,67,Holding & Investment Offices,"Finance, Insurance & Real Estate",TX
1757073,ENVISTA HOLDINGS CORP,3843,38,Instruments & Medical Devices,Manufacturing,CA
1757898,STERIS PLC,3842,38,Instruments & Medical Devices,Manufacturing,
1758730,TRADEWEB MARKETS INC.,6200,62,,"Finance, Insurance & Real Estate",NY
1758766,"STEM, INC.",3690,36,Electronic & Electrical Equipment,Manufacturing,CA
1759425,"MIRUM PHARMACEUTICALS, INC.",2834,28,Chemicals & Pharmaceuticals,Manufacturing,CA
1759509,"LYFT, INC.",7389,73,Business Services & Software,Services,CA
1759631,HYLIION HOLDINGS CORP.,3713,37,Transportation Equipment,Manufacturing,TX
1759655,"PRIVIA HEALTH GROUP, INC.",8000,80,Health Services,Services,VA
1760689,"MICROVAST HOLDINGS, INC.",3690,36,Electronic & Electrical Equipment,Manufacturing,TX
1760854,NANOBIOTIX S.A.,2834,28,Chemicals & Pharmaceuticals,Manufacturing,
1760965,"KONTOOR BRANDS, INC.",2320,23,,Manufacturing,NC
1761696,CROWN ELECTROKINETICS CORP.,3679,36,Electronic & Electrical Equipment,Manufacturing,OR
1762359,"ACREAGE HOLDINGS, INC.",5900,59,Miscellaneous Retail,Retail Trade,NY
1764013,"IMMUNOVANT, INC.",2836,28,Chemicals & Pharmaceuticals,Manufacturing,NY
1764046,CLARIVATE PLC,7374,73,Business Services & Software,Services,
1765107,"CIM OPPORTUNITY ZONE FUND, L.P.",6799,67,Holding & Investment Offices,"Finance, Insurance & Real Estate",CA
1766400,"PENNANT GROUP, INC.",8000,80,Health Services,Services,ID
1766478,"ANGEL OAK MORTGAGE REIT, INC.",6500,65,,"Finance, Insurance & Real Estate",GA
1766502,"CHEWY, INC.",5961,59,Miscellaneous Retail,Retail Trade,FL
1767042,"KODIAK GAS SERVICES, INC.",4922,49,"Electric, Gas & Sanitary Services","Transportation, Communications & Utilities",TX
1767258,"XPEL, INC.",3470,34,,Manufacturing,TX
1767837,"RICHMOND MUTUAL BANCORPORATION, INC.",6022,60,Depository Institutions,"Finance, Insurance & Real Estate",IN
1770450,XEROX HOLDINGS CORP,3577,35,Industrial Machinery & Computer Equipment,Manufacturing,CT
1770787,"10X GENOMICS, INC.",3826,38,Instruments & Medical Devices,Manufacturing,CA
1771515,GROCERY OUTLET HOLDING CORP.,5411,54,,Retail Trade,CA
1772016,"BELLRING BRANDS, INC.",2000,20,Food & Kindred Products,Manufacturing,MO
1772253,FLEX LNG LTD.,4400,44,,"Transportation, Communications & Utilities",
1772695,SUNNOVA ENERGY INTERNATIONAL INC.,4931,49,"Electric, Gas & Sanitary Services","Transportation, Communications & Utilities",TX
1772921,ONEWATER MARINE INC.,5531,55,,Retail Trade,GA
1773383,"DYNATRACE, INC.",7372,73,Business Services & Software,Services,MA
1773427,"SPRINGWORKS THERAPEUTICS, INC.",2836,28,Chemicals & Pharmaceuticals,Manufacturing,CT
1773751,"HIMS & HERS HEALTH, INC.",8011,80,Health Services,Services,CA
1775734,BENEFICIENT,6199,61,,"Finance, Insurance & Real Estate",TX
1777393,"CHARGEPOINT HOLDINGS, INC.",3790,37,Transportation Equipment,Manufacturing,CA
1777835,PERELLA WEINBERG PARTNERS,6199,61,,"Finance, Insurance & Real Estate",NY
1779128,"BLADE AIR MOBILITY, INC.",4522,45,,"Transportation, Communications & Utilities",NY
1781335,OTIS WORLDWIDE CORP,3600,36,Electronic & Electrical Equipment,Manufacturing,CT
1781629,"ANKAM, INC.",7371,73,Business Services & Software,Services,
1781755,"BALDWIN INSURANCE GROUP, INC.",6411,64,,"Finance, Insurance & Real Estate",FL
1782170,"REMITLY GLOBAL, INC.",7389,73,Business Services & Software,Services,WA
1782999,PURETECH HEALTH PLC,2834,28,Chemicals & Pharmaceuticals,Manufacturing,MA
1783180,CARRIER GLOBAL CORP,3585,35,Industrial Machinery & Computer Equipment,Manufacturing,FL
1783398,UWM HOLDINGS CORP,6162,61,,"Finance, Insurance & Real Estate",MI
1783879,"ROBINHOOD MARKETS, INC.",6211,62,,"Finance, Insurance & Real Estate",CA
1841666,APA CORP,1311,13,Oil & Gas Extraction,Mining,TX
6769,APACHE CORP,1311,13,Oil & Gas Extraction,Mining,TX
1784254,MEDIACO HOLDING INC.,4832,48,Communications,"Transportation, Communications & Utilities",NY
1784535,"PORCH GROUP, INC.",7372,73,Business Services & Software,Services,WA
1785530,"WEREWOLF THERAPEUTICS, INC.",2834,28,Chemicals & Pharmaceuticals,Manufacturing,MA
1786248,"NEXPOINT REAL ESTATE FINANCE, INC.",6798,67,Holding & Investment Offices,"Finance, Insurance & Real Estate",TX
1786352,"BILL HOLDINGS, INC.",7372,73,Business Services & Software,Services,CA
1786842,VONTIER CORP,3824,38,Instruments & Medical Devices,Manufacturing,NC
1787306,"ARCUTIS BIOTHERAPEUTICS, INC.",2834,28,Chemicals & Pharmaceuticals,Manufacturing,CA
1789769,"INSTIL BIO, INC.",2836,28,Chemicals & Pharmaceuticals,Manufacturing,TX
1789940,"FIRST WATCH RESTAURANT GROUP, INC.",5812,58,Eating & Drinking Places,Retail Trade,FL
1790340,IMMUNEERING CORP,2834,28,Chemicals & Pharmaceuticals,Manufacturing,MA
1791863,BROOKFIELD RENEWABLE CORP,4911,49,"Electric, Gas & Sanitary Services","Transportation, Communications & Utilities",NY
1792044,VIATRIS INC,2834,28,Chemicals & Pharmaceuticals,Manufacturing,PA
1793229,CLARITEV CORP,7389,73,Business Services & Software,Services,VA
1793659,"RUSH STREET INTERACTIVE, INC.",7990,79,,Services,IL
1794515,ZOOMINFO TECHNOLOGIES INC.,7372,73,Business Services & Software,Services,WA
1794669,"SHIFT4 PAYMENTS, INC.",7389,73,Business Services & Software,Services,PA
1794783,"SELECTQUOTE, INC.",6411,64,,"Finance, Insurance & Real Estate",KS
1795250,SPHERE ENTERTAINMENT CO.,7900,79,,Services,NY
1795815,CALIFORNIA BANCORP  CA,6021,60,Depository Institutions,"Finance, Insurance & Real Estate",CA
1796022,STEPSTONE GROUP INC.,6282,62,,"Finance, Insurance & Real Estate",NY
1798100,NETSTREIT CORP.,6798,67,Holding & Investment Offices,"Finance, Insurance & Real Estate",TX
1798749,"AEROVATE THERAPEUTICS, INC.",2834,28,Chemicals & Pharmaceuticals,Manufacturing,MA
1799191,"ONCOLOGY INSTITUTE, INC.",8011,80,Health Services,Services,CA
1799208,"DUN & BRADSTREET HOLDINGS, INC.",7320,73,Business Services & Software,Services,FL
1800227,IAC INC.,7370,73,Business Services & Software,Services,NY
1801169,OPENDOOR TECHNOLOGIES INC.,6531,65,,"Finance, Insurance & Real Estate",AZ
1801170,"CLOVER HEALTH INVESTMENTS, CORP. /DE",6324,63,Insurance Carriers,"Finance, Insurance & Real Estate",NJ
1801198,LEGEND BIOTECH CORP,2834,28,Chemicals & Pharmaceuticals,Manufacturing,NJ
1801368,MP MATERIALS CORP. / DE,1000,10,,Mining,NV
1801661,SKILLZ INC.,7374,73,Business Services & Software,Services,NV
1802457,"ORIGIN MATERIALS, INC.",2860,28,Chemicals & Pharmaceuticals,Manufacturing,CA
1802768,ROYALTY PHARMA PLC,2834,28,Chemicals & Pharmaceuticals,Manufacturing,NY
1802974,"MISSION PRODUCE, INC.",700,07,,"Agriculture, Forestry & Fishing",CA
1803599,CONCENTRIX CORP,7389,73,Business Services & Software,Services,CA
1803737,"ENHABIT, INC.",8082,80,Health Services,Services,TX
1803914,"PLBY GROUP, INC.",5900,59,Miscellaneous Retail,Retail Trade,CA
872589,"REGENERON PHARMACEUTICALS, INC.",2834,28,Chemicals & Pharmaceuticals,Manufacturing,NY
1804591,23ANDME HOLDING CO.,2834,28,Chemicals & Pharmaceuticals,Manufacturing,CA
1804745,DRIVEN BRANDS HOLDINGS INC.,7500,75,,Services,NC
1805077,"EOS ENERGY ENTERPRISES, INC.",3690,36,Electronic & Electrical Equipment,Manufacturing,NJ
1805284,"ROCKET COMPANIES, INC.",6162,61,,"Finance, Insurance & Real Estate",MI
1806201,OPEN LENDING CORP,6141,61,,"Finance, Insurance & Real Estate",TX
1808220,"GOHEALTH, INC.",6411,64,,"Finance, Insurance & Real Estate",IL
1808665,"ASSERTIO HOLDINGS, INC.",2834,28,Chemicals & Pharmaceuticals,Manufacturing,IL
1808805,"NAUTILUS BIOTECHNOLOGY, INC.",3826,38,Instruments & Medical Devices,Manufacturing,WA
1808834,"PROG HOLDINGS, INC.",7359,73,Business Services & Software,Services,UT
1809104,"ALIGHT, INC. / DELAWARE",7389,73,Business Services & Software,Services,IL
1809519,"GOODRX HOLDINGS, INC.",7374,73,Business Services & Software,Services,CA
1810019,"RACKSPACE TECHNOLOGY, INC.",7370,73,Business Services & Software,Services,TX
1810806,UNITY SOFTWARE INC.,7372,73,Business Services & Software,Services,CA
1811074,TEXAS PACIFIC LAND CORP,6792,67,Holding & Investment Offices,"Finance, Insurance & Real Estate",TX
706698,UTAH MEDICAL PRODUCTS INC,3841,38,Instruments & Medical Devices,Manufacturing,UT
1814287,"ABACUS GLOBAL MANAGEMENT, INC.",6282,62,,"Finance, Insurance & Real Estate",FL
1815849,"ATI PHYSICAL THERAPY, INC.",8050,80,Health Services,Services,IL
1817358,"ACADEMY SPORTS & OUTDOORS, INC.",5940,59,Miscellaneous Retail,Retail Trade,TX
1818331,GENEDX HOLDINGS CORP.,8000,80,Health Services,Services,CT
1818382,"HUMACYTE, INC.",2836,28,Chemicals & Pharmaceuticals,Manufacturing,NC
1818383,"MEDIAALPHA, INC.",7389,73,Business Services & Software,Services,CA
1818502,OPPFI INC.,6199,61,,"Finance, Insurance & Real Estate",IL
1818874,"SOFI TECHNOLOGIES, INC.",6199,61,,"Finance, Insurance & Real Estate",CA
1819142,SES AI CORP,3690,36,Electronic & Electrical Equipment,Manufacturing,MA
1819394,"MATTERPORT, INC./DE",7372,73,Business Services & Software,Services,CA
1819395,SONDER HOLDINGS INC.,7000,70,,Services,CA
1819404,NERDY INC.,8200,82,,Services,MO
1819516,WHEELS UP EXPERIENCE INC.,4522,45,,"Transportation, Communications & Utilities",GA
1819574,"BARK, INC.",5990,59,Miscellaneous Retail,Retail Trade,NY
1819790,"TARSUS PHARMACEUTICALS, INC.",2836,28,Chemicals & Pharmaceuticals,Manufacturing,CA
1819796,GCM GROSVENOR INC.,6282,62,,"Finance, Insurance & Real Estate",IL
1819810,REDWIRE CORP,3760,37,Transportation Equipment,Manufacturing,FL
1819848,"JOBY AVIATION, INC.",3721,37,Transportation Equipment,Manufacturing,CA
1819974,"SKYWATER TECHNOLOGY, INC",3674,36,Electronic & Electrical Equipment,Manufacturing,MN
1820144,GRINDR INC.,7370,73,Business Services & Software,Services,CA
1820302,"BAKKT HOLDINGS, INC.",6199,61,,"Finance, Insurance & Real Estate",GA
1820721,"ARRAY TECHNOLOGIES, INC.",3990,39,,Manufacturing,NM
1820872,"GLOBAL BUSINESS TRAVEL GROUP, INC.",4700,47,,"Transportation, Communications & Utilities",NY
1820953,"AFFIRM HOLDINGS, INC.",6141,61,,"Finance, Insurance & Real Estate",CA
1821160,GUILD HOLDINGS CO,6162,61,,"Finance, Insurance & Real Estate",CA
1821393,"AARON'S COMPANY, INC.",7359,73,Business Services & Software,Services,GA
1821586,MOONLAKE IMMUNOTHERAPEUTICS,2834,28,Chemicals & Pharmaceuticals,Manufacturing,
1821769,NAVITAS SEMICONDUCTOR CORP,3674,36,Electronic & Electrical Equipment,Manufacturing,CA
1821825,ORGANON & CO.,2834,28,Chemicals & Pharmaceuticals,Manufacturing,NJ
1822359,DOCGO INC.,8000,80,Health Services,Services,NY
1822479,SOTERA HEALTH CO,8090,80,Health Services,Services,OH
1822492,HILLMAN SOLUTIONS CORP.,3420,34,,Manufacturing,OH
1822523,ADVANCED FLOWER CAPITAL INC.,6500,65,,"Finance, Insurance & Real Estate",FL
1822966,NUSCALE POWER CORP,3443,34,,Manufacturing,OR
1822993,JACKSON FINANCIAL INC.,6311,63,Insurance Carriers,"Finance, Insurance & Real Estate",MI
1823144,"COMPOSECURE, INC.",6199,61,,"Finance, Insurance & Real Estate",NJ
1823239,"MARAVAI LIFESCIENCES HOLDINGS, INC.",2834,28,Chemicals & Pharmaceuticals,Manufacturing,CA
1823529,"ENACT HOLDINGS, INC.",6411,64,,"Finance, Insurance & Real Estate",NC
1823608,AMALGAMATED FINANCIAL CORP.,6022,60,Depository Institutions,"Finance, Insurance & Real Estate",NY
1823878,"PLAYSTUDIOS, INC.",7372,73,Business Services & Software,Services,NV
1823945,BLUE OWL CAPITAL INC.,6282,62,,"Finance, Insurance & Real Estate",NY
1824293,"GRI BIO, INC.",2834,28,Chemicals & Pharmaceuticals,Manufacturing,CA
1825088,"DREAM FINDERS HOMES, INC.",1531,15,,Construction,FL
1798458,"CARRIAGE HOUSE EVENT CENTER, INC.",7200,72,,Services,CO
1489874,GOLDEN GROWERS COOPERATIVE,700,07,,"Agriculture, Forestry & Fishing",ND
1145604,"NIKA PHARMACEUTICALS, INC",2834,28,Chemicals & Pharmaceuticals,Manufacturing,NV
1826667,"TRISALUS LIFE SCIENCES, INC.",3841,38,Instruments & Medical Devices,Manufacturing,CO
1827090,"CERTARA, INC.",7372,73,Business Services & Software,Services,PA
1827506,"TOURMALINE BIO, INC.",2836,28,Chemicals & Pharmaceuticals,Manufacturing,NY
1828016,PLAYTIKA HOLDING CORP.,7374,73,Business Services & Software,Services,
1828105,HIPPO HOLDINGS INC.,6331,63,Insurance Carriers,"Finance, Insurance & Real Estate",CA
1828108,"AURORA INNOVATION, INC.",7373,73,Business Services & Software,Services,PA
1828185,BARINTHUS BIOTHERAPEUTICS PLC.,2834,28,Chemicals & Pharmaceuticals,Manufacturing,
1828376,WILLIAM PENN BANCORPORATION,6036,60,Depository Institutions,"Finance, Insurance & Real Estate",PA
1828536,"ENERGY VAULT HOLDINGS, INC.",3690,36,Electronic & Electrical Equipment,Manufacturing,CA
1828723,"ALTUS POWER, INC.",4911,49,"Electric, Gas & Sanitary Services","Transportation, Communications & Utilities",CT
1828791,VIANT TECHNOLOGY INC.,7370,73,Business Services & Software,Services,CA
1828852,"MONDEE HOLDINGS, INC.",4700,47,,"Transportation, Communications & Utilities",TX
1828937,FINANCE OF AMERICA COMPANIES INC.,6162,61,,"Finance, Insurance & Real Estate",TX
1828962,"CRICUT, INC.",3559,35,Industrial Machinery & Computer Equipment,Manufacturing,UT
1828972,"BUZZFEED, INC.",4899,48,Communications,"Transportation, Communications & Utilities",NY
1860879,RIGEL RESOURCE ACQUISITION CORP.,6770,67,Holding & Investment Offices,"Finance, Insurance & Real Estate",NY
1293818,OPGEN INC,8071,80,Health Services,Services,MD
1990145,HOLDCO NUVO GROUP D.G LTD.,3841,38,Instruments & Medical Devices,Manufacturing,
2002038,LEGATO MERGER CORP. III,6770,67,Holding & Investment Offices,"Finance, Insurance & Real Estate",NY
1901886,AURA FAT PROJECTS ACQUISITION CORP,7822,78,,Services,
1813603,HESTIA INSIGHT INC.,8742,87,"Engineering, Accounting & Management Services",Services,NV
1869601,EMBRACE CHANGE ACQUISITION CORP.,6770,67,Holding & Investment Offices,"Finance, Insurance & Real Estate",CA
1978528,QUETTA ACQUISITION CORP,6770,67,Holding & Investment Offices,"Finance, Insurance & Real Estate",NY
1850059,FLAG SHIP ACQUISITION CORP,6770,67,Holding & Investment Offices,"Finance, Insurance & Real Estate",NY
1527352,"NEXALIN TECHNOLOGY, INC.",3845,38,Instruments & Medical Devices,Manufacturing,TX
1922331,GLOBAL STAR ACQUISITION INC.,6770,67,Holding & Investment Offices,"Finance, Insurance & Real Estate",VA
1820875,CXAPP INC.,7372,73,Business Services & Software,Services,CA
1808377,INNOVATIVE EYEWEAR INC,3851,38,Instruments & Medical Devices,Manufacturing,FL
1744494,"ADVENT TECHNOLOGIES HOLDINGS, INC.",3690,36,Electronic & Electrical Equipment,Manufacturing,MA
2012807,RF ACQUISITION CORP II,6770,67,Holding & Investment Offices,"Finance, Insurance & Real Estate",
1619312,"LIGHTSTONE VALUE PLUS REIT IV, INC.",6798,67,Holding & Investment Offices,"Finance, Insurance & Real Estate",NJ
1563756,"LIGHTSTONE VALUE PLUS REIT III, INC.",6798,67,Holding & Investment Offices,"Finance, Insurance & Real Estate",NJ
1387061,"LIGHTSTONE VALUE PLUS REIT V, INC.",6798,67,Holding & Investment Offices,"Finance, Insurance & Real Estate",NJ
1436975,"LIGHTSTONE VALUE PLUS REIT II, INC.",6798,67,Holding & Investment Offices,"Finance, Insurance & Real Estate",NJ
1860514,ROTH CH ACQUISITION CO.,6770,67,Holding & Investment Offices,"Finance, Insurance & Real Estate",FL
1296884,"LIGHTSTONE VALUE PLUS REIT I, INC.",6798,67,Holding & Investment Offices,"Finance, Insurance & Real Estate",NJ
1907730,YOTTA ACQUISITION CORP,5500,55,,Retail Trade,NY
1514443,"AMERIGUARD SECURITY SERVICES, INC.",7381,73,Business Services & Software,Services,CA
910267,TITAN PHARMACEUTICALS INC,2836,28,Chemicals & Pharmaceuticals,Manufacturing,CA
1685766,MOVEIX INC.,3790,37,Transportation Equipment,Manufacturing,AZ
1450704,"VIVAKOR, INC.",4953,49,"Electric, Gas & Sanitary Services","Transportation, Communications & Utilities",TX
1376804,"VNUE, INC.",7822,78,,Services,NY
1856161,PEARL HOLDINGS ACQUISITION CORP,6770,67,Holding & Investment Offices,"Finance, Insurance & Real Estate",NY
1846975,SDCL EDGE ACQUISITION CORP,6770,67,Holding & Investment Offices,"Finance, Insurance & Real Estate",
1740742,UNICOIN INC.,7372,73,Business Services & Software,Services,NY
1467761,"MINIM, INC.",3661,36,Electronic & Electrical Equipment,Manufacturing,NH
1893311,LUXURBAN HOTELS INC.,6500,65,,"Finance, Insurance & Real Estate",FL
1862068,"RUBICON TECHNOLOGIES, INC.",7372,73,Business Services & Software,Services,KY
1897525,KB GLOBAL HOLDINGS LTD,6282,62,,"Finance, Insurance & Real Estate",PA
1859035,MOUNTAIN CREST ACQUISITION CORP. V,6770,67,Holding & Investment Offices,"Finance, Insurance & Real Estate",NY
1853580,PERCEPTION CAPITAL CORP. III,6770,67,Holding & Investment Offices,"Finance, Insurance & Real Estate",MN
926844,FUSS BRANDS CORP.,2834,28,Chemicals & Pharmaceuticals,Manufacturing,NY
1624517,YUENGLINGS ICE CREAM CORP,7389,73,Business Services & Software,Services,IL
1557376,"ZEO SCIENTIFIX, INC.",2836,28,Chemicals & Pharmaceuticals,Manufacturing,FL
1841209,MICROCLOUD HOLOGRAM INC.,7370,73,Business Services & Software,Services,NY
2000775,BLACK HAWK ACQUISITION CORP,6770,67,Holding & Investment Offices,"Finance, Insurance & Real Estate",CA
2006815,VOYAGER ACQUISITION CORP./CAYMAN ISLANDS,6770,67,Holding & Investment Offices,"Finance, Insurance & Real Estate",TX
1800392,MICROALGO INC.,7371,73,Business Services & Software,Services,NY
1853044,"AERIES TECHNOLOGY, INC.",8742,87,"Engineering, Accounting & Management Services",Services,
1829576,"CARTER BANKSHARES, INC.",6021,60,Depository Institutions,"Finance, Insurance & Real Estate",VA
1829864,"TASKUS, INC.",7374,73,Business Services & Software,Services,TX
1830188,"UNITED HOMES GROUP, INC.",1531,15,,Construction,SC
1830210,"BENSON HILL, INC.",2000,20,Food & Kindred Products,Manufacturing,MO
1831481,SABLE OFFSHORE CORP.,1311,13,Oil & Gas Extraction,Mining,TX
1831631,"LOANDEPOT, INC.",6199,61,,"Finance, Insurance & Real Estate",CA
1831651,"SHOALS TECHNOLOGIES GROUP, INC.",3674,36,Electronic & Electrical Equipment,Manufacturing,TN
1834376,INNOVAGE HOLDING CORP.,8000,80,Health Services,Services,CO
1834488,"N-ABLE, INC.",7372,73,Business Services & Software,Services,DE
1834494,"MERIDIANLINK, INC.",7372,73,Business Services & Software,Services,CA
1834584,"COUPANG, INC.",5961,59,Miscellaneous Retail,Retail Trade,WA
1834622,"HAYWARD HOLDINGS, INC.",3580,35,Industrial Machinery & Computer Equipment,Manufacturing,NC
1835378,INNOVID CORP.,7372,73,Business Services & Software,Services,NY
1835591,VIZIO HOLDING CORP.,3651,36,Electronic & Electrical Equipment,Manufacturing,CA
1835632,"MARVELL TECHNOLOGY, INC.",3674,36,Electronic & Electrical Equipment,Manufacturing,DE
1835681,"POWERSCHOOL HOLDINGS, INC.",7372,73,Business Services & Software,Services,CA
1835830,"KLAVIYO, INC.",7372,73,Business Services & Software,Services,MA
1836833,PLANET LABS PBC,3663,36,Electronic & Electrical Equipment,Manufacturing,CA
1836875,NUVVE HOLDING CORP.,3612,36,Electronic & Electrical Equipment,Manufacturing,CA
1837240,SYMBOTIC INC.,3569,35,Industrial Machinery & Computer Equipment,Manufacturing,MA
1837429,BROOKFIELD WEALTH SOLUTIONS LTD.,6399,63,Insurance Carriers,"Finance, Insurance & Real Estate",
1837671,COPPER PROPERTY CTL PASS THROUGH TRUST,6500,65,,"Finance, Insurance & Real Estate",TX
1837686,"VIMEO, INC.",7370,73,Business Services & Software,Services,NY
12659,H&R BLOCK INC,7200,72,,Services,MO
1839439,"PAYCOR HCM, INC.",7372,73,Business Services & Software,Services,OH
1839799,GAMBLING.COM GROUP LTD,7990,79,,Services,
1839839,"JANUS INTERNATIONAL GROUP, INC.",3442,34,,Manufacturing,GA
1840199,WALDENCAST PLC,2844,28,Chemicals & Pharmaceuticals,Manufacturing,
1840292,"HELIOGEN, INC.",4911,49,"Electric, Gas & Sanitary Services","Transportation, Communications & Utilities",CA
1840706,SOPHIA GENETICS SA,7374,73,Business Services & Software,Services,
1840776,"HAGERTY, INC.",6411,64,,"Finance, Insurance & Real Estate",MI
1840780,LOCAL BOUNTI CORPORATION/DE,100,01,,"Agriculture, Forestry & Fishing",MT
1840856,"SOUNDHOUND AI, INC.",7372,73,Business Services & Software,Services,DE
1842022,"DT MIDSTREAM, INC.",4922,49,"Electric, Gas & Sanitary Services","Transportation, Communications & Utilities",MI
1842279,OPAL FUELS INC.,4932,49,"Electric, Gas & Sanitary Services","Transportation, Communications & Utilities",MA
1842356,WAG! GROUP CO.,7200,72,,Services,CA
1842563,"GO GO BUYERS, INC.",7370,73,Business Services & Software,Services,NV
1842718,INTEGRAL AD SCIENCE HOLDING CORP.,7370,73,Business Services & Software,Services,NY
1842952,CONTEXT THERAPEUTICS INC.,2834,28,Chemicals & Pharmaceuticals,Manufacturing,PA
1844452,"INTUITIVE MACHINES, INC.",3812,38,Instruments & Medical Devices,Manufacturing,TX
1844505,"QT IMAGING HOLDINGS, INC.",3845,38,Instruments & Medical Devices,Manufacturing,CA
1845022,"COUCHBASE, INC.",7372,73,Business Services & Software,Services,CA
1845437,NET POWER INC.,3620,36,Electronic & Electrical Equipment,Manufacturing,NC
1846069,"NEXTDOOR HOLDINGS, INC.",7370,73,Business Services & Software,Services,CA
1846253,"OMNIAB, INC.",8731,87,"Engineering, Accounting & Management Services",Services,CA
1847903,CENTESSA PHARMACEUTICALS PLC,2834,28,Chemicals & Pharmaceuticals,Manufacturing,
1849820,"NAUTICUS ROBOTICS, INC.",3569,35,Industrial Machinery & Computer Equipment,Manufacturing,TX
1852131,NEXTRACKER INC.,3812,38,Instruments & Medical Devices,Manufacturing,CA
1852244,"GXO LOGISTICS, INC.",4700,47,,"Transportation, Communications & Utilities",CT
1853145,EVERCOMMERCE INC.,7372,73,Business Services & Software,Services,CO
1854270,"SENTI BIOSCIENCES, INC.",2836,28,Chemicals & Pharmaceuticals,Manufacturing,CA
1854401,BRIDGE INVESTMENT GROUP HOLDINGS INC.,6282,62,,"Finance, Insurance & Real Estate",UT
1854964,"NEWLAKE CAPITAL PARTNERS, INC.",6798,67,Holding & Investment Offices,"Finance, Insurance & Real Estate",CT
1855747,"BLEND LABS, INC.",7370,73,Business Services & Software,Services,CA
1856314,"CLEAR SECURE, INC.",7372,73,Business Services & Software,Services,NY
1856365,FINWISE BANCORP,6022,60,Depository Institutions,"Finance, Insurance & Real Estate",UT
1856437,VICTORIA'S SECRET & CO.,5621,56,,Retail Trade,OH
1856485,SYLVAMO CORP,2621,26,,Manufacturing,TN
1856525,"CORE & MAIN, INC.",5099,50,Wholesale — Durable Goods,Wholesale Trade,MO
1857154,"KRISPY KREME, INC.",5400,54,,Retail Trade,NC
1857475,DOLE PLC,100,01,,"Agriculture, Forestry & Fishing",
1857816,GIGACLOUD TECHNOLOGY INC,5961,59,Miscellaneous Retail,Retail Trade,CA
1857853,"TRAEGER, INC.",3630,36,Electronic & Electrical Equipment,Manufacturing,UT
1858681,"APOLLO GLOBAL MANAGEMENT, INC.",6282,62,,"Finance, Insurance & Real Estate",NY
1858985,ON HOLDING AG,3021,30,,Manufacturing,
1860742,BAUSCH & LOMB CORP,3851,38,Instruments & Medical Devices,Manufacturing,ON
1860782,"2SEVENTY BIO, INC.",2834,28,Chemicals & Pharmaceuticals,Manufacturing,MA
1865107,A.K.A. BRANDS HOLDING CORP.,5961,59,Miscellaneous Retail,Retail Trade,CA
1865408,EXSCIENTIA PLC,2836,28,Chemicals & Pharmaceuticals,Manufacturing,
1866175,CRESCENT ENERGY CO,1311,13,Oil & Gas Extraction,Mining,TX
1866581,DUTCH BROS INC.,5810,58,Eating & Drinking Places,Retail Trade,OR
1866633,"CONSENSUS CLOUD SOLUTIONS, INC.",7372,73,Business Services & Software,Services,CA
1866757,"BRILLIANT EARTH GROUP, INC.",3910,39,,Manufacturing,CA
1867096,"XERIS BIOPHARMA HOLDINGS, INC.",2834,28,Chemicals & Pharmaceuticals,Manufacturing,IL
1868159,"LINEAGE, INC.",6798,67,Holding & Investment Offices,"Finance, Insurance & Real Estate",MI
1868275,CONSTELLATION ENERGY CORP,4911,49,"Electric, Gas & Sanitary Services","Transportation, Communications & Utilities",MD
1868726,"OLAPLEX HOLDINGS, INC.",2844,28,Chemicals & Pharmaceuticals,Manufacturing,CA
1868778,INFORMATICA INC.,7372,73,Business Services & Software,Services,CA
1868941,"FLUENCE ENERGY, INC.",3690,36,Electronic & Electrical Equipment,Manufacturing,VA
1869198,"LIFE TIME GROUP HOLDINGS, INC.",7997,79,,Services,MN
1870600,"SOLO BRANDS, INC.",3949,39,,Manufacturing,TX
1870940,"AIRSCULPT TECHNOLOGIES, INC.",8011,80,Health Services,Services,FL
1871509,PORTILLO'S INC.,5812,58,Eating & Drinking Places,Retail Trade,IL
1872789,EMBECTA CORP.,3841,38,Instruments & Medical Devices,Manufacturing,DE
1873923,ORION OFFICE REIT INC.,6798,67,Holding & Investment Offices,"Finance, Insurance & Real Estate",AZ
1874178,"RIVIAN AUTOMOTIVE, INC. / DE",3711,37,Transportation Equipment,Manufacturing,CA
1874944,"VACASA, INC.",7340,73,Business Services & Software,Services,OR
1127703,PROASSURANCE CORP,6331,63,Insurance Carriers,"Finance, Insurance & Real Estate",AL
1875444,"ARHAUS, INC.",5712,57,,Retail Trade,OH
1876945,GOLD FLORA CORP.,100,01,,"Agriculture, Forestry & Fishing",CA
1877322,ESAB CORP,3569,35,Industrial Machinery & Computer Equipment,Manufacturing,MD
1877787,ERMENEGILDO ZEGNA N.V.,2300,23,,Manufacturing,
1877939,"CASTELLUM, INC.",8742,87,"Engineering, Accounting & Management Services",Services,VA
1878897,DOUGLAS ELLIMAN INC.,6531,65,,"Finance, Insurance & Real Estate",FL
1879016,IVANHOE ELECTRIC INC.,1000,10,,Mining,AZ
1880319,"PERIMETER SOLUTIONS, INC.",2800,28,Chemicals & Pharmaceuticals,Manufacturing,MO
1880661,TPG INC.,6282,62,,"Finance, Insurance & Real Estate",TX
1883085,PAGAYA TECHNOLOGIES LTD.,6199,61,,"Finance, Insurance & Real Estate",NY
1883313,"SAVERS VALUE VILLAGE, INC.",5900,59,Miscellaneous Retail,Retail Trade,WA
1883685,DRAFTKINGS INC.,7990,79,,Services,MA
1884082,POLESTAR AUTOMOTIVE HOLDING UK PLC,3711,37,Transportation Equipment,Manufacturing,
1889539,"COREBRIDGE FINANCIAL, INC.",6311,63,Insurance Carriers,"Finance, Insurance & Real Estate",TX
1891101,BRC INC.,2080,20,Food & Kindred Products,Manufacturing,UT
1897982,"ASPEN TECHNOLOGY, INC.",7371,73,Business Services & Software,Services,MA
1898795,"LIVEWIRE GROUP, INC.",3751,37,Transportation Equipment,Manufacturing,WI
1899287,"AMPRIUS TECHNOLOGIES, INC.",3690,36,Electronic & Electrical Equipment,Manufacturing,CA
1899830,PERFECT CORP.,7372,73,Business Services & Software,Services,
1899883,FTAI INFRASTRUCTURE INC.,4011,40,,"Transportation, Communications & Utilities",NY
1902733,"NCINO, INC.",7372,73,Business Services & Software,Services,NC
1930419,ALR TECHNOLOGIES SG LTD.,3669,36,Electronic & Electrical Equipment,Manufacturing,
945617,"AMERICAN CANNABIS COMPANY, INC.",2833,28,Chemicals & Pharmaceuticals,Manufacturing,CO
1960262,"LUDWIG ENTERPRISES, INC.",8071,80,Health Services,Services,FL
814926,"CAPSTONE COMPANIES, INC.",3640,36,Electronic & Electrical Equipment,Manufacturing,FL
1163389,NEW PEOPLES BANKSHARES INC,6022,60,Depository Institutions,"Finance, Insurance & Real Estate",VA
1894954,EXPION360 INC.,3690,36,Electronic & Electrical Equipment,Manufacturing,OR
1391426,CLEAN VISION CORP,2860,28,Chemicals & Pharmaceuticals,Manufacturing,CA
792935,ETHEMA HEALTH CORP,8062,80,Health Services,Services,FL
1530746,"KAYA HOLDINGS, INC.",2834,28,Chemicals & Pharmaceuticals,Manufacturing,FL
1906324,QUIDELORTHO CORP,2835,28,Chemicals & Pharmaceuticals,Manufacturing,CA
1907982,D-WAVE QUANTUM INC.,7374,73,Business Services & Software,Services,CA
1914496,"SCULPTOR DIVERSIFIED REAL ESTATE INCOME TRUST, INC.",6798,67,Holding & Investment Offices,"Finance, Insurance & Real Estate",NY
1915657,HF SINCLAIR CORP,4610,46,,"Transportation, Communications & Utilities",TX
1921963,ATMUS FILTRATION TECHNOLOGIES INC.,3714,37,Transportation Equipment,Manufacturing,TN
1922446,DIVERSIFIED ENERGY CO PLC,1311,13,Oil & Gas Extraction,Mining,AL
1928446,"GRANITE RIDGE RESOURCES, INC.",1311,13,Oil & Gas Extraction,Mining,TX
1929561,"RXO, INC.",4700,47,,"Transportation, Communications & Utilities",NC
1929589,MARIADB PLC,7372,73,Business Services & Software,Services,CA
1880441,BATTERY FUTURE ACQUISITION CORP.,6770,67,Holding & Investment Offices,"Finance, Insurance & Real Estate",FL
1751876,PARANOVUS ENTERTAINMENT TECHNOLOGY LTD.,7374,73,Business Services & Software,Services,
1946021,HORIZON SPACE ACQUISITION I CORP.,6770,67,Holding & Investment Offices,"Finance, Insurance & Real Estate",NY
1956055,BUKIT JALIL GLOBAL ACQUISITION 1 LTD.,6770,67,Holding & Investment Offices,"Finance, Insurance & Real Estate",
1932393,GE HEALTHCARE TECHNOLOGIES INC.,3844,38,Instruments & Medical Devices,Manufacturing,IL
1933414,"MINERALYS THERAPEUTICS, INC.",2834,28,Chemicals & Pharmaceuticals,Manufacturing,PA
1934850,"F&G ANNUITIES & LIFE, INC.",6311,63,Insurance Carriers,"Finance, Insurance & Real Estate",IA
1935979,BIOHAVEN LTD.,2834,28,Chemicals & Pharmaceuticals,Manufacturing,CT
1937653,ZYMEWORKS INC.,2834,28,Chemicals & Pharmaceuticals,Manufacturing,DE
1937926,BROOKFIELD ASSET MANAGEMENT LTD.,6282,62,,"Finance, Insurance & Real Estate",NY
1939433,"COHEN & STEERS INCOME OPPORTUNITIES REIT, INC.",6798,67,Holding & Investment Offices,"Finance, Insurance & Real Estate",NY
1941365,"MASTERBRAND, INC.",2511,25,,Manufacturing,OH
1943705,"REVELYST, INC.",3949,39,,Manufacturing,MT
1943896,"RUBRIK, INC.",7372,73,Business Services & Software,Services,CA
1944048,KENVUE INC.,2844,28,Chemicals & Pharmaceuticals,Manufacturing,NJ
1944057,COOL CO LTD.,4400,44,,"Transportation, Communications & Utilities",
1944366,BLUE OWL REAL ESTATE NET LEASE TRUST,6500,65,,"Finance, Insurance & Real Estate",IL
1944558,"VITESSE ENERGY, INC.",1311,13,Oil & Gas Extraction,Mining,CO
1946997,"EQT EXETER REAL ESTATE INCOME TRUST, INC.",6798,67,Holding & Investment Offices,"Finance, Insurance & Real Estate",PA
1948056,KKR INFRASTRUCTURE CONGLOMERATE LLC,6799,67,Holding & Investment Offices,"Finance, Insurance & Real Estate",NY
1949864,MAG MAGNA CORP,700,07,,"Agriculture, Forestry & Fishing",CA
1952073,MADISON SQUARE GARDEN ENTERTAINMENT CORP.,7990,79,,Services,NY
1952976,NET LEASE OFFICE PROPERTIES,6798,67,Holding & Investment Offices,"Finance, Insurance & Real Estate",NY
1953366,STAR HOLDINGS,6519,65,,"Finance, Insurance & Real Estate",NY
1955520,KNIFE RIVER CORP,1400,14,,Mining,ND
1957845,KKR PRIVATE EQUITY CONGLOMERATE LLC,6199,61,,"Finance, Insurance & Real Estate",NY
1959455,HIMALAYA SHIPPING LTD.,4412,44,,"Transportation, Communications & Utilities",
1962918,"ACELYRIN, INC.",2834,28,Chemicals & Pharmaceuticals,Manufacturing,CA
1964333,BURKE & HERBERT FINANCIAL SERVICES CORP.,6021,60,Depository Institutions,"Finance, Insurance & Real Estate",VA
1964630,VAST RENEWABLES LTD,3433,34,,Manufacturing,
1964738,SOLVENTUM CORP,3841,38,Instruments & Medical Devices,Manufacturing,MN
1965040,FORTREA HOLDINGS INC.,8071,80,Health Services,Services,NC
1966394,FORTRESS NET LEASE REIT,6798,67,Holding & Investment Offices,"Finance, Insurance & Real Estate",NY
1967649,VESTIS CORP,5190,51,,Wholesale Trade,GA
1968915,PHINIA INC.,3714,37,Transportation Equipment,Manufacturing,MI
1971213,"SINCLAIR, INC.",4833,48,Communications,"Transportation, Communications & Utilities",MD
1973047,MARKY CORP.,7370,73,Business Services & Software,Services,
1973239,ARM HOLDINGS PLC /UK,3674,36,Electronic & Electrical Equipment,Manufacturing,
1973266,"TKO GROUP HOLDINGS, INC.",7900,79,,Services,NY
1974138,NCR ATLEOS CORP,3578,35,Industrial Machinery & Computer Equipment,Manufacturing,GA
1976927,"INVESCO COMMERCIAL REAL ESTATE FINANCE TRUST, INC.",6798,67,Holding & Investment Offices,"Finance, Insurance & Real Estate",TX
1977303,ARCADIUM LITHIUM PLC,2810,28,Chemicals & Pharmaceuticals,Manufacturing,
1977837,ALIXO-YOLLOO CORP,7374,73,Business Services & Software,Services,
1980295,IMA TECH,7372,73,Business Services & Software,Services,WY
1981599,"CENTURI HOLDINGS, INC.",4923,49,"Electric, Gas & Sanitary Services","Transportation, Communications & Utilities",AZ
1992243,T1 ENERGY INC.,3674,36,Electronic & Electrical Equipment,Manufacturing,TX
1993004,"NORTHWESTERN ENERGY GROUP, INC.",4931,49,"Electric, Gas & Sanitary Services","Transportation, Communications & Utilities",SD
1995920,E-SMART CORP.,7371,73,Business Services & Software,Services,PA
1996810,GE VERNOVA INC.,3600,36,Electronic & Electrical Equipment,Manufacturing,MA
1996862,BUNGE GLOBAL SA,2070,20,Food & Kindred Products,Manufacturing,
1999001,SIX FLAGS ENTERTAINMENT CORPORATION/NEW,7900,79,,Services,NC
1999261,STAGEWISE STRATEGIES CORP.,7374,73,Business Services & Software,Services,
1445942,TEXAS MINERAL RESOURCES CORP.,1040,10,,Mining,TX
949961,INCOME OPPORTUNITY REALTY INVESTORS INC /TX/,6798,67,Holding & Investment Offices,"Finance, Insurance & Real Estate",TX
1841175,COINSHARES VALKYRIE BITCOIN FUND,6221,62,,"Finance, Insurance & Real Estate",NY
1157647,"WESTERN NEW ENGLAND BANCORP, INC.",6035,60,Depository Institutions,"Finance, Insurance & Real Estate",MA
883107,NANOPHASE TECHNOLOGIES CORP,2844,28,Chemicals & Pharmaceuticals,Manufacturing,IL
1450923,ABRDN GOLD ETF TRUST,6221,62,,"Finance, Insurance & Real Estate",PA
1459862,ABRDN PALLADIUM ETF TRUST,6221,62,,"Finance, Insurance & Real Estate",PA
1460235,ABRDN PLATINUM ETF TRUST,6221,62,,"Finance, Insurance & Real Estate",PA
1483386,ABRDN PRECIOUS METALS BASKET ETF TRUST,6221,62,,"Finance, Insurance & Real Estate",PA
1450922,ABRDN SILVER ETF TRUST,6221,62,,"Finance, Insurance & Real Estate",PA
731122,MUNCY COLUMBIA FINANCIAL CORP,6022,60,Depository Institutions,"Finance, Insurance & Real Estate",PA
889348,CPI AEROSTRUCTURES INC,3728,37,Transportation Equipment,Manufacturing,NY
1985840,TIDAL COMMODITIES TRUST I,6221,62,,"Finance, Insurance & Real Estate",WI
861441,LOCORR FUTURES PORTFOLIO FUND L.P.,6221,62,,"Finance, Insurance & Real Estate",MN
1430306,TONIX PHARMACEUTICALS HOLDING CORP.,2834,28,Chemicals & Pharmaceuticals,Manufacturing,NJ
1615222,"MOODY NATIONAL REIT II, INC.",6798,67,Holding & Investment Offices,"Finance, Insurance & Real Estate",TX
1999480,"ALTO NEUROSCIENCE, INC.",2834,28,Chemicals & Pharmaceuticals,Manufacturing,CA
1999784,NORTH HAVEN NET REIT,6798,67,Holding & Investment Offices,"Finance, Insurance & Real Estate",NY
2003397,LIBERTY SIRIUS XM HOLDINGS INC.,4832,48,Communications,"Transportation, Communications & Utilities",CO
2003881,"STIRLING HOTELS & RESORTS, INC.",6798,67,Holding & Investment Offices,"Finance, Insurance & Real Estate",TX
2006191,LIONSGATE STUDIOS CORP.,7812,78,,Services,CA
2007596,"TWFG, INC.",6411,64,,"Finance, Insurance & Real Estate",TX
2007919,"INHIBRX BIOSCIENCES, INC.",2836,28,Chemicals & Pharmaceuticals,Manufacturing,CA
2008861,"ENDO, INC.",2834,28,Chemicals & Pharmaceuticals,Manufacturing,PA
2011641,FERGUSON ENTERPRISES INC. /DE/,5070,50,Wholesale — Durable Goods,Wholesale Trade,VA
2012706,"SUNRISE REALTY TRUST, INC.",6798,67,Holding & Investment Offices,"Finance, Insurance & Real Estate",FL
2013745,"CALUMET, INC. /DE",2911,29,,Manufacturing,IN
1490873,"ECO SCIENCE SOLUTIONS, INC.",5900,59,Miscellaneous Retail,Retail Trade,CA
1849380,ONEMEDNET CORP,8731,87,"Engineering, Accounting & Management Services",Services,
1070304,ORIX CORP,6159,61,,"Finance, Insurance & Real Estate",
1707303,DOGNESS (INTERNATIONAL) CORP,3990,39,,Manufacturing,
1875547,LOCAFY LTD,7370,73,Business Services & Software,Services,
1862461,REAL BROKERAGE INC,6531,65,,"Finance, Insurance & Real Estate",FL
1381871,"BOWMO, INC.",7371,73,Business Services & Software,Services,NY
719733,KEY TRONIC CORP,3672,36,Electronic & Electrical Equipment,Manufacturing,WA
1781162,MOMENTUS INC.,3760,37,Transportation Equipment,Manufacturing,CA
1672886,ZHONG YUAN BIO-TECHNOLOGY HOLDINGS LTD,2833,28,Chemicals & Pharmaceuticals,Manufacturing,
1905920,GALAXY PAYROLL GROUP LTD,8700,87,"Engineering, Accounting & Management Services",Services,
1951051,JAAG ENTERPRISES LTD.,2300,23,,Manufacturing,AB
2025065,BLACK SPADE ACQUISITION II CO,6770,67,Holding & Investment Offices,"Finance, Insurance & Real Estate",
1873529,"KINDERCARE LEARNING COMPANIES, INC.",8351,83,,Services,OR
1653606,"EHAVE, INC.",7371,73,Business Services & Software,Services,ON
1604191,"ENTERO THERAPEUTICS, INC.",2834,28,Chemicals & Pharmaceuticals,Manufacturing,FL
6955,ENERPAC TOOL GROUP CORP,3590,35,Industrial Machinery & Computer Equipment,Manufacturing,WI
1838716,GENENTA SCIENCE S.P.A.,2836,28,Chemicals & Pharmaceuticals,Manufacturing,
1758699,TRANSUITE.ORG INC.,7370,73,Business Services & Software,Services,NV
1981519,ALTA GLOBAL GROUP LTD,7380,73,Business Services & Software,Services,
1618921,"WALGREENS BOOTS ALLIANCE, INC.",5912,59,Miscellaneous Retail,Retail Trade,IL
1023512,DRDGOLD LTD,1040,10,,Mining,
1894176,COHEN CIRCLE ACQUISITION CORP. I,6770,67,Holding & Investment Offices,"Finance, Insurance & Real Estate",PA
888721,TRINITY BIOTECH PLC,2835,28,Chemicals & Pharmaceuticals,Manufacturing,
1799983,GLOBAL BLUE GROUP HOLDING AG,7374,73,Business Services & Software,Services,
1953021,MEGA MATRIX INC,7812,78,,Services,
1956648,CO2 ENERGY TRANSITION CORP.,6770,67,Holding & Investment Offices,"Finance, Insurance & Real Estate",TX
1827401,BRIGHT MINDS BIOSCIENCES INC.,2834,28,Chemicals & Pharmaceuticals,Manufacturing,NY
1648636,TRILLION ENERGY INTERNATIONAL INC.,1311,13,Oil & Gas Extraction,Mining,
1227654,COMPASS MINERALS INTERNATIONAL INC,1400,14,,Mining,KS
1880613,"DIRECT DIGITAL HOLDINGS, INC.",7310,73,Business Services & Software,Services,TX
2006779,HCYC HOLDING CO,6411,64,,"Finance, Insurance & Real Estate",NY
2026448,PRINCIPAL CREDIT REAL ESTATE INCOME TRUST,6798,67,Holding & Investment Offices,"Finance, Insurance & Real Estate",IA
1971115,RYDE GROUP LTD,7389,73,Business Services & Software,Services,
810332,MESA AIR GROUP INC,4512,45,,"Transportation, Communications & Utilities",AZ
1469115,RIDGEDALE HOLDINGS INC.,6510,65,,"Finance, Insurance & Real Estate",GA
1888980,"LEAD REAL ESTATE CO., LTD",1531,15,,Construction,
1886362,"MOBILE GLOBAL ESPORTS, INC.",7900,79,,Services,CT
1598110,CYBERARK SOFTWARE LTD.,7372,73,Business Services & Software,Services,
1769697,SNOW LAKE RESOURCES LTD.,1090,10,,Mining,MB
1574676,"GALENFEHA, INC.",8711,87,"Engineering, Accounting & Management Services",Services,FL
23197,COMTECH TELECOMMUNICATIONS CORP /DE/,3663,36,Electronic & Electrical Equipment,Manufacturing,AZ
1415744,NORTHERN MINERALS & EXPLORATION LTD.,1040,10,,Mining,TX
1297341,KENTUCKY FIRST FEDERAL BANCORP,6035,60,Depository Institutions,"Finance, Insurance & Real Estate",KY
107687,WINNEBAGO INDUSTRIES INC,3716,37,Transportation Equipment,Manufacturing,MN
846377,"TOTALIGENT, INC.",6153,61,,"Finance, Insurance & Real Estate",FL
1168981,CORDOVACANN CORP.,7900,79,,Services,ON
1835256,"DUCKHORN PORTFOLIO, INC.",2080,20,Food & Kindred Products,Manufacturing,CA
1325670,PRIMIS FINANCIAL CORP.,6022,60,Depository Institutions,"Finance, Insurance & Real Estate",VA
1755101,APPLIFE DIGITAL SOLUTIONS INC,7374,73,Business Services & Software,Services,CA
1969401,LINKAGE GLOBAL INC,5961,59,Miscellaneous Retail,Retail Trade,
1873213,BIRDIE WIN CORP,8200,82,,Services,
1813744,"WORLD SCAN PROJECT, INC.",5045,50,Wholesale — Durable Goods,Wholesale Trade,
866787,AUTOZONE INC,5531,55,,Retail Trade,TN
1826000,"LATCH, INC.",5072,50,Wholesale — Durable Goods,Wholesale Trade,MO
1976663,"NEXSCIENT, INC.",7372,73,Business Services & Software,Services,CA
2016167,TRANSIT PRO TECH INC.,7372,73,Business Services & Software,Services,CA
1301236,SOTHERLY HOTELS INC.,6798,67,Holding & Investment Offices,"Finance, Insurance & Real Estate",VA
1746119,VANGUARD GREEN INVESTMENT LTD,7200,72,,Services,
1005731,IDT CORP,4813,48,Communications,"Transportation, Communications & Utilities",NJ
1023514,HARMONY GOLD MINING CO LTD,1040,10,,Mining,
1624985,TRIBAL RIDES INTERNATIONAL CORP.,7389,73,Business Services & Software,Services,CA
2031561,ALDEL FINANCIAL II INC.,6770,67,Holding & Investment Offices,"Finance, Insurance & Real Estate",IL
1696355,BRIGHT SCHOLAR EDUCATION HOLDINGS LTD,8200,82,,Services,
1553079,"EMPIRE STATE REALTY OP, L.P.",6798,67,Holding & Investment Offices,"Finance, Insurance & Real Estate",NY
1885849,TOFLA MEGALINE INC.,7372,73,Business Services & Software,Services,
1943444,TUNGRAY TECHNOLOGIES INC,3530,35,Industrial Machinery & Computer Equipment,Manufacturing,
2001557,"INNVENTURE, INC.",6770,67,Holding & Investment Offices,"Finance, Insurance & Real Estate",CA
1976695,MOBILE-HEALTH NETWORK SOLUTIONS,7372,73,Business Services & Software,Services,
839923,VODAFONE GROUP PUBLIC LTD CO,4812,48,Communications,"Transportation, Communications & Utilities",
825171,37 CAPITAL INC,1000,10,,Mining,BC
1504239,"POINT OF CARE NANO-TECHNOLOGY, INC.",2836,28,Chemicals & Pharmaceuticals,Manufacturing,NJ
1937737,MOOLEC SCIENCE SA,6770,67,Holding & Investment Offices,"Finance, Insurance & Real Estate",
1331612,"INNOVATIVE MEDTECH, INC.",8090,80,Health Services,Services,IL
1477246,S&W SEED CO,100,01,,"Agriculture, Forestry & Fishing",CO
1722731,"FDCTECH, INC.",7372,73,Business Services & Software,Services,CA
1610820,BRIACELL THERAPEUTICS CORP.,2834,28,Chemicals & Pharmaceuticals,Manufacturing,BC
2025341,ANDRETTI ACQUISITION CORP. II,6770,67,Holding & Investment Offices,"Finance, Insurance & Real Estate",IN
1908705,GLOBAL ENGINE GROUP HOLDING LTD,7374,73,Business Services & Software,Services,
1769484,BIOCERES CROP SOLUTIONS CORP.,2870,28,Chemicals & Pharmaceuticals,Manufacturing,
1897762,INGRAM MICRO HOLDING CORP,5045,50,Wholesale — Durable Goods,Wholesale Trade,CA
1515317,MAGELLAN COPPER & GOLD CORP,1000,10,,Mining,ID
1966750,ZHIBAO TECHNOLOGY INC.,6411,64,,"Finance, Insurance & Real Estate",
1397795,"BYRN, INC.",8741,87,"Engineering, Accounting & Management Services",Services,NV
1626644,"ODYSSEY HEALTH, INC.",3841,38,Instruments & Medical Devices,Manufacturing,NV
1424404,WOLVERINE RESOURCES CORP.,1000,10,,Mining,BC
1481646,"ACCOLADE, INC.",7389,73,Business Services & Software,Services,PA
1442492,"LAREDO OIL, INC.",1311,13,Oil & Gas Extraction,Mining,TX
1780731,"SUNRISE NEW ENERGY CO., LTD.",3690,36,Electronic & Electrical Equipment,Manufacturing,
2024203,CAYSON ACQUISITION CORP,6770,67,Holding & Investment Offices,"Finance, Insurance & Real Estate",NY
1584693,HEALTHCARE INTEGRATED TECHNOLOGIES INC.,7900,79,,Services,TN
1267395,ASPEN INSURANCE HOLDINGS LTD,6331,63,Insurance Carriers,"Finance, Insurance & Real Estate",
1949712,CLIMATEROCK HOLDINGS LTD,4911,49,"Electric, Gas & Sanitary Services","Transportation, Communications & Utilities",
1710495,PINEAPPLE EXPRESS CANNABIS CO,7372,73,Business Services & Software,Services,CA
1039466,NOVACCESS GLOBAL INC.,2834,28,Chemicals & Pharmaceuticals,Manufacturing,OH
2001699,HELPORT AI LTD,7372,73,Business Services & Software,Services,
1848334,"OKMIN RESOURCES, INC.",1311,13,Oil & Gas Extraction,Mining,CA
1974044,MONEYHERO LTD,7389,73,Business Services & Software,Services,
1335730,MIZUHO FINANCIAL GROUP INC,6021,60,Depository Institutions,"Finance, Insurance & Real Estate",
1962011,"KAIROS PHARMA, LTD.",2834,28,Chemicals & Pharmaceuticals,Manufacturing,CA
1702744,SIMPLY GOOD FOODS CO,2000,20,Food & Kindred Products,Manufacturing,CO
1625288,"NEXIEN BIOPHARMA, INC.",2834,28,Chemicals & Pharmaceuticals,Manufacturing,CO
1894630,"GORES HOLDINGS IX, INC.",6770,67,Holding & Investment Offices,"Finance, Insurance & Real Estate",CO
1951276,"SR BANCORP, INC.",6036,60,Depository Institutions,"Finance, Insurance & Real Estate",NJ
1903145,GORILLA TECHNOLOGY GROUP INC.,7372,73,Business Services & Software,Services,
1836754,LEGACY EDUCATION INC.,8200,82,,Services,CA
1331284,"DHT HOLDINGS, INC.",4412,44,,"Transportation, Communications & Utilities",
1989788,GURU APP FACTORY CORP,7371,73,Business Services & Software,Services,
1347491,ALEXANDER TECH CORP,6770,67,Holding & Investment Offices,"Finance, Insurance & Real Estate",CA
1889823,KWESST MICRO SYSTEMS INC.,7372,73,Business Services & Software,Services,ON
700764,"VICTORY CLEAN ENERGY, INC.",1311,13,Oil & Gas Extraction,Mining,TX
2011286,"AMENTUM HOLDINGS, INC.",7389,73,Business Services & Software,Services,VA
1437750,T-REX ACQUISITION CORP.,6199,61,,"Finance, Insurance & Real Estate",FL
2025774,ALPS GLOBAL HOLDING PUBCO,8000,80,Health Services,Services,
1869974,"OCEAN BIOMEDICAL, INC.",2834,28,Chemicals & Pharmaceuticals,Manufacturing,NY
1468639,"VICAPSYS LIFE SCIENCES, INC.",2834,28,Chemicals & Pharmaceuticals,Manufacturing,GA
1377789,"AVIAT NETWORKS, INC.",3663,36,Electronic & Electrical Equipment,Manufacturing,TX
1854572,ICZOOM GROUP INC.,5731,57,,Retail Trade,
1709941,"BIOAGE LABS, INC.",2834,28,Chemicals & Pharmaceuticals,Manufacturing,CA
1660046,IMMURON LTD,2834,28,Chemicals & Pharmaceuticals,Manufacturing,
924396,"OPENLOCKER HOLDINGS, INC.",6199,61,,"Finance, Insurance & Real Estate",FL
1997652,TAMBORAN RESOURCES CORP,1311,13,Oil & Gas Extraction,Mining,
2037396,EVERGREEN MERGER CORP,8742,87,"Engineering, Accounting & Management Services",Services,
719245,WESTPAC BANKING CORP,6029,60,Depository Institutions,"Finance, Insurance & Real Estate",
1953926,"ZENAS BIOPHARMA, INC.",2834,28,Chemicals & Pharmaceuticals,Manufacturing,MA
1802255,"GUARDIAN PHARMACY SERVICES, INC.",5912,59,Miscellaneous Retail,Retail Trade,GA
1754323,"X3 HOLDINGS CO., LTD.",7371,73,Business Services & Software,Services,
1301991,"SMARTMETRIC, INC.",3990,39,,Manufacturing,NV
2029303,TECH TONIC GROUP CORP.,7371,73,Business Services & Software,Services,
1422892,SINGULARITY FUTURE TECHNOLOGY LTD.,4731,47,,"Transportation, Communications & Utilities",NY
1463000,GROWN ROGUE INTERNATIONAL INC.,100,01,,"Agriculture, Forestry & Fishing",OR
1990950,SEMILUX INTERNATIONAL LTD.,3674,36,Electronic & Electrical Equipment,Manufacturing,
1121795,GHST WORLD INC.,7372,73,Business Services & Software,Services,FL
1984086,"SEPTERNA, INC.",2834,28,Chemicals & Pharmaceuticals,Manufacturing,CA
69422,INTERGROUP CORP,6513,65,,"Finance, Insurance & Real Estate",CA
1602409,"FINGERMOTION, INC.",7372,73,Business Services & Software,Services,
1313310,"GRAVITY CO., LTD.",7374,73,Business Services & Software,Services,
1556801,"MY CITY BUILDERS, INC.",6500,65,,"Finance, Insurance & Real Estate",FL
1998056,PREMIUM CATERING (HOLDINGS) LTD,5812,58,Eating & Drinking Places,Retail Trade,
1034957,CRESUD INC,6500,65,,"Finance, Insurance & Real Estate",
2032950,HORIZON SPACE ACQUISITION II CORP.,6770,67,Holding & Investment Offices,"Finance, Insurance & Real Estate",NY
1279704,"CELLECTAR BIOSCIENCES, INC.",2834,28,Chemicals & Pharmaceuticals,Manufacturing,NJ
1963439,"TURBO ENERGY, S.A.",3690,36,Electronic & Electrical Equipment,Manufacturing,
1782037,MINGZHU LOGISTICS HOLDINGS LTD,4700,47,,"Transportation, Communications & Utilities",
1975222,SSHT S&T GROUP LTD.,8742,87,"Engineering, Accounting & Management Services",Services,
1879848,PHOENIX MOTOR INC.,3713,37,Transportation Equipment,Manufacturing,CA
1898601,IPERIONX LTD,1090,10,,Mining,NC
2013639,"FB BANCORP, INC. /MD/",6036,60,Depository Institutions,"Finance, Insurance & Real Estate",LA
1592560,TCTM KIDS IT EDUCATION INC.,8200,82,,Services,
1935033,KEEMO FASHION GROUP LTD,5130,51,,Wholesale Trade,
1584754,"AKOUSTIS TECHNOLOGIES, INC.",3661,36,Electronic & Electrical Equipment,Manufacturing,NC
1756594,INVENTIVA S.A.,2834,28,Chemicals & Pharmaceuticals,Manufacturing,
1281845,"UNIQUE LOGISTICS INTERNATIONAL, INC.",4731,47,,"Transportation, Communications & Utilities",NY
1939780,U POWER LTD,3714,37,Transportation Equipment,Manufacturing,
1958713,NFT LTD,6199,61,,"Finance, Insurance & Real Estate",
1872812,TC BIOPHARM (HOLDINGS) PLC,2836,28,Chemicals & Pharmaceuticals,Manufacturing,
1852207,BOLD EAGLE ACQUISITION CORP.,6770,67,Holding & Investment Offices,"Finance, Insurance & Real Estate",NY
1978111,NAPLOY CORP.,8000,80,Health Services,Services,
1809158,KUKE MUSIC HOLDING LTD,8200,82,,Services,
1705402,"AGM GROUP HOLDINGS, INC.",7371,73,Business Services & Software,Services,
1905511,JE CLEANTECH HOLDINGS LTD,3990,39,,Manufacturing,
1658521,"MOUNTAIN TOP PROPERTIES, INC.",6770,67,Holding & Investment Offices,"Finance, Insurance & Real Estate",TX
316253,ENZO BIOCHEM INC,8071,80,Health Services,Services,NY
1294404,FANG HOLDINGS LTD,7374,73,Business Services & Software,Services,
1875609,SWVL HOLDINGS CORP,7389,73,Business Services & Software,Services,
2027317,CURBLINE PROPERTIES CORP.,6500,65,,"Finance, Insurance & Real Estate",NY
1769768,E-HOME HOUSEHOLD SERVICE HOLDINGS LTD,7600,76,,Services,
1796949,"GENFLAT HOLDINGS, INC.",8742,87,"Engineering, Accounting & Management Services",Services,UT
1483510,"EXP OLDCO WINDDOWN, INC.",5600,56,,Retail Trade,OH
2024459,CHARLTON ARIA ACQUISITION CORP,6770,67,Holding & Investment Offices,"Finance, Insurance & Real Estate",CA
1506184,IMMUTEP LTD,2834,28,Chemicals & Pharmaceuticals,Manufacturing,
1757840,INDONESIA ENERGY CORP LTD,1311,13,Oil & Gas Extraction,Mining,
1190370,INNOVATIVE DESIGNS INC,2390,23,,Manufacturing,PA
2010982,PALISADES VENTURE INC.,7374,73,Business Services & Software,Services,CA
933267,IRSA INVESTMENTS & REPRESENTATIONS INC,6552,65,,"Finance, Insurance & Real Estate",
811522,QUARTZ MOUNTAIN RESOURCES LTD,1040,10,,Mining,BC
1865468,KAIROUS ACQUISITION CORP. LTD,6770,67,Holding & Investment Offices,"Finance, Insurance & Real Estate",
1817740,AUSTIN GOLD CORP.,1040,10,,Mining,BC
1903995,MILLENNIUM GROUP INTERNATIONAL HOLDINGS LTD,2750,27,,Manufacturing,
1775085,CHINA LIBERAL EDUCATION HOLDINGS LTD,8200,82,,Services,
1442620,"RECON TECHNOLOGY, LTD",1389,13,Oil & Gas Extraction,Mining,
1668438,INTEGRATED MEDIA TECHNOLOGY LTD,3651,36,Electronic & Electrical Equipment,Manufacturing,
1682241,METALPHA TECHNOLOGY HOLDING LTD,6799,67,Holding & Investment Offices,"Finance, Insurance & Real Estate",
1494558,AMBOW EDUCATION HOLDING LTD.,8200,82,,Services,CA
1321828,DATA CALL TECHNOLOGIES,7389,73,Business Services & Software,Services,TX
1783407,SOUND GROUP INC.,7370,73,Business Services & Software,Services,
1497649,GRAPHENE & SOLAR TECHNOLOGIES LTD,1000,10,,Mining,AZ
1976443,SILYNXCOM LTD.,3651,36,Electronic & Electrical Equipment,Manufacturing,
1776111,"MBX BIOSCIENCES, INC.",2834,28,Chemicals & Pharmaceuticals,Manufacturing,IN
2028336,NEW ERA HELIUM INC.,1311,13,Oil & Gas Extraction,Mining,TX
1812447,SKY QUARRY INC.,4955,49,"Electric, Gas & Sanitary Services","Transportation, Communications & Utilities",UT
2028027,NEWBURY STREET II ACQUISITION CORP,6770,67,Holding & Investment Offices,"Finance, Insurance & Real Estate",MA
720762,NON INVASIVE MONITORING SYSTEMS INC /FL/,3845,38,Instruments & Medical Devices,Manufacturing,FL
1541401,"EMPIRE STATE REALTY TRUST, INC.",6798,67,Holding & Investment Offices,"Finance, Insurance & Real Estate",NY
1854795,INTEGRATED RAIL & RESOURCES ACQUISITION CORP,6770,67,Holding & Investment Offices,"Finance, Insurance & Real Estate",FL
737758,TORO CO,3524,35,Industrial Machinery & Computer Equipment,Manufacturing,MN
1616788,LEGACY VENTURES INTERNATIONAL INC.,3841,38,Instruments & Medical Devices,Manufacturing,ON
723125,MICRON TECHNOLOGY INC,3674,36,Electronic & Electrical Equipment,Manufacturing,ID
1829667,REGENCELL BIOSCIENCE HOLDINGS LTD,2833,28,Chemicals & Pharmaceuticals,Manufacturing,
704172,PHI GROUP INC,8741,87,"Engineering, Accounting & Management Services",Services,NV
899394,"HARBOR DIVERSIFIED, INC.",4512,45,,"Transportation, Communications & Utilities",WI
1825875,ERAYAK POWER SOLUTION GROUP INC.,3621,36,Electronic & Electrical Equipment,Manufacturing,
1890361,ASPAC III ACQUISITION CORP.,6770,67,Holding & Investment Offices,"Finance, Insurance & Real Estate",
2028707,BLEICHROEDER ACQUISITION CORP. I,6770,67,Holding & Investment Offices,"Finance, Insurance & Real Estate",NY
1838406,BKV CORP,1311,13,Oil & Gas Extraction,Mining,CO
1823882,AIRSPAN NETWORKS HOLDINGS INC.,3663,36,Electronic & Electrical Equipment,Manufacturing,FL
1871983,ANGHAMI INC,4899,48,Communications,"Transportation, Communications & Utilities",
1639327,ZHUOXUN HONGTU INC.,7363,73,Business Services & Software,Services,
2027537,GOLDMAN SACHS REAL ESTATE FINANCE TRUST INC,6798,67,Holding & Investment Offices,"Finance, Insurance & Real Estate",NY
1967478,CAPTIVISION INC.,3690,36,Electronic & Electrical Equipment,Manufacturing,
1499849,BRASILAGRO - BRAZILIAN AGRICULTURAL REAL ESTATE CO,100,01,,"Agriculture, Forestry & Fishing",
2003061,STAR FASHION CULTURE HOLDINGS LTD,7310,73,Business Services & Software,Services,
1971828,ENERGYS GROUP LTD,1731,17,,Construction,
1755058,ATIF HOLDINGS LTD,8742,87,"Engineering, Accounting & Management Services",Services,CA
1010134,ICTS INTERNATIONAL N V,7389,73,Business Services & Software,Services,
914712,"STEEL CONNECT, INC.",7389,73,Business Services & Software,Services,NY
812306,PROCYON CORP,2834,28,Chemicals & Pharmaceuticals,Manufacturing,FL
1482554,"HARTFORD CREATIVE GROUP, INC.",7374,73,Business Services & Software,Services,CA
1173420,NOVAGOLD RESOURCES INC,1040,10,,Mining,UT
1948099,MINGTENG INTERNATIONAL CORP INC.,3442,34,,Manufacturing,
1506929,"VERDE RESOURCES, INC.",1040,10,,Mining,MO
2011053,SOLARBANK CORP,4931,49,"Electric, Gas & Sanitary Services","Transportation, Communications & Utilities",ON
2013807,FOXX DEVELOPMENT HOLDINGS INC.,3576,35,Industrial Machinery & Computer Equipment,Manufacturing,TX
1713863,"RAFAEL HOLDINGS, INC.",2834,28,Chemicals & Pharmaceuticals,Manufacturing,NJ
1785493,PHOENIX PLUS CORP.,1700,17,,Construction,
1679628,"JUPITER NEUROSCIENCES, INC.",2834,28,Chemicals & Pharmaceuticals,Manufacturing,FL
1004315,NATIONAL GRID PLC,4922,49,"Electric, Gas & Sanitary Services","Transportation, Communications & Utilities",
1735556,BIT ORIGIN LTD,6199,61,,"Finance, Insurance & Real Estate",
1892316,LONGDUODUO CO LTD,8000,80,Health Services,Services,
909832,COSTCO WHOLESALE CORP /NEW,5331,53,,Retail Trade,WA
1874252,MAINZ BIOMED N.V.,2834,28,Chemicals & Pharmaceuticals,Manufacturing,
2009312,AUREUS GREENWAY HOLDINGS INC,7997,79,,Services,FL
1844450,ELECTROVAYA INC.,3690,36,Electronic & Electrical Equipment,Manufacturing,ON
1788230,"HERITAGE DISTILLING HOLDING COMPANY, INC.",2080,20,Food & Kindred Products,Manufacturing,WA
2023730,GIGCAPITAL7 CORP.,6770,67,Holding & Investment Offices,"Finance, Insurance & Real Estate",CA
2022626,"UPSTREAM BIO, INC.",2834,28,Chemicals & Pharmaceuticals,Manufacturing,MA
1774983,BROOGE ENERGY LTD,2911,29,,Manufacturing,
1020859,UNITED NATURAL FOODS INC,5141,51,,Wholesale Trade,RI
2024218,SUMMIT MIDSTREAM CORP,4922,49,"Electric, Gas & Sanitary Services","Transportation, Communications & Utilities",TX
1948697,SIMPPLE LTD.,8744,87,"Engineering, Accounting & Management Services",Services,
1667313,"ZEDGE, INC.",7372,73,Business Services & Software,Services,NY
1966983,LITHIUM AMERICAS CORP.,1000,10,,Mining,BC
1951089,CRITICAL METALS CORP.,1000,10,,Mining,
1957489,ABLE VIEW GLOBAL INC.,5960,59,Miscellaneous Retail,Retail Trade,
1130781,NEURALBASE AI LTD.,7812,78,,Services,
1829959,DOCEBO INC.,7372,73,Business Services & Software,Services,
1988776,MURANO GLOBAL INVESTMENTS PLC,7011,70,,Services,
1959994,AUSTRALIAN OILSEEDS HOLDINGS LTD,2070,20,Food & Kindred Products,Manufacturing,
1444406,ECOPETROL S.A.,1311,13,Oil & Gas Extraction,Mining,
1720424,HIVE DIGITAL TECHNOLOGIES LTD.,6199,61,,"Finance, Insurance & Real Estate",BC
1463208,"TRANSPORTATION & LOGISTICS SYSTEMS, INC.",4700,47,,"Transportation, Communications & Utilities",FL
1766267,SYNERGY EMPIRE LTD,5812,58,Eating & Drinking Places,Retail Trade,
1593184,"BIOREGENX, INC.",7370,73,Business Services & Software,Services,TN
2010788,EXOZYMES INC.,2836,28,Chemicals & Pharmaceuticals,Manufacturing,CA
1620737,ORGANIGRAM HOLDINGS INC.,2834,28,Chemicals & Pharmaceuticals,Manufacturing,NB
1903709,ANGKASA-X HOLDINGS CORP.,4899,48,Communications,"Transportation, Communications & Utilities",
1945711,LAVORO LTD,5900,59,Miscellaneous Retail,Retail Trade,
887153,"GRUPO SIMEC, S.A.B. DE C.V.",3312,33,,Manufacturing,
836157,LINDSAY CORP,3523,35,Industrial Machinery & Computer Equipment,Manufacturing,NE
773318,VERITEC INC,8741,87,"Engineering, Accounting & Management Services",Services,MN
1859690,ARQIT QUANTUM INC.,7372,73,Business Services & Software,Services,
1957538,ESGL HOLDINGS LTD,4953,49,"Electric, Gas & Sanitary Services","Transportation, Communications & Utilities",
1144215,ACUITY BRANDS INC,3640,36,Electronic & Electrical Equipment,Manufacturing,GA
1114700,GRUPO FINANCIERO GALICIA SA,6029,60,Depository Institutions,"Finance, Insurance & Real Estate",
1350156,PREAXIA HEALTH CARE PAYMENT SYSTEMS INC.,5700,57,,Retail Trade,AB
2029023,GSR III ACQUISITION CORP.,6770,67,Holding & Investment Offices,"Finance, Insurance & Real Estate",TX
2026738,FORTRESS CREDIT REALTY INCOME TRUST,6798,67,Holding & Investment Offices,"Finance, Insurance & Real Estate",NY
1475260,CENOVUS ENERGY INC.,1311,13,Oil & Gas Extraction,Mining,AB
1709048,GLOBALFOUNDRIES INC.,3674,36,Electronic & Electrical Equipment,Manufacturing,NY
2015845,"EVERUS CONSTRUCTION GROUP, INC.",1531,15,,Construction,ND
1610590,CHECK-CAP LTD,3844,38,Instruments & Medical Devices,Manufacturing,
2018145,RISING DRAGON ACQUISITION CORP.,6770,67,Holding & Investment Offices,"Finance, Insurance & Real Estate",
1924064,ROYALAND CO LTD.,7372,73,Business Services & Software,Services,CO
1430162,COSAN S.A.,5500,55,,Retail Trade,
1061574,CGI INC,8742,87,"Engineering, Accounting & Management Services",Services,QC
1006028,"PURE BIOSCIENCE, INC.",2890,28,Chemicals & Pharmaceuticals,Manufacturing,CA
94845,LEVI STRAUSS & CO,2300,23,,Manufacturing,CA
1859807,NORTHVIEW ACQUISITION CORP,3841,38,Instruments & Medical Devices,Manufacturing,NY
1424864,RISE GOLD CORP.,1000,10,,Mining,BC
1871890,GALAXY ENTERPRISES INC. /WY/,6531,65,,"Finance, Insurance & Real Estate",NV
1897087,JUNEE LTD,8742,87,"Engineering, Accounting & Management Services",Services,
2020987,YHN ACQUISITION I LTD,6770,67,Holding & Investment Offices,"Finance, Insurance & Real Estate",
793628,CHINA NATURAL RESOURCES INC,1040,10,,Mining,
1972074,LINKERS INDUSTRIES LTD,3670,36,Electronic & Electrical Equipment,Manufacturing,
1540013,QUIPT HOME MEDICAL CORP.,8090,80,Health Services,Services,KY
1414382,CONCRETE LEVELING SYSTEMS INC,3590,35,Industrial Machinery & Computer Equipment,Manufacturing,OH
1888525,U-BX TECHNOLOGY LTD.,7370,73,Business Services & Software,Services,
1965052,MARBLEGATE CAPITAL CORP,6199,61,,"Finance, Insurance & Real Estate",NY
1381074,BAIJIAYUN GROUP LTD,7372,73,Business Services & Software,Services,
1825570,PATRIA INVESTMENTS LTD,6282,62,,"Finance, Insurance & Real Estate",
1736730,CAMP4 THERAPEUTICS CORP,2834,28,Chemicals & Pharmaceuticals,Manufacturing,MA
1896084,IONEER LTD,1400,14,,Mining,
857949,ENLIGHTIFY INC.,2870,28,Chemicals & Pharmaceuticals,Manufacturing,
2021031,"TREASURE HOLDCO, INC.",2621,26,,Manufacturing,IN
1928581,FITELL CORP,3949,39,,Manufacturing,
1783036,NLS PHARMACEUTICS LTD.,2834,28,Chemicals & Pharmaceuticals,Manufacturing,
1095052,PLATINUM GROUP METALS LTD,1040,10,,Mining,BC
1481504,"XERIANT, INC.",3721,37,Transportation Equipment,Manufacturing,FL
1940243,GLOBAL-SMART.TECH,6199,61,,"Finance, Insurance & Real Estate",
1861107,"CERIBELL, INC.",3845,38,Instruments & Medical Devices,Manufacturing,CA
54187,MAYS J W INC,6512,65,,"Finance, Insurance & Real Estate",NY
1815021,BOQII HOLDING LTD,5990,59,Miscellaneous Retail,Retail Trade,
1416090,INCEPTION MINING INC.,1040,10,,Mining,UT
1999297,BIG TREE CLOUD HOLDINGS LTD,2670,26,,Manufacturing,
1959585,PROTOPIA GLOBAL HOLDINGS INC.,8742,87,"Engineering, Accounting & Management Services",Services,
1816815,BON NATURAL LIFE LTD,2833,28,Chemicals & Pharmaceuticals,Manufacturing,
1043150,"ELINE ENTERTAINMENT GROUP, INC.",1520,15,,Construction,
1930179,ARB IOT GROUP LTD,7373,73,Business Services & Software,Services,
1392272,CHAIN BRIDGE BANCORP INC,6021,60,Depository Institutions,"Finance, Insurance & Real Estate",VA
1687277,"RETO ECO-SOLUTIONS, INC.",3290,32,,Manufacturing,
1418372,"SALAMANDER INNISBROOK, LLC",7900,79,,Services,FL
1866782,"CODERE ONLINE LUXEMBOURG, S.A.",7990,79,,Services,
1750264,HIGHEST PERFORMANCES HOLDINGS INC.,6282,62,,"Finance, Insurance & Real Estate",
1770501,VENU HOLDING CORP,7900,79,,Services,CO
1346287,CHINA TELETECH HOLDING INC,4899,48,Communications,"Transportation, Communications & Utilities",
1367408,SINO AMERICAN OIL CO,1311,13,Oil & Gas Extraction,Mining,WY
63754,MCCORMICK & CO INC,2090,20,Food & Kindred Products,Manufacturing,MD
1347123,"EBR SYSTEMS, INC.",3841,38,Instruments & Medical Devices,Manufacturing,CA
1847846,EUDA HEALTH HOLDINGS LTD,8000,80,Health Services,Services,
33002,"ENNIS, INC.",2761,27,,Manufacturing,TX
1022837,"SUMITOMO MITSUI FINANCIAL GROUP, INC.",6029,60,Depository Institutions,"Finance, Insurance & Real Estate",
725394,DALRADA FINANCIAL CORP,7363,73,Business Services & Software,Services,CA
1725033,X FINANCIAL,6199,61,,"Finance, Insurance & Real Estate",
1812477,BITFARMS LTD,6199,61,,"Finance, Insurance & Real Estate",ON
1593001,"NIGHTFOOD HOLDINGS, INC.",2060,20,Food & Kindred Products,Manufacturing,NY
1916879,"VECTOR 21 HOLDINGS, INC.",6770,67,Holding & Investment Offices,"Finance, Insurance & Real Estate",CO
1639142,AETHER GLOBAL INNOVATIONS CORP.,1040,10,,Mining,BC
1729944,"IMAC HOLDINGS, INC.",8093,80,Health Services,Services,TN
1951294,VS MEDIA HOLDINGS LTD,7311,73,Business Services & Software,Services,
103595,VILLAGE SUPER MARKET INC,5411,54,,Retail Trade,NJ
1487839,LUOKUNG TECHNOLOGY CORP.,7371,73,Business Services & Software,Services,
1823000,CONX CORP.,6510,65,,"Finance, Insurance & Real Estate",CO
1166663,TSAKOS ENERGY NAVIGATION LTD,4412,44,,"Transportation, Communications & Utilities",
1756699,UP FINTECH HOLDING LTD,6211,62,,"Finance, Insurance & Real Estate",
1785566,ZHONGCHAO INC.,8200,82,,Services,
1964314,JBDI HOLDINGS LTD,3412,34,,Manufacturing,
2042694,PRIMO BRANDS CORP,2080,20,Food & Kindred Products,Manufacturing,FL
920760,LENNAR CORP /NEW/,1520,15,,Construction,FL
1896425,LI BANG INTERNATIONAL CORP INC.,3580,35,Industrial Machinery & Computer Equipment,Manufacturing,
2010653,FUTURE VISION II ACQUISITION CORP.,7373,73,Business Services & Software,Services,
2012383,"BLACKROCK, INC.",6211,62,,"Finance, Insurance & Real Estate",NY
1562733,SYNERGY CHC CORP.,2833,28,Chemicals & Pharmaceuticals,Manufacturing,ME
74046,OIL-DRI CORP OF AMERICA,3990,39,,Manufacturing,IL
1932213,BLUE CHIP CAPITAL GROUP INC.,6199,61,,"Finance, Insurance & Real Estate",CA
2018064,"TORO COMBINECO, INC.",4822,48,Communications,"Transportation, Communications & Utilities",MA
1954594,HAOXI HEALTH TECHNOLOGY LTD,7311,73,Business Services & Software,Services,
1163653,NOMURA HOLDINGS INC,6211,62,,"Finance, Insurance & Real Estate",
1865602,"CANTOR EQUITY PARTNERS, INC.",6770,67,Holding & Investment Offices,"Finance, Insurance & Real Estate",NY
2000640,DAMON INC.,3751,37,Transportation Equipment,Manufacturing,BC
1940941,MF INTERNATIONAL LTD,7371,73,Business Services & Software,Services,
1724542,CLPS INC,7372,73,Business Services & Software,Services,
1502152,GLOBESTAR THERAPEUTICS CORP,2834,28,Chemicals & Pharmaceuticals,Manufacturing,WA
1734005,APTORUM GROUP LTD,2834,28,Chemicals & Pharmaceuticals,Manufacturing,
1920092,GELTEQ LTD,2834,28,Chemicals & Pharmaceuticals,Manufacturing,
1075880,KAZIA THERAPEUTICS LTD,2834,28,Chemicals & Pharmaceuticals,Manufacturing,
1629665,"MULIANG VIAGOO TECHNOLOGY, INC.",2870,28,Chemicals & Pharmaceuticals,Manufacturing,
902791,BARRETT BUSINESS SERVICES INC,7363,73,Business Services & Software,Services,WA
1947210,"HIGH ROLLER TECHNOLOGIES, INC.",7900,79,,Services,NV
1392326,CAPITAL CLEAN ENERGY CARRIERS CORP.,4412,44,,"Transportation, Communications & Utilities",
2023153,HOMESTOLIFE LTD,5712,57,,Retail Trade,
2023658,BICARA THERAPEUTICS INC.,2834,28,Chemicals & Pharmaceuticals,Manufacturing,MA
1770088,WIMI HOLOGRAM CLOUD INC.,7372,73,Business Services & Software,Services,
2023676,LAUNCH TWO ACQUISITION CORP.,6770,67,Holding & Investment Offices,"Finance, Insurance & Real Estate",CA
1668370,"TOUGHBUILT INDUSTRIES, INC",3420,34,,Manufacturing,CA
2020919,DELTASOFT CORP,7371,73,Business Services & Software,Services,WY
22444,COMMERCIAL METALS CO,3312,33,,Manufacturing,TX
1988494,"FRONTVIEW REIT, INC.",6798,67,Holding & Investment Offices,"Finance, Insurance & Real Estate",TX
1592057,ENVIVA INC.,2400,24,,Manufacturing,MD
2025410,"STANDARDAERO, INC.",3724,37,Transportation Equipment,Manufacturing,AZ
1062579,AMDOCS LTD,7371,73,Business Services & Software,Services,
1807389,"POP CULTURE GROUP CO., LTD",7900,79,,Services,
16868,CANADIAN NATIONAL RAILWAY CO,4011,40,,"Transportation, Communications & Utilities",QC
91388,SMITHFIELD FOODS INC,2011,20,Food & Kindred Products,Manufacturing,VA
733099,ROGERS COMMUNICATIONS INC,4841,48,Communications,"Transportation, Communications & Utilities",ON
313216,KONINKLIJKE PHILIPS NV,3844,38,Instruments & Medical Devices,Manufacturing,
771992,PAN AMERICAN SILVER CORP,1040,10,,Mining,BC
800166,NEW GOLD INC. /FI,1000,10,,Mining,ON
814052,TELEFONICA S A,4813,48,Communications,"Transportation, Communications & Utilities",
911971,TEEKAY CORP LTD,4412,44,,"Transportation, Communications & Utilities",
864749,TRIMBLE INC.,3829,38,Instruments & Medical Devices,Manufacturing,CO
2033615,"MAGNOLIA BANCORP, INC.",6035,60,Depository Institutions,"Finance, Insurance & Real Estate",LA
886986,TECK RESOURCES LTD,1400,14,,Mining,BC
924613,NOKIA CORP,3663,36,Electronic & Electrical Equipment,Manufacturing,
1110795,METLIFE POLICYHOLDER TRUST,6311,63,Insurance Carriers,"Finance, Insurance & Real Estate",DE
918608,ELDORADO GOLD CORP /FI,1040,10,,Mining,BC
937966,ASML HOLDING NV,3559,35,Industrial Machinery & Computer Equipment,Manufacturing,
932787,STMICROELECTRONICS N.V.,3674,36,Electronic & Electrical Equipment,Manufacturing,
1638826,"SERVICETITAN, INC.",7372,73,Business Services & Software,Services,CA
1674632,"BETA BIONICS, INC.",3841,38,Instruments & Medical Devices,Manufacturing,CA
1003935,NICE LTD.,7372,73,Business Services & Software,Services,
1710350,"BIT DIGITAL, INC",6199,61,,"Finance, Insurance & Real Estate",NY
2039058,JACKSON ACQUISITION CO II,6770,67,Holding & Investment Offices,"Finance, Insurance & Real Estate",GA
1904856,ENERFLEX LTD.,3560,35,Industrial Machinery & Computer Equipment,Manufacturing,
2028201,COLUMBUS ACQUISITION CORP/CAYMAN ISLANDS,6770,67,Holding & Investment Offices,"Finance, Insurance & Real Estate",
1868395,PLANET IMAGE INTERNATIONAL LTD,3555,35,Industrial Machinery & Computer Equipment,Manufacturing,
1932737,"NWTN, INC.",3711,37,Transportation Equipment,Manufacturing,
1440972,LITHIUM ARGENTINA AG,1000,10,,Mining,
2017758,LINKHOME HOLDINGS INC.,6531,65,,"Finance, Insurance & Real Estate",CA
1816017,"SPIRE GLOBAL, INC.",4899,48,Communications,"Transportation, Communications & Utilities",VA
1955104,ZAPP ELECTRIC VEHICLES GROUP LTD,3751,37,Transportation Equipment,Manufacturing,
1978954,BBB FOODS INC,5411,54,,Retail Trade,
78150,PLDT INC.,4813,48,Communications,"Transportation, Communications & Utilities",
1479615,SILENCE THERAPEUTICS PLC,2834,28,Chemicals & Pharmaceuticals,Manufacturing,
1016838,RADCOM LTD,3577,35,Industrial Machinery & Computer Equipment,Manufacturing,
1953575,COLLECTIVE MINING LTD.,1040,10,,Mining,ON
1843586,OATLY GROUP AB,2000,20,Food & Kindred Products,Manufacturing,
2030829,AIFEEX NEXUS ACQUISITION CORP.,6770,67,Holding & Investment Offices,"Finance, Insurance & Real Estate",DE
1775898,UCLOUDLINK GROUP INC.,4899,48,Communications,"Transportation, Communications & Utilities",
1845840,TELESAT CORP,4899,48,Communications,"Transportation, Communications & Utilities",ON
1625791,KORNIT DIGITAL LTD.,3555,35,Industrial Machinery & Computer Equipment,Manufacturing,
885740,SAPIENS INTERNATIONAL CORP N V,7372,73,Business Services & Software,Services,
1015820,QIAGEN N.V.,2836,28,Chemicals & Pharmaceuticals,Manufacturing,
1017413,CANADIAN NATURAL RESOURCES LTD,1311,13,Oil & Gas Extraction,Mining,AB
1026980,ASIA PACIFIC WIRE & CABLE CORP LTD,3357,33,,Manufacturing,
1834489,GENIUS SPORTS LTD,7990,79,,Services,
2028935,FACT II ACQUISITION CORP.,6770,67,Holding & Investment Offices,"Finance, Insurance & Real Estate",NY
1231346,SEABRIDGE GOLD INC,1040,10,,Mining,ON
1861841,ARBE ROBOTICS LTD.,7373,73,Business Services & Software,Services,
1030894,CELESTICA INC,3672,36,Electronic & Electrical Equipment,Manufacturing,ON
2027708,"CANTOR EQUITY PARTNERS I, INC.",6770,67,Holding & Investment Offices,"Finance, Insurance & Real Estate",NY
1588823,TFI INTERNATIONAL INC.,4210,42,,"Transportation, Communications & Utilities",QC
1722608,"IQIYI, INC.",7841,78,,Services,
1085921,MICROMEM TECHNOLOGIES INC,7371,73,Business Services & Software,Services,ON
1277866,ENDEAVOUR SILVER CORP,1040,10,,Mining,BC
1377757,GALIANO GOLD INC.,1400,14,,Mining,BC
1364125,WESTERN COPPER & GOLD CORP,1000,10,,Mining,BC
1027552,BANCO SANTANDER CHILE,6029,60,Depository Institutions,"Finance, Insurance & Real Estate",
1061894,GILDAN ACTIVEWEAR INC.,2300,23,,Manufacturing,QC
1071371,BANCOLOMBIA SA,6029,60,Depository Institutions,"Finance, Insurance & Real Estate",
1601280,"MEDIXALL GROUP, INC.",4011,40,,"Transportation, Communications & Utilities",FL
1086888,MANULIFE FINANCIAL CORP,6311,63,Insurance Carriers,"Finance, Insurance & Real Estate",ON
1766600,SNDL INC.,2833,28,Chemicals & Pharmaceuticals,Manufacturing,AB
1124804,VERADIGM INC.,7373,73,Business Services & Software,Services,IL
1834026,GOLD ROYALTY CORP.,1040,10,,Mining,BC
1097362,SUN LIFE FINANCIAL INC,6311,63,Insurance Carriers,"Finance, Insurance & Real Estate",ON
2040807,"METSERA, INC.",2834,28,Chemicals & Pharmaceuticals,Manufacturing,NY
1203464,IAMGOLD CORP,1040,10,,Mining,ON
1722387,INTEGRA RESOURCES CORP.,1040,10,,Mining,BC
1322422,HUDBAY MINERALS INC.,1000,10,,Mining,ON
1722606,METALLA ROYALTY & STREAMING LTD.,1040,10,,Mining,BC
1429937,B2GOLD CORP,1040,10,,Mining,BC
1997296,MEDICUS PHARMA LTD.,2834,28,Chemicals & Pharmaceuticals,Manufacturing,PA
1627272,OSISKO GOLD ROYALTIES LTD,1040,10,,Mining,QC
878518,TASEKO MINES LTD,1040,10,,Mining,BC
1400438,LARGO INC.,1400,14,,Mining,ON
915191,FAIRFAX FINANCIAL HOLDINGS LTD/ CAN,6331,63,Insurance Carriers,"Finance, Insurance & Real Estate",ON
1598655,GASLOG PARTNERS LP,4400,44,,"Transportation, Communications & Utilities",
1063259,DENISON MINES CORP.,1090,10,,Mining,ON
2047235,"WINCHESTER BANCORP, INC./MD/",6036,60,Depository Institutions,"Finance, Insurance & Real Estate",MA
1849853,STEVANATO GROUP S.P.A.,3841,38,Instruments & Medical Devices,Manufacturing,
1334388,OBSIDIAN ENERGY LTD.,1311,13,Oil & Gas Extraction,Mining,AB
1793663,VTEX,7372,73,Business Services & Software,Services,
1114445,HYDRO ONE INC,4911,49,"Electric, Gas & Sanitary Services","Transportation, Communications & Utilities",ON
1129928,ONCOLYTICS BIOTECH INC,2834,28,Chemicals & Pharmaceuticals,Manufacturing,AB
1131383,STANTEC INC,8711,87,"Engineering, Accounting & Management Services",Services,AB
1131399,GSK PLC,2834,28,Chemicals & Pharmaceuticals,Manufacturing,
1985487,JOINT STOCK CO KASPI.KZ,7389,73,Business Services & Software,Services,
1013605,PRECISION DRILLING CORP,1381,13,Oil & Gas Extraction,Mining,AB
2809,AGNICO EAGLE MINES LTD,1040,10,,Mining,ON
1745201,VIKING HOLDINGS LTD,4400,44,,"Transportation, Communications & Utilities",CA
2007191,TELIX PHARMACEUTICALS LTD,2834,28,Chemicals & Pharmaceuticals,Manufacturing,
1733861,REST EZ INC.,2834,28,Chemicals & Pharmaceuticals,Manufacturing,UT
1742692,INMODE LTD.,3845,38,Instruments & Medical Devices,Manufacturing,
1762301,FIVERR INTERNATIONAL LTD.,7389,73,Business Services & Software,Services,
1109345,NOVA LTD.,3827,38,Instruments & Medical Devices,Manufacturing,
1847462,AYR WELLNESS INC.,2833,28,Chemicals & Pharmaceuticals,Manufacturing,ON
930157,RENTOKIL INITIAL PLC /FI,8741,87,"Engineering, Accounting & Management Services",Services,
1116578,PRUDENTIAL PLC,6311,63,Insurance Carriers,"Finance, Insurance & Real Estate",
701818,KINROSS GOLD CORP,1040,10,,Mining,ON
1649313,BW LPG LTD,4700,47,,"Transportation, Communications & Utilities",
1950246,MAC COPPER LTD,1000,10,,Mining,
913353,COLLIERS INTERNATIONAL GROUP INC.,6500,65,,"Finance, Insurance & Real Estate",ON
1098009,AMERICA GREAT HEALTH,2834,28,Chemicals & Pharmaceuticals,Manufacturing,CA
1849396,NEXXEN INTERNATIONAL LTD.,7370,73,Business Services & Software,Services,
1504379,CAESARSTONE LTD.,3281,32,,Manufacturing,
1654126,ZIM INTEGRATED SHIPPING SERVICES LTD.,4412,44,,"Transportation, Communications & Utilities",
941221,ICL GROUP LTD.,2870,28,Chemicals & Pharmaceuticals,Manufacturing,
916793,SILICOM LTD.,3576,35,Industrial Machinery & Computer Equipment,Manufacturing,
1030997,G WILLI FOOD INTERNATIONAL LTD,5141,51,,Wholesale Trade,
1015922,CHECK POINT SOFTWARE TECHNOLOGIES LTD,7372,73,Business Services & Software,Services,
1338940,PERION NETWORK LTD.,7371,73,Business Services & Software,Services,
808439,TAT TECHNOLOGIES LTD,3724,37,Transportation Equipment,Manufacturing,
1140625,EQUINOR ASA,2911,29,,Manufacturing,
1144800,TRANSALTA CORP,4911,49,"Electric, Gas & Sanitary Services","Transportation, Communications & Utilities",AB
2035644,RANGE CAPITAL ACQUISITION CORP.,6770,67,Holding & Investment Offices,"Finance, Insurance & Real Estate",NY
1780232,GFL ENVIRONMENTAL INC.,4953,49,"Electric, Gas & Sanitary Services","Transportation, Communications & Utilities",ON
1000184,SAP SE,7372,73,Business Services & Software,Services,
932470,TELECOM ARGENTINA SA,4813,48,Communications,"Transportation, Communications & Utilities",
1637810,FIRSTSERVICE CORP,6500,65,,"Finance, Insurance & Real Estate",ON
1230992,MAG SILVER CORP,1040,10,,Mining,BC
1848309,SIGMA LITHIUM CORP,1000,10,,Mining,
1172724,GOLD FIELDS LTD,1040,10,,Mining,
1835963,GLOBAL-E ONLINE LTD.,7372,73,Business Services & Software,Services,
1922641,ENLIGHT RENEWABLE ENERGY LTD.,4911,49,"Electric, Gas & Sanitary Services","Transportation, Communications & Utilities",
1094366,RADWARE LTD,7389,73,Business Services & Software,Services,
1099234,"FRANKSPEECH NETWORK, INC.",7841,78,,Services,WY
1178819,ALAMOS GOLD INC,1040,10,,Mining,ON
1127248,EMERA INC,4911,49,"Electric, Gas & Sanitary Services","Transportation, Communications & Utilities",NS
1512717,THERATECHNOLOGIES INC.,2834,28,Chemicals & Pharmaceuticals,Manufacturing,QC
858446,INTERCONTINENTAL HOTELS GROUP PLC /NEW/,7011,70,,Services,
1967621,ALPHA TECHNOLOGY GROUP LTD,7371,73,Business Services & Software,Services,
1808110,DDC ENTERPRISE LTD,2000,20,Food & Kindred Products,Manufacturing,NY
1969863,SU GROUP HOLDINGS LTD,7381,73,Business Services & Software,Services,
1967822,CREATIVE GLOBAL TECHNOLOGY HOLDINGS LTD,5045,50,Wholesale — Durable Goods,Wholesale Trade,
1806524,LION GROUP HOLDING LTD,6211,62,,"Finance, Insurance & Real Estate",
1872525,"STRAN & COMPANY, INC.",7311,73,Business Services & Software,Services,MA
1958133,DECENT HOLDING INC.,4950,49,"Electric, Gas & Sanitary Services","Transportation, Communications & Utilities",
1614744,PURPLE BIOTECH LTD.,2834,28,Chemicals & Pharmaceuticals,Manufacturing,
1819794,FUSION FUEL GREEN PLC,3620,36,Electronic & Electrical Equipment,Manufacturing,
1893645,POLYRIZON LTD.,2834,28,Chemicals & Pharmaceuticals,Manufacturing,IL
2033383,CSLM HOLDINGS INC.,7373,73,Business Services & Software,Services,FL
717826,ERICSSON LM TELEPHONE CO,3663,36,Electronic & Electrical Equipment,Manufacturing,
1860805,ALGOMA STEEL GROUP INC.,3312,33,,Manufacturing,ON
1734107,SOHU.COM LTD,7374,73,Business Services & Software,Services,
938323,PEARSON PLC,2731,27,,Manufacturing,
1781397,EPICQUEST EDUCATION GROUP INTERNATIONAL LTD,8200,82,,Services,OH
1965143,NVNI GROUP LTD,7372,73,Business Services & Software,Services,
1765850,PRESTIGE WEALTH INC.,6199,61,,"Finance, Insurance & Real Estate",
2019505,"HEALTH IN TECH, INC.",6411,64,,"Finance, Insurance & Real Estate",FL
1119083,MIND CTI LTD,7371,73,Business Services & Software,Services,
2029492,MOUNTAIN LAKE ACQUISITION CORP.,6770,67,Holding & Investment Offices,"Finance, Insurance & Real Estate",NV
1966287,GREENFIRE RESOURCES LTD.,1311,13,Oil & Gas Extraction,Mining,AB
2028699,DYNAMIX CORP,6770,67,Holding & Investment Offices,"Finance, Insurance & Real Estate",
1471055,BANCO SANTANDER (BRASIL) S.A.,6029,60,Depository Institutions,"Finance, Insurance & Real Estate",
1279495,BAYTEX ENERGY CORP.,1381,13,Oil & Gas Extraction,Mining,AB
1929783,WORK MEDICAL TECHNOLOGY GROUP LTD,3841,38,Instruments & Medical Devices,Manufacturing,
1944552,ADLAI NORTYE LTD.,2834,28,Chemicals & Pharmaceuticals,Manufacturing,NJ
1970544,PHETON HOLDINGS LTD,3845,38,Instruments & Medical Devices,Manufacturing,
2019103,SOLARIS RESOURCES INC.,1040,10,,Mining,
2033593,STELLAR V CAPITAL CORP. (CAYMAN ISLANDS),6770,67,Holding & Investment Offices,"Finance, Insurance & Real Estate",NY
1872529,MDXHEALTH SA,8071,80,Health Services,Services,
2028614,DRUGS MADE IN AMERICA ACQUISITION CORP.,6770,67,Holding & Investment Offices,"Finance, Insurance & Real Estate",FL
1827899,CROWN PROPTECH ACQUISITIONS,5072,50,Wholesale — Durable Goods,Wholesale Trade,NY
1984014,BLOOMZ INC.,7819,78,,Services,
1232384,TC ENERGY CORP,4922,49,"Electric, Gas & Sanitary Services","Transportation, Communications & Utilities",AB
1285786,EMX ROYALTY CORP,1000,10,,Mining,BC
1725964,NUTRIEN LTD.,2870,28,Chemicals & Pharmaceuticals,Manufacturing,SK
1698535,NEXGEN ENERGY LTD.,1090,10,,Mining,BC
2030772,BLACKSTONE INFRASTRUCTURE STRATEGIES L.P.,6282,62,,"Finance, Insurance & Real Estate",NY
1986247,"PARK HA BIOLOGICAL TECHNOLOGY CO., LTD.",2840,28,Chemicals & Pharmaceuticals,Manufacturing,
1581178,EUPRAXIA PHARMACEUTICALS INC.,2834,28,Chemicals & Pharmaceuticals,Manufacturing,BC
1381640,MELCO RESORTS & ENTERTAINMENT LTD,7011,70,,Services,
1713334,STUDIO CITY INTERNATIONAL HOLDINGS LTD,7011,70,,Services,
1009001,CAMECO CORP,1090,10,,Mining,SK
1723690,BILIBILI INC.,7374,73,Business Services & Software,Services,
1867729,WERIDE INC.,7373,73,Business Services & Software,Services,
1748797,BRP INC.,3790,37,Transportation Equipment,Manufacturing,QC
1342874,TERNIUM S.A.,3312,33,,Manufacturing,
1375365,"SUPER MICRO COMPUTER, INC.",3571,35,Industrial Machinery & Computer Equipment,Manufacturing,CA
1565025,AMBEV S.A.,2080,20,Food & Kindred Products,Manufacturing,
1713930,NEXA RESOURCES S.A.,1000,10,,Mining,
1071438,BRASKEM SA,2860,28,Chemicals & Pharmaceuticals,Manufacturing,
1160330,BANK BRADESCO,6022,60,Depository Institutions,"Finance, Insurance & Real Estate",
1368519,NORTH AMERICAN CONSTRUCTION GROUP LTD.,1389,13,Oil & Gas Extraction,Mining,AB
1370416,WESTPORT FUEL SYSTEMS INC.,3510,35,Industrial Machinery & Computer Equipment,Manufacturing,BC
2020385,TAVIA ACQUISITION CORP.,6770,67,Holding & Investment Offices,"Finance, Insurance & Real Estate",DE
2030482,"PLUM ACQUISITION CORP, IV",6770,67,Holding & Investment Offices,"Finance, Insurance & Real Estate",CA
887151,CAPSTONE HOLDING CORP.,5030,50,Wholesale — Durable Goods,Wholesale Trade,IL
1912954,WIDFIT INC.,7370,73,Business Services & Software,Services,
1419945,TEEKAY TANKERS LTD.,4400,44,,"Transportation, Communications & Utilities",
1013131,BUENAVENTURA MINING CO INC,1000,10,,Mining,
2032528,ROMAN DBDR ACQUISITION CORP. II,6770,67,Holding & Investment Offices,"Finance, Insurance & Real Estate",FL
1723464,BIOHARVEST SCIENCES INC.,2834,28,Chemicals & Pharmaceuticals,Manufacturing,BC
779227,MIFFLINBURG BANCORP INC,6022,60,Depository Institutions,"Finance, Insurance & Real Estate",PA
1994624,SCANTECH AI SYSTEMS INC.,3825,38,Instruments & Medical Devices,Manufacturing,NY
1321851,ORIGIN AGRITECH LTD,100,01,,"Agriculture, Forestry & Fishing",
1453015,BALLARD POWER SYSTEMS INC.,3620,36,Electronic & Electrical Equipment,Manufacturing,BC
1588084,TANTECH HOLDINGS LTD,2860,28,Chemicals & Pharmaceuticals,Manufacturing,
1114936,UMEWORLD LTD,7372,73,Business Services & Software,Services,
1499494,EASON TECHNOLOGY LTD,6199,61,,"Finance, Insurance & Real Estate",
2028516,ARCHIMEDES TECH SPAC PARTNERS II CO.,6770,67,Holding & Investment Offices,"Finance, Insurance & Real Estate",DE
1927578,NETCLASS TECHNOLOGY INC,7372,73,Business Services & Software,Services,
1906364,FG MERGER II CORP.,6770,67,Holding & Investment Offices,"Finance, Insurance & Real Estate",IL
1993463,"YSX TECH CO., LTD",7500,75,,Services,
1538847,GOLDMINING INC.,1040,10,,Mining,BC
2052959,LIONSGATE STUDIOS HOLDING CORP.,7812,78,,Services,BC
1122411,"ASE TECHNOLOGY HOLDING CO., LTD.",3674,36,Electronic & Electrical Equipment,Manufacturing,
1329099,"BAIDU, INC.",7370,73,Business Services & Software,Services,
749098,MAGNA INTERNATIONAL INC,3714,37,Transportation Equipment,Manufacturing,ON
904851,YPF SOCIEDAD ANONIMA,2911,29,,Manufacturing,
1468522,FERROVIAL SE,1600,16,,Construction,
1483934,SCORPIO TANKERS INC.,4412,44,,"Transportation, Communications & Utilities",
1968043,NEW CENTURY LOGISTICS (BVI) LTD,4731,47,,"Transportation, Communications & Utilities",
1992818,ZOOZ POWER LTD.,3590,35,Industrial Machinery & Computer Equipment,Manufacturing,
1083743,"FLUX POWER HOLDINGS, INC.",3690,36,Electronic & Electrical Equipment,Manufacturing,CA
2032260,REDHAWK ACQUISITION I CORP.,6770,67,Holding & Investment Offices,"Finance, Insurance & Real Estate",AZ
1286973,AMERICAS GOLD & SILVER CORP,1000,10,,Mining,ON
1907085,ODDITY TECH LTD,2844,28,Chemicals & Pharmaceuticals,Manufacturing,
2028177,YOULIFE GROUP INC.,8200,82,,Services,
1964946,YOUXIN TECHNOLOGY LTD,7372,73,Business Services & Software,Services,
1001601,"MGT CAPITAL INVESTMENTS, INC.",6199,61,,"Finance, Insurance & Real Estate",NC
2040290,LOGPROSTYLE INC.,1531,15,,Construction,
1991332,MKDWELL TECH INC.,3600,36,Electronic & Electrical Equipment,Manufacturing,
1500881,ENCORE ENERGY CORP.,1090,10,,Mining,TX
831489,SCORES HOLDING CO INC,7900,79,,Services,NY
1640251,WINS FINANCE HOLDINGS INC.,6199,61,,"Finance, Insurance & Real Estate",NY
1628808,PROFOUND MEDICAL CORP.,3841,38,Instruments & Medical Devices,Manufacturing,ON
2010499,DIGINEX LTD,7374,73,Business Services & Software,Services,
2029586,"BLUE LINE HOLDINGS, INC.",2086,20,Food & Kindred Products,Manufacturing,CO
2047033,"MAIUS PHARMACEUTICAL GROUP CO., LTD.",2834,28,Chemicals & Pharmaceuticals,Manufacturing,
1684688,ATLAS CRITICAL MINERALS CORP,1040,10,,Mining,
1508475,"VNET GROUP, INC.",7370,73,Business Services & Software,Services,
1073404,GERDAU S.A.,3310,33,,Manufacturing,
1889109,"BELITE BIO, INC",2834,28,Chemicals & Pharmaceuticals,Manufacturing,CA
1680056,ORLA MINING LTD.,1040,10,,Mining,BC
1954042,ZEEKR INTELLIGENT TECHNOLOGY HOLDING LTD,3711,37,Transportation Equipment,Manufacturing,
1903870,FORAFRIC GLOBAL PLC,2040,20,Food & Kindred Products,Manufacturing,
1840102,"SPECIFICITY, INC.",7311,73,Business Services & Software,Services,FL
1836470,SPORTRADAR GROUP AG,7370,73,Business Services & Software,Services,
1840616,NEW FOUND GOLD CORP.,1040,10,,Mining,BC
2020795,"WINDSTREAM PARENT, INC.",4813,48,Communications,"Transportation, Communications & Utilities",DE
1741530,"QIFU TECHNOLOGY, INC.",6199,61,,"Finance, Insurance & Real Estate",
1086434,AUDIOCODES LTD,3661,36,Electronic & Electrical Equipment,Manufacturing,
890746,VIDEOTRON LTEE,4841,48,Communications,"Transportation, Communications & Utilities",QC
2036162,WINVEST (BVI) LTD.,7389,73,Business Services & Software,Services,MA
1914818,STARBOX GROUP HOLDINGS LTD.,7310,73,Business Services & Software,Services,
931059,"RENNOVA HEALTH, INC.",8062,80,Health Services,Services,FL
925261,ANDINA BOTTLING CO INC,2086,20,Food & Kindred Products,Manufacturing,
1725123,CANGO INC.,7372,73,Business Services & Software,Services,
1717393,CORPORACION AMERICA AIRPORTS S.A.,4581,45,,"Transportation, Communications & Utilities",
1635341,SIGNATURE HOLDINGS CORP,6770,67,Holding & Investment Offices,"Finance, Insurance & Real Estate",FL
2033695,NEW MOUNTAIN NET LEASE TRUST,6798,67,Holding & Investment Offices,"Finance, Insurance & Real Estate",NY
1767582,LUCKIN COFFEE INC.,5810,58,Eating & Drinking Places,Retail Trade,
1713539,KAIXIN HOLDINGS,5500,55,,Retail Trade,
1926599,TRANSLATIONAL DEVELOPMENT ACQUISITION CORP.,6770,67,Holding & Investment Offices,"Finance, Insurance & Real Estate",NY
1702123,CARDIOL THERAPEUTICS INC.,2836,28,Chemicals & Pharmaceuticals,Manufacturing,ON
2039497,"RESOLUTE HOLDINGS MANAGEMENT, INC.",6199,61,,"Finance, Insurance & Real Estate",NY
1959726,AUTOZI INTERNET TECHNOLOGY (GLOBAL) LTD.,7500,75,,Services,
1985139,"LEISHEN ENERGY HOLDING CO., LTD.",3533,35,Industrial Machinery & Computer Equipment,Manufacturing,
2018462,PICOCELA INC.,3640,36,Electronic & Electrical Equipment,Manufacturing,
1546066,PEMBINA PIPELINE CORP,1382,13,Oil & Gas Extraction,Mining,AB
1620749,PANAMERA HOLDINGS CORP,8742,87,"Engineering, Accounting & Management Services",Services,TX
1464790,"B. RILEY FINANCIAL, INC.",6282,62,,"Finance, Insurance & Real Estate",CA
1619762,INTERNATIONAL GAME TECHNOLOGY PLC,7990,79,,Services,
1868995,CI&T INC,7371,73,Business Services & Software,Services,
1907909,VOX ROYALTY CORP.,1040,10,,Mining,CO
1009922,NXT ENERGY SOLUTIONS INC.,1382,13,Oil & Gas Extraction,Mining,AB
1094324,SIFY TECHNOLOGIES LTD,7370,73,Business Services & Software,Services,
1004156,ARAUCO & CONSTITUTION PULP INC,2611,26,,Manufacturing,
1605484,STELLANTIS N.V.,3711,37,Transportation Equipment,Manufacturing,
1378866,GO GREEN GLOBAL TECHNOLOGIES CORP.,3677,36,Electronic & Electrical Equipment,Manufacturing,CT
1614556,STAR ALLIANCE INTERNATIONAL CORP.,1040,10,,Mining,NV
1164771,NORTHERN DYNASTY MINERALS LTD,1040,10,,Mining,BC
1641229,FIRST MINING GOLD CORP.,1040,10,,Mining,BC
2030763,"WELLGISTICS HEALTH, INC.",5122,51,,Wholesale Trade,FL
1477081,KOLIBRI GLOBAL ENERGY INC.,1311,13,Oil & Gas Extraction,Mining,CA
1709628,"CLOUDASTRUCTURE, INC.",7370,73,Business Services & Software,Services,CA
2029014,MERCALOT INC.,7380,73,Business Services & Software,Services,
1625297,INDIVIOR PLC,2834,28,Chemicals & Pharmaceuticals,Manufacturing,
929869,RELX PLC,7389,73,Business Services & Software,Services,
2032379,WILLOW LANE ACQUISITION CORP.,6770,67,Holding & Investment Offices,"Finance, Insurance & Real Estate",NY
1941500,MULTI WAYS HOLDINGS LTD,3990,39,,Manufacturing,
2032545,CALLAN JMB INC.,7389,73,Business Services & Software,Services,TX
1847409,HIGH TIDE INC.,5990,59,Miscellaneous Retail,Retail Trade,AB
353278,NOVO NORDISK A S,2834,28,Chemicals & Pharmaceuticals,Manufacturing,
1979610,WF INTERNATIONAL LTD.,1700,17,,Construction,
2030954,"TEN HOLDINGS, INC.",7389,73,Business Services & Software,Services,PA
1706524,"URBAN-GRO, INC.",5080,50,Wholesale — Durable Goods,Wholesale Trade,CO
1227282,STRATA POWER CORP,1311,13,Oil & Gas Extraction,Mining,AB
1683825,TRIVAGO N.V.,7374,73,Business Services & Software,Services,
311337,SUNCOR ENERGY INC,2911,29,,Manufacturing,AB
1712356,HYDRO ONE LTD,4911,49,"Electric, Gas & Sanitary Services","Transportation, Communications & Utilities",ON
1692780,MIDNIGHT GAMING CORP,4841,48,Communications,"Transportation, Communications & Utilities",IL
1402388,"WEST FRASER TIMBER CO., LTD",2421,24,,Manufacturing,BC
1825155,TELUS INTERNATIONAL (CDA) INC.,7374,73,Business Services & Software,Services,BC
1848731,GLASS HOUSE BRANDS INC.,2833,28,Chemicals & Pharmaceuticals,Manufacturing,CA
1714174,BURFORD CAPITAL LTD,6199,61,,"Finance, Insurance & Real Estate",
1776985,BIONTECH SE,2836,28,Chemicals & Pharmaceuticals,Manufacturing,
1594805,SHOPIFY INC.,7372,73,Business Services & Software,Services,ON
1648416,FERRARI N.V.,3711,37,Transportation Equipment,Manufacturing,
1851112,RISKIFIED LTD.,7389,73,Business Services & Software,Services,NY
1629205,INNOVATION1 BIOTECH INC.,2834,28,Chemicals & Pharmaceuticals,Manufacturing,NJ
1434614,SANDSTORM GOLD LTD,1040,10,,Mining,BC
1756770,"CURALEAF HOLDINGS, INC.",2833,28,Chemicals & Pharmaceuticals,Manufacturing,NY
1653242,BANK OF N.T. BUTTERFIELD & SON LTD,6029,60,Depository Institutions,"Finance, Insurance & Real Estate",
1726122,SPROTT PHYSICAL GOLD & SILVER TRUST,6221,62,,"Finance, Insurance & Real Estate",ON
1539190,SPROTT PHYSICAL PLATINUM & PALLADIUM TRUST,6221,62,,"Finance, Insurance & Real Estate",ON
1494728,SPROTT PHYSICAL SILVER TRUST,6221,62,,"Finance, Insurance & Real Estate",ON
1477049,SPROTT PHYSICAL GOLD TRUST,6221,62,,"Finance, Insurance & Real Estate",ON
2000530,GAMEHAUS HOLDINGS INC.,7374,73,Business Services & Software,Services,
1832928,CRESCO LABS INC.,2833,28,Chemicals & Pharmaceuticals,Manufacturing,IL
1512920,SPROTT INC.,6199,61,,"Finance, Insurance & Real Estate",ON
1293135,VERMILION ENERGY INC.,1311,13,Oil & Gas Extraction,Mining,AB
2021938,SUNRISE COMMUNICATIONS AG,4841,48,Communications,"Transportation, Communications & Utilities",
2023554,SANDISK CORP,3572,35,Industrial Machinery & Computer Equipment,Manufacturing,CA
2038118,"FIRSTENERGY TRANSMISSION, LLC",4911,49,"Electric, Gas & Sanitary Services","Transportation, Communications & Utilities",WV
1564538,GRANITE REAL ESTATE INVESTMENT TRUST,6798,67,Holding & Investment Offices,"Finance, Insurance & Real Estate",ON
1835268,CONNECT BIOPHARMA HOLDINGS LTD,2834,28,Chemicals & Pharmaceuticals,Manufacturing,CA
1886190,GOGORO INC.,3711,37,Transportation Equipment,Manufacturing,
845982,SMITH & NEPHEW PLC,3842,38,Instruments & Medical Devices,Manufacturing,
1545851,VEREN INC.,1311,13,Oil & Gas Extraction,Mining,AB
1842731,SIMILARWEB LTD.,7370,73,Business Services & Software,Services,
1066119,TELEFONICA BRASIL S.A.,4813,48,Communications,"Transportation, Communications & Utilities",
1956827,ABIVAX S.A.,2834,28,Chemicals & Pharmaceuticals,Manufacturing,
1957132,"SHARKNINJA, INC.",3630,36,Electronic & Electrical Equipment,Manufacturing,MA
1557860,GLOBANT S.A.,7374,73,Business Services & Software,Services,
2011954,TWIN HOSPITALITY GROUP INC.,5812,58,Eating & Drinking Places,Retail Trade,TX
1421876,GALAPAGOS NV,2834,28,Chemicals & Pharmaceuticals,Manufacturing,
1041934,EDAP TMS SA,3845,38,Instruments & Medical Devices,Manufacturing,
1997464,MAREX GROUP PLC,6200,62,,"Finance, Insurance & Real Estate",
1341335,FORTUNA MINING CORP.,1040,10,,Mining,BC
1840748,LAVA THERAPEUTICS NV,2834,28,Chemicals & Pharmaceuticals,Manufacturing,
1431852,OSISKO DEVELOPMENT CORP.,1040,10,,Mining,QC
1649752,NOUVEAU MONDE GRAPHITE INC.,1090,10,,Mining,QC
1962738,"CASI PHARMACEUTICALS, INC.",2834,28,Chemicals & Pharmaceuticals,Manufacturing,
1867834,BRAGG GAMING GROUP INC.,7377,73,Business Services & Software,Services,ON
1713748,SKEENA RESOURCES LTD,1040,10,,Mining,BC
2019061,SOUTH BOW CORP,4610,46,,"Transportation, Communications & Utilities",
1853860,ERO COPPER CORP.,1000,10,,Mining,BC
886977,METHANEX CORP,2860,28,Chemicals & Pharmaceuticals,Manufacturing,BC
1434754,"SAFE BULKERS, INC.",4412,44,,"Transportation, Communications & Utilities",
1964504,ARIS MINING CORP,1040,10,,Mining,BC
1047716,LATAM AIRLINES GROUP S.A.,4512,45,,"Transportation, Communications & Utilities",
1308106,SEAPEAK LLC,4400,44,,"Transportation, Communications & Utilities",
1794846,ATLAS CORP.,4412,44,,"Transportation, Communications & Utilities",BC
1756607,EQUINOX GOLD CORP.,1040,10,,Mining,BC
1027664,ELBIT SYSTEMS LTD,3728,37,Transportation Equipment,Manufacturing,
1576789,WIX.COM LTD.,7370,73,Business Services & Software,Services,
1336706,NORTHPOINTE BANCSHARES INC,6022,60,Depository Institutions,"Finance, Insurance & Real Estate",MI
1639920,SPOTIFY TECHNOLOGY S.A.,4832,48,Communications,"Transportation, Communications & Utilities",
